{
  "iteration": 6,
  "objective": 123219268.00158729,
  "solve_time": 34.34126806259155,
  "q": {
    "1,3": 1.6826753356942497,
    "2,14": 1.40422466430575,
    "3,4": 1.3759753356942497,
    "4,5": 0.1649163509844566,
    "4,9": 1.1360589847097933,
    "5,6": 0.056616350984456575,
    "6,7": -0.003981896771218099,
    "6,10": -0.009401752244325328,
    "7,8": -0.0556818967712181,
    "8,13": 0.24058244212910887,
    "8,14": -0.399564338900327,
    "9,10": 0.7314258279245888,
    "9,15": 0.26293315678520435,
    "10,11": 0.37082982183514557,
    "10,19": 0.15949425384511792,
    "11,12": 0.23412982183514558,
    "12,13": 0.007429821835145575,
    "13,16": 0.0005908511451559282,
    "13,20": 0.0007214128190984951,
    "14,17": 0.8279603254054232,
    "15,18": 0.0879331567852044,
    "16,21": -0.14940914885484405,
    "17,21": 0.61740350761803,
    "17,22": 0.09725681778739319,
    "18,23": 0.0312331567852044,
    "19,20": 0.007058406148886049,
    "19,24": 0.07573584769623187,
    "20,21": -0.23106744188959907,
    "20,25": 0.06214726085758364,
    "21,26": 0.026926916873586892,
    "22,26": 0.007256817787393195,
    "23,24": -0.002066843214795603,
    "24,25": -0.0013309955185637253,
    "25,26": 0.002516265339019916
  },
  "h": {
    "1": 100,
    "2": 95,
    "3": 98.29527561318338,
    "4": 95.0853047910385,
    "5": 87.89031450152882,
    "6": 85.00000000000162,
    "7": 85.77706721875406,
    "8": 88.9421648121884,
    "9": 91.18781027840778,
    "10": 88.29676231491808,
    "11": 86.42336212432811,
    "12": 85.0000000000009,
    "13": 82.01540802556879,
    "14": 94.1464043718058,
    "15": 87.03011021000864,
    "16": 82.00000000000118,
    "17": 90.71705718890598,
    "18": 85.00000000000122,
    "19": 83.62019566861663,
    "20": 82.00000000000549,
    "21": 86.27121385562761,
    "22": 84.73764218260663,
    "23": 80.00000000000348,
    "24": 80.1666143154276,
    "25": 80.27061492724414,
    "26": 80.00000000000085
  },
  "l": {
    "1,3,13": 299.9999999956462,
    "3,4,13": 819.9999999985213,
    "4,5,5": 939.9999999837139,
    "5,6,3": 392.3180127775838,
    "5,6,4": 337.68198721983924,
    "6,7,1": 1619.9999999966744,
    "7,8,3": 599.9999999927591,
    "4,9,12": 799.9999999970288,
    "6,10,1": 1399.999999996489,
    "8,13,6": 457.09524303333967,
    "8,13,7": 717.9047569644242,
    "8,14,8": 749.9999999972396,
    "2,14,13": 209.9999999981047,
    "9,10,10": 699.9999999964278,
    "10,11,8": 309.9999999945408,
    "11,12,7": 77.529051309416,
    "11,12,8": 422.47094868902934,
    "12,13,1": 1959.9999999968527,
    "9,15,7": 597.4831358430183,
    "9,15,8": 302.51686415542724,
    "15,18,5": 849.999999994723,
    "10,19,5": 649.999999994672,
    "13,20,1": 759.9999999967907,
    "13,16,1": 1099.9999999967893,
    "14,17,10": 659.9999998709405,
    "19,20,1": 1169.9999999968036,
    "20,21,6": 46.524053866533905,
    "20,21,7": 933.4759461312303,
    "16,21,5": 669.9999999990722,
    "17,21,9": 351.67386390655645,
    "17,21,10": 728.3261360918984,
    "18,23,1": 59.77151959169706,
    "18,23,2": 690.2284804057427,
    "19,24,4": 899.9999999880822,
    "20,25,4": 649.9999999946804,
    "21,26,2": 1539.9999999527631,
    "17,22,3": 175.20570602793018,
    "17,22,4": 554.7942939694929,
    "23,24,1": 1169.999999996742,
    "24,25,1": 1649.9999999968013,
    "25,26,1": 1319.999999996562,
    "22,26,1": 3249.999999996376
  },
  "D": {
    "1": 0,
    "2": 0,
    "3": 0.3067,
    "4": 0.075,
    "5": 0.1083,
    "6": 0.07,
    "7": 0.0517,
    "8": 0.1033,
    "9": 0.1417,
    "10": 0.1917,
    "11": 0.1367,
    "12": 0.2267,
    "13": 0.2467,
    "14": 0.1767,
    "15": 0.175,
    "16": 0.15,
    "17": 0.1133,
    "18": 0.0567,
    "19": 0.0767,
    "20": 0.1767,
    "21": 0.21,
    "22": 0.09,
    "23": 0.0333,
    "24": 0.075,
    "25": 0.0583,
    "26": 0.0367
  },
  "Diameters": {
    "1": 0.15,
    "2": 0.2,
    "3": 0.25,
    "4": 0.3,
    "5": 0.35,
    "6": 0.4,
    "7": 0.45,
    "8": 0.5,
    "9": 0.6,
    "10": 0.7,
    "11": 0.75,
    "12": 0.8,
    "13": 0.9,
    "14": 1
  },
  "L": {
    "1,3": 300,
    "2,14": 210,
    "3,4": 820,
    "4,5": 940,
    "4,9": 800,
    "5,6": 730,
    "6,7": 1620,
    "6,10": 1400,
    "7,8": 600,
    "8,13": 1175,
    "8,14": 750,
    "9,10": 700,
    "9,15": 900,
    "10,11": 310,
    "10,19": 650,
    "11,12": 500,
    "12,13": 1960,
    "13,16": 1100,
    "13,20": 760,
    "14,17": 660,
    "15,18": 850,
    "16,21": 670,
    "17,21": 1080,
    "17,22": 730,
    "18,23": 750,
    "19,20": 1170,
    "19,24": 900,
    "20,21": 980,
    "20,25": 650,
    "21,26": 1540,
    "22,26": 3250,
    "23,24": 1170,
    "24,25": 1650,
    "25,26": 1320
  },
  "C": {
    "1": 1115,
    "2": 1600,
    "3": 2154,
    "4": 2780,
    "5": 3475,
    "6": 4255,
    "7": 5172,
    "8": 6092,
    "9": 8189,
    "10": 10670,
    "11": 11874,
    "12": 13261,
    "13": 16151,
    "14": 19395
  },
  "hmin": {
    "1": 100,
    "2": 95,
    "3": 85,
    "4": 85,
    "5": 85,
    "6": 85,
    "7": 85,
    "8": 82,
    "9": 85,
    "10": 85,
    "11": 85,
    "12": 85,
    "13": 82,
    "14": 82,
    "15": 82,
    "16": 82,
    "17": 82,
    "18": 85,
    "19": 82,
    "20": 82,
    "21": 82,
    "22": 80,
    "23": 80,
    "24": 80,
    "25": 80,
    "26": 80
  },
  "nodes": [
    1,
    2,
    3,
    4,
    5,
    6,
    7,
    8,
    9,
    10,
    11,
    12,
    13,
    14,
    15,
    16,
    17,
    18,
    19,
    20,
    21,
    22,
    23,
    24,
    25,
    26
  ],
  "arcs": [
    [
      1,
      3
    ],
    [
      3,
      4
    ],
    [
      4,
      5
    ],
    [
      5,
      6
    ],
    [
      6,
      7
    ],
    [
      7,
      8
    ],
    [
      4,
      9
    ],
    [
      6,
      10
    ],
    [
      8,
      13
    ],
    [
      8,
      14
    ],
    [
      2,
      14
    ],
    [
      9,
      10
    ],
    [
      10,
      11
    ],
    [
      11,
      12
    ],
    [
      12,
      13
    ],
    [
      9,
      15
    ],
    [
      15,
      18
    ],
    [
      10,
      19
    ],
    [
      13,
      20
    ],
    [
      13,
      16
    ],
    [
      14,
      17
    ],
    [
      19,
      20
    ],
    [
      20,
      21
    ],
    [
      16,
      21
    ],
    [
      17,
      21
    ],
    [
      18,
      23
    ],
    [
      19,
      24
    ],
    [
      20,
      25
    ],
    [
      21,
      26
    ],
    [
      17,
      22
    ],
    [
      23,
      24
    ],
    [
      24,
      25
    ],
    [
      25,
      26
    ],
    [
      22,
      26
    ]
  ],
  "source": [
    1,
    2
  ]
}