{
  "iteration": 2,
  "objective": 123254864.76835662,
  "solve_time": 13.043125867843628,
  "q": {
    "1,3": 1.6845623552685114,
    "2,14": 1.4023376447314886,
    "3,4": 1.3778623552685114,
    "4,5": 0.16496980449585044,
    "4,9": 1.1378925507726612,
    "5,6": 0.05666980449585044,
    "6,7": -0.003971470324917399,
    "6,10": -0.009358725179232169,
    "7,8": -0.0556714703249174,
    "8,13": 0.24088239267567463,
    "8,14": -0.39985386300059206,
    "9,10": 0.7320447166673442,
    "9,15": 0.2641478341053169,
    "10,11": 0.3708205277718332,
    "10,19": 0.16016546371627877,
    "11,12": 0.23412052777183323,
    "12,13": 0.007420527771833216,
    "13,16": 0.0007217201780623058,
    "13,20": 0.0008812002694455363,
    "14,17": 0.8257837817308965,
    "15,18": 0.08914783410531689,
    "16,21": -0.1492782798219377,
    "17,21": 0.6196750257587865,
    "17,22": 0.09280875597210998,
    "18,23": 0.032447834105316896,
    "19,20": 0.006905499328729464,
    "19,24": 0.07655996438754929,
    "20,21": -0.22650550190895882,
    "20,25": 0.05759220150713381,
    "21,26": 0.033891244027890004,
    "22,26": 0.002808755972109996,
    "23,24": -0.0008521658946831062,
    "24,25": 0.0007077984928661826,
    "25,26": 0.0
  },
  "h": {
    "1": 100,
    "2": 95,
    "3": 98.29173385750252,
    "4": 95.07360579077624,
    "5": 87.87429590535525,
    "6": 84.99999915000161,
    "7": 85.77330226917482,
    "8": 88.93730233412992,
    "9": 91.16445360597261,
    "10": 88.26887369266358,
    "11": 86.39556048662442,
    "12": 84.99999915000089,
    "13": 82.02231786947551,
    "14": 94.148527888082,
    "15": 87.08235081702784,
    "16": 81.99999918000127,
    "17": 90.73585805338602,
    "18": 84.99999915000122,
    "19": 83.55579307505317,
    "20": 81.9999991800018,
    "21": 85.9703448448625,
    "22": 80.8167850486917,
    "23": 79.99999920000249,
    "24": 80.0322910915096,
    "25": 79.99999920000255,
    "26": 79.99999920000255
  },
  "l": {
    "1,3,13": 300.0000001270573,
    "3,4,13": 820.0000001289087,
    "4,5,5": 940.0000001203748,
    "5,6,3": 385.74712941693093,
    "5,6,4": 344.25287070049217,
    "6,7,1": 1620.0000001273127,
    "7,8,3": 600.0000001246074,
    "4,9,12": 800.0000001277461,
    "6,10,1": 1400.0000001271928,
    "8,13,6": 449.19854192863966,
    "8,13,7": 725.8014581891244,
    "8,14,8": 750.000000127786,
    "2,14,13": 210.0000001285961,
    "9,10,10": 700.0000001273062,
    "10,11,8": 310.00000012642306,
    "11,12,7": 61.508416332473296,
    "11,12,8": 438.4915837859721,
    "12,13,1": 1960.0000001274361,
    "9,15,7": 546.0242623090281,
    "9,15,8": 353.97573780941747,
    "15,18,5": 850.0000001258485,
    "10,19,5": 650.0000001257505,
    "13,20,1": 760.0000001273877,
    "13,16,1": 1100.0000001273904,
    "14,17,10": 660.0000001009017,
    "19,20,1": 1170.0000001273984,
    "20,21,7": 980.000000124394,
    "16,21,5": 573.4032570154451,
    "16,21,6": 96.59674310228776,
    "17,21,9": 436.81718209004373,
    "17,21,10": 643.1828180284107,
    "18,23,1": 38.96904885747605,
    "18,23,2": 711.0309512599637,
    "19,24,4": 900.0000001251559,
    "20,25,3": 150.70746391039637,
    "20,25,4": 499.2925362070268,
    "21,26,2": 661.0316947625062,
    "21,26,3": 878.9683053548822,
    "17,22,3": 730.0000001147765,
    "23,24,1": 1170.0000001273854,
    "24,25,1": 1650.000000127397,
    "25,26,1": 1320.000000127396,
    "22,26,1": 3250.000000127352
  },
  "D": {
    "1": 0,
    "2": 0,
    "3": 0.3067,
    "4": 0.075,
    "5": 0.1083,
    "6": 0.07,
    "7": 0.0517,
    "8": 0.1033,
    "9": 0.1417,
    "10": 0.1917,
    "11": 0.1367,
    "12": 0.2267,
    "13": 0.2467,
    "14": 0.1767,
    "15": 0.175,
    "16": 0.15,
    "17": 0.1133,
    "18": 0.0567,
    "19": 0.0767,
    "20": 0.1767,
    "21": 0.21,
    "22": 0.09,
    "23": 0.0333,
    "24": 0.075,
    "25": 0.0583,
    "26": 0.0367
  },
  "Diameters": {
    "1": 0.15,
    "2": 0.2,
    "3": 0.25,
    "4": 0.3,
    "5": 0.35,
    "6": 0.4,
    "7": 0.45,
    "8": 0.5,
    "9": 0.6,
    "10": 0.7,
    "11": 0.75,
    "12": 0.8,
    "13": 0.9,
    "14": 1
  },
  "L": {
    "1,3": 300,
    "2,14": 210,
    "3,4": 820,
    "4,5": 940,
    "4,9": 800,
    "5,6": 730,
    "6,7": 1620,
    "6,10": 1400,
    "7,8": 600,
    "8,13": 1175,
    "8,14": 750,
    "9,10": 700,
    "9,15": 900,
    "10,11": 310,
    "10,19": 650,
    "11,12": 500,
    "12,13": 1960,
    "13,16": 1100,
    "13,20": 760,
    "14,17": 660,
    "15,18": 850,
    "16,21": 670,
    "17,21": 1080,
    "17,22": 730,
    "18,23": 750,
    "19,20": 1170,
    "19,24": 900,
    "20,21": 980,
    "20,25": 650,
    "21,26": 1540,
    "22,26": 3250,
    "23,24": 1170,
    "24,25": 1650,
    "25,26": 1320
  },
  "C": {
    "1": 1115,
    "2": 1600,
    "3": 2154,
    "4": 2780,
    "5": 3475,
    "6": 4255,
    "7": 5172,
    "8": 6092,
    "9": 8189,
    "10": 10670,
    "11": 11874,
    "12": 13261,
    "13": 16151,
    "14": 19395
  },
  "hmin": {
    "1": 100,
    "2": 95,
    "3": 85,
    "4": 85,
    "5": 85,
    "6": 85,
    "7": 85,
    "8": 82,
    "9": 85,
    "10": 85,
    "11": 85,
    "12": 85,
    "13": 82,
    "14": 82,
    "15": 82,
    "16": 82,
    "17": 82,
    "18": 85,
    "19": 82,
    "20": 82,
    "21": 82,
    "22": 80,
    "23": 80,
    "24": 80,
    "25": 80,
    "26": 80
  },
  "nodes": [
    1,
    2,
    3,
    4,
    5,
    6,
    7,
    8,
    9,
    10,
    11,
    12,
    13,
    14,
    15,
    16,
    17,
    18,
    19,
    20,
    21,
    22,
    23,
    24,
    25,
    26
  ],
  "arcs": [
    [
      1,
      3
    ],
    [
      3,
      4
    ],
    [
      4,
      5
    ],
    [
      5,
      6
    ],
    [
      6,
      7
    ],
    [
      7,
      8
    ],
    [
      4,
      9
    ],
    [
      6,
      10
    ],
    [
      8,
      13
    ],
    [
      8,
      14
    ],
    [
      2,
      14
    ],
    [
      9,
      10
    ],
    [
      10,
      11
    ],
    [
      11,
      12
    ],
    [
      12,
      13
    ],
    [
      9,
      15
    ],
    [
      15,
      18
    ],
    [
      10,
      19
    ],
    [
      13,
      20
    ],
    [
      13,
      16
    ],
    [
      14,
      17
    ],
    [
      19,
      20
    ],
    [
      20,
      21
    ],
    [
      16,
      21
    ],
    [
      17,
      21
    ],
    [
      18,
      23
    ],
    [
      19,
      24
    ],
    [
      20,
      25
    ],
    [
      21,
      26
    ],
    [
      17,
      22
    ],
    [
      23,
      24
    ],
    [
      24,
      25
    ],
    [
      25,
      26
    ],
    [
      22,
      26
    ]
  ],
  "source": [
    1,
    2
  ]
}