{
  "iteration": 3,
  "objective": 123222032.34831569,
  "solve_time": 18.429271936416626,
  "q": {
    "1,3": 1.6826346357428608,
    "2,14": 1.4042653642571392,
    "3,4": 1.3759346357428608,
    "4,5": 0.16485545235823315,
    "4,9": 1.1360791833846275,
    "5,6": 0.05655545235823316,
    "6,7": -0.004042828684397801,
    "6,10": -0.009401718957369043,
    "7,8": -0.055742828684397804,
    "8,13": 0.23933322637607993,
    "8,14": -0.39837605506047774,
    "9,10": 0.7314459771310672,
    "9,15": 0.2629332062535604,
    "10,11": 0.37085012853614385,
    "10,19": 0.15949412963755427,
    "11,12": 0.2341501285361439,
    "12,13": 0.007450128536143871,
    "13,16": 0.0,
    "13,20": 8.33549122238028e-05,
    "14,17": 0.8291893091966616,
    "15,18": 0.08793320625356042,
    "16,21": -0.15,
    "17,21": 0.6185987499546721,
    "17,22": 0.09729055924198944,
    "18,23": 0.031233206253560422,
    "19,20": 0.0070583711068446554,
    "19,24": 0.07573575853070962,
    "20,21": -0.23170556629852734,
    "20,25": 0.06214729231759581,
    "21,26": 0.026893183656144726,
    "22,26": 0.007290559241989441,
    "23,24": -0.0020667937464395806,
    "24,25": -0.0013310352157299738,
    "25,26": 0.002516257101865835
  },
  "h": {
    "1": 100,
    "2": 95,
    "3": 98.29535246511418,
    "4": 95.08555782051454,
    "5": 87.89548732747724,
    "6": 84.99999915000161,
    "7": 85.7992316958979,
    "8": 88.97074672118909,
    "9": 91.18793520673844,
    "10": 88.29673984832438,
    "11": 86.42314968977715,
    "12": 84.99999915000089,
    "13": 82.00028228563966,
    "14": 94.14635890135014,
    "15": 87.0301114733965,
    "16": 82.00028228563966,
    "17": 90.70757855112052,
    "18": 84.99999915000122,
    "19": 83.62017995208,
    "20": 81.99999918000097,
    "21": 86.25667079689305,
    "22": 84.7785184753415,
    "23": 79.99999920000347,
    "24": 80.16660613013423,
    "25": 80.27061248663165,
    "26": 79.99999920000084
  },
  "l": {
    "1,3,13": 300.0000001275995,
    "3,4,13": 820.0000001288884,
    "4,5,5": 940.0000001201669,
    "5,6,3": 395.7384447930212,
    "5,6,4": 334.26155532440185,
    "6,7,1": 1620.000000127311,
    "7,8,3": 600.0000001245475,
    "4,9,12": 800.0000001278003,
    "6,10,1": 1400.0000001271858,
    "8,13,6": 488.7947030251886,
    "8,13,7": 686.2052970925755,
    "8,14,8": 750.0000001277868,
    "2,14,13": 210.0000001286175,
    "9,10,10": 700.0000001273334,
    "10,11,8": 310.0000001264249,
    "11,12,7": 77.27447237527633,
    "11,12,8": 422.72552774316915,
    "12,13,1": 1960.0000001274334,
    "9,15,7": 597.540164341062,
    "9,15,8": 302.45983577738343,
    "15,18,5": 850.0000001258585,
    "10,19,5": 650.0000001257762,
    "13,20,1": 760.0000001273959,
    "13,16,1": 1100.0000001273968,
    "14,17,10": 660.0000000589041,
    "19,20,1": 1170.0000001274016,
    "20,21,6": 35.39917616150436,
    "20,21,7": 944.6008239562595,
    "16,21,5": 654.9655813328823,
    "16,21,6": 15.034418784850535,
    "17,21,9": 348.45930973717446,
    "17,21,10": 731.5406903812803,
    "18,23,1": 59.77062207802214,
    "18,23,2": 690.2293780394176,
    "19,24,4": 900.0000001221763,
    "20,25,4": 650.0000001257748,
    "21,26,2": 1540.0000001034134,
    "17,22,3": 168.99467670108868,
    "17,22,4": 561.0053234163342,
    "23,24,1": 1170.0000001273586,
    "24,25,1": 1650.0000001273993,
    "25,26,1": 1320.0000001272356,
    "22,26,1": 3250.00000012711
  },
  "D": {
    "1": 0,
    "2": 0,
    "3": 0.3067,
    "4": 0.075,
    "5": 0.1083,
    "6": 0.07,
    "7": 0.0517,
    "8": 0.1033,
    "9": 0.1417,
    "10": 0.1917,
    "11": 0.1367,
    "12": 0.2267,
    "13": 0.2467,
    "14": 0.1767,
    "15": 0.175,
    "16": 0.15,
    "17": 0.1133,
    "18": 0.0567,
    "19": 0.0767,
    "20": 0.1767,
    "21": 0.21,
    "22": 0.09,
    "23": 0.0333,
    "24": 0.075,
    "25": 0.0583,
    "26": 0.0367
  },
  "Diameters": {
    "1": 0.15,
    "2": 0.2,
    "3": 0.25,
    "4": 0.3,
    "5": 0.35,
    "6": 0.4,
    "7": 0.45,
    "8": 0.5,
    "9": 0.6,
    "10": 0.7,
    "11": 0.75,
    "12": 0.8,
    "13": 0.9,
    "14": 1
  },
  "L": {
    "1,3": 300,
    "2,14": 210,
    "3,4": 820,
    "4,5": 940,
    "4,9": 800,
    "5,6": 730,
    "6,7": 1620,
    "6,10": 1400,
    "7,8": 600,
    "8,13": 1175,
    "8,14": 750,
    "9,10": 700,
    "9,15": 900,
    "10,11": 310,
    "10,19": 650,
    "11,12": 500,
    "12,13": 1960,
    "13,16": 1100,
    "13,20": 760,
    "14,17": 660,
    "15,18": 850,
    "16,21": 670,
    "17,21": 1080,
    "17,22": 730,
    "18,23": 750,
    "19,20": 1170,
    "19,24": 900,
    "20,21": 980,
    "20,25": 650,
    "21,26": 1540,
    "22,26": 3250,
    "23,24": 1170,
    "24,25": 1650,
    "25,26": 1320
  },
  "C": {
    "1": 1115,
    "2": 1600,
    "3": 2154,
    "4": 2780,
    "5": 3475,
    "6": 4255,
    "7": 5172,
    "8": 6092,
    "9": 8189,
    "10": 10670,
    "11": 11874,
    "12": 13261,
    "13": 16151,
    "14": 19395
  },
  "hmin": {
    "1": 100,
    "2": 95,
    "3": 85,
    "4": 85,
    "5": 85,
    "6": 85,
    "7": 85,
    "8": 82,
    "9": 85,
    "10": 85,
    "11": 85,
    "12": 85,
    "13": 82,
    "14": 82,
    "15": 82,
    "16": 82,
    "17": 82,
    "18": 85,
    "19": 82,
    "20": 82,
    "21": 82,
    "22": 80,
    "23": 80,
    "24": 80,
    "25": 80,
    "26": 80
  },
  "nodes": [
    1,
    2,
    3,
    4,
    5,
    6,
    7,
    8,
    9,
    10,
    11,
    12,
    13,
    14,
    15,
    16,
    17,
    18,
    19,
    20,
    21,
    22,
    23,
    24,
    25,
    26
  ],
  "arcs": [
    [
      1,
      3
    ],
    [
      3,
      4
    ],
    [
      4,
      5
    ],
    [
      5,
      6
    ],
    [
      6,
      7
    ],
    [
      7,
      8
    ],
    [
      4,
      9
    ],
    [
      6,
      10
    ],
    [
      8,
      13
    ],
    [
      8,
      14
    ],
    [
      2,
      14
    ],
    [
      9,
      10
    ],
    [
      10,
      11
    ],
    [
      11,
      12
    ],
    [
      12,
      13
    ],
    [
      9,
      15
    ],
    [
      15,
      18
    ],
    [
      10,
      19
    ],
    [
      13,
      20
    ],
    [
      13,
      16
    ],
    [
      14,
      17
    ],
    [
      19,
      20
    ],
    [
      20,
      21
    ],
    [
      16,
      21
    ],
    [
      17,
      21
    ],
    [
      18,
      23
    ],
    [
      19,
      24
    ],
    [
      20,
      25
    ],
    [
      21,
      26
    ],
    [
      17,
      22
    ],
    [
      23,
      24
    ],
    [
      24,
      25
    ],
    [
      25,
      26
    ],
    [
      22,
      26
    ]
  ],
  "source": [
    1,
    2
  ]
}