{
  "iteration": 3,
  "objective": 123237353.47961205,
  "solve_time": 9.79665207862854,
  "q": {
    "1,3": 1.6822773123649923,
    "2,14": 1.4046226876350074,
    "3,4": 1.3755773123649924,
    "4,5": 0.16488427536210637,
    "4,9": 1.1356930370028862,
    "5,6": 0.05658427536210637,
    "6,7": -0.003979262697705841,
    "6,10": -0.00943646194018779,
    "7,8": -0.055679262697705845,
    "8,13": 0.2406174984452574,
    "8,14": -0.3995967611429633,
    "9,10": 0.7289930460028524,
    "9,15": 0.26499999100003374,
    "10,11": 0.3708288154907984,
    "10,19": 0.15702776857186626,
    "11,12": 0.23412881549079842,
    "12,13": 0.0074288154907984055,
    "13,16": 0.0006061822563785969,
    "13,20": 0.0007401316796771995,
    "14,17": 0.8283259264920441,
    "15,18": 0.08999999100003375,
    "16,21": -0.1493938177436214,
    "17,21": 0.6202823021087033,
    "17,22": 0.09474362438334082,
    "18,23": 0.03329999100003375,
    "19,20": 0.007416768865418087,
    "19,24": 0.07291099970644818,
    "20,21": -0.2312886095559075,
    "20,25": 0.06274551010100281,
    "21,26": 0.029599874809174444,
    "22,26": 0.0047436243833408245,
    "23,24": -8.999966249464547e-09,
    "24,25": -0.002089009293518073,
    "25,26": 0.002356500807484734
  },
  "h": {
    "1": 100,
    "2": 95,
    "3": 98.29602282543162,
    "4": 95.08777177784809,
    "5": 87.89537296708151,
    "6": 84.99999915000161,
    "7": 85.77611463591258,
    "8": 88.94093493924474,
    "9": 91.19260229846849,
    "10": 88.31933777643404,
    "11": 86.44594703088542,
    "12": 84.99999915000089,
    "13": 82.01615580878774,
    "14": 94.14595657809774,
    "15": 87.11936497643428,
    "16": 81.99999918000121,
    "17": 90.71380453178547,
    "18": 84.99999915000122,
    "19": 83.77582541935023,
    "20": 81.9999991800028,
    "21": 86.12701492263179,
    "22": 82.15583918446987,
    "23": 79.9999992000067,
    "24": 79.99999920000673,
    "25": 80.23965636227476,
    "26": 79.99999920000101
  },
  "l": {
    "1,3,13": 300.00000001796417,
    "3,4,13": 820.0000000191395,
    "4,5,5": 940.000000011897,
    "5,6,3": 394.8479712613315,
    "5,6,4": 335.15202874762076,
    "6,7,1": 1620.000000008942,
    "7,8,3": 600.0000000161417,
    "4,9,12": 800.0000000182821,
    "6,10,1": 1400.0000000088535,
    "8,13,6": 455.9992545355586,
    "8,13,7": 719.0007454733488,
    "8,14,8": 750.000000018567,
    "2,14,13": 210.00000001894583,
    "9,10,10": 700.0000000180639,
    "10,11,8": 310.00000001722907,
    "11,12,7": 90.5993279536672,
    "11,12,8": 409.40067205595597,
    "12,13,1": 1960.0000000090229,
    "9,15,7": 530.7168735005775,
    "9,15,8": 369.2831265090455,
    "15,18,5": 850.0000000172341,
    "10,19,5": 650.0000000168832,
    "13,20,1": 760.0000000089943,
    "13,16,1": 1100.0000000089944,
    "14,17,10": 659.9999999708562,
    "19,20,1": 1170.0000000089951,
    "20,21,7": 980.0000000111492,
    "16,21,5": 622.9470789201513,
    "16,21,6": 47.052921088957525,
    "17,21,9": 381.77637116340776,
    "17,21,10": 698.2236288457411,
    "18,23,1": 25.650528604576884,
    "18,23,2": 724.3494714043405,
    "19,24,3": 108.90885953572322,
    "19,24,4": 791.0911404732291,
    "20,25,4": 650.0000000168504,
    "21,26,2": 1121.5214541212315,
    "21,26,3": 418.47854588771213,
    "17,22,3": 519.6536761035687,
    "17,22,4": 210.34632390611478,
    "23,24,1": 1170.0000000089976,
    "24,25,1": 1650.0000000089985,
    "25,26,1": 1320.000000008927,
    "22,26,1": 3250.0000000089135
  },
  "D": {
    "1": 0,
    "2": 0,
    "3": 0.3067,
    "4": 0.075,
    "5": 0.1083,
    "6": 0.07,
    "7": 0.0517,
    "8": 0.1033,
    "9": 0.1417,
    "10": 0.1917,
    "11": 0.1367,
    "12": 0.2267,
    "13": 0.2467,
    "14": 0.1767,
    "15": 0.175,
    "16": 0.15,
    "17": 0.1133,
    "18": 0.0567,
    "19": 0.0767,
    "20": 0.1767,
    "21": 0.21,
    "22": 0.09,
    "23": 0.0333,
    "24": 0.075,
    "25": 0.0583,
    "26": 0.0367
  },
  "Diameters": {
    "1": 0.15,
    "2": 0.2,
    "3": 0.25,
    "4": 0.3,
    "5": 0.35,
    "6": 0.4,
    "7": 0.45,
    "8": 0.5,
    "9": 0.6,
    "10": 0.7,
    "11": 0.75,
    "12": 0.8,
    "13": 0.9,
    "14": 1
  },
  "L": {
    "1,3": 300,
    "2,14": 210,
    "3,4": 820,
    "4,5": 940,
    "4,9": 800,
    "5,6": 730,
    "6,7": 1620,
    "6,10": 1400,
    "7,8": 600,
    "8,13": 1175,
    "8,14": 750,
    "9,10": 700,
    "9,15": 900,
    "10,11": 310,
    "10,19": 650,
    "11,12": 500,
    "12,13": 1960,
    "13,16": 1100,
    "13,20": 760,
    "14,17": 660,
    "15,18": 850,
    "16,21": 670,
    "17,21": 1080,
    "17,22": 730,
    "18,23": 750,
    "19,20": 1170,
    "19,24": 900,
    "20,21": 980,
    "20,25": 650,
    "21,26": 1540,
    "22,26": 3250,
    "23,24": 1170,
    "24,25": 1650,
    "25,26": 1320
  },
  "C": {
    "1": 1115,
    "2": 1600,
    "3": 2154,
    "4": 2780,
    "5": 3475,
    "6": 4255,
    "7": 5172,
    "8": 6092,
    "9": 8189,
    "10": 10670,
    "11": 11874,
    "12": 13261,
    "13": 16151,
    "14": 19395
  },
  "hmin": {
    "1": 100,
    "2": 95,
    "3": 85,
    "4": 85,
    "5": 85,
    "6": 85,
    "7": 85,
    "8": 82,
    "9": 85,
    "10": 85,
    "11": 85,
    "12": 85,
    "13": 82,
    "14": 82,
    "15": 82,
    "16": 82,
    "17": 82,
    "18": 85,
    "19": 82,
    "20": 82,
    "21": 82,
    "22": 80,
    "23": 80,
    "24": 80,
    "25": 80,
    "26": 80
  },
  "nodes": [
    1,
    2,
    3,
    4,
    5,
    6,
    7,
    8,
    9,
    10,
    11,
    12,
    13,
    14,
    15,
    16,
    17,
    18,
    19,
    20,
    21,
    22,
    23,
    24,
    25,
    26
  ],
  "arcs": [
    [
      1,
      3
    ],
    [
      3,
      4
    ],
    [
      4,
      5
    ],
    [
      5,
      6
    ],
    [
      6,
      7
    ],
    [
      7,
      8
    ],
    [
      4,
      9
    ],
    [
      6,
      10
    ],
    [
      8,
      13
    ],
    [
      8,
      14
    ],
    [
      2,
      14
    ],
    [
      9,
      10
    ],
    [
      10,
      11
    ],
    [
      11,
      12
    ],
    [
      12,
      13
    ],
    [
      9,
      15
    ],
    [
      15,
      18
    ],
    [
      10,
      19
    ],
    [
      13,
      20
    ],
    [
      13,
      16
    ],
    [
      14,
      17
    ],
    [
      19,
      20
    ],
    [
      20,
      21
    ],
    [
      16,
      21
    ],
    [
      17,
      21
    ],
    [
      18,
      23
    ],
    [
      19,
      24
    ],
    [
      20,
      25
    ],
    [
      21,
      26
    ],
    [
      17,
      22
    ],
    [
      23,
      24
    ],
    [
      24,
      25
    ],
    [
      25,
      26
    ],
    [
      22,
      26
    ]
  ],
  "source": [
    1,
    2
  ]
}