{
  "iteration": 4,
  "objective": 123222032.26074132,
  "solve_time": 12.87092661857605,
  "q": {
    "1,3": 1.6826346361793227,
    "2,14": 1.4042653638206772,
    "3,4": 1.3759346361793228,
    "4,5": 0.16485545279525166,
    "4,9": 1.136079183384071,
    "5,6": 0.05655545279525168,
    "6,7": -0.004042828247969189,
    "6,10": -0.009401718956779137,
    "7,8": -0.05574282824796919,
    "8,13": 0.2393332354618569,
    "8,14": -0.39837606370982603,
    "9,10": 0.7314459771323423,
    "9,15": 0.2629332062517288,
    "10,11": 0.3708501285356669,
    "10,19": 0.15949412963989626,
    "11,12": 0.2341501285356669,
    "12,13": 0.0074501285356668905,
    "13,16": 8.999930673179657e-09,
    "13,20": 8.335499759310024e-05,
    "14,17": 0.8291893001108511,
    "15,18": 0.08793320625172879,
    "16,21": -0.14999999100006933,
    "17,21": 0.618598741301113,
    "17,22": 0.09729055880973816,
    "18,23": 0.031233206251728794,
    "19,20": 0.007058371107229869,
    "19,24": 0.0757357585326664,
    "20,21": -0.23170556621392935,
    "20,25": 0.06214729231875233,
    "21,26": 0.02689318408711434,
    "22,26": 0.007290558809738164,
    "23,24": -0.0020667937482712136,
    "24,25": -0.0013310352156048286,
    "25,26": 0.002516257103147499
  },
  "h": {
    "1": 100,
    "2": 95,
    "3": 98.29535246492121,
    "4": 95.08555781886793,
    "5": 87.89548729136416,
    "6": 84.99999915000161,
    "7": 85.79923153605228,
    "8": 88.97074651477847,
    "9": 91.18793520563187,
    "10": 88.29673984766256,
    "11": 86.42314968978242,
    "12": 84.99999915000089,
    "13": 82.0002822861766,
    "14": 94.1463589022907,
    "15": 87.0301114730567,
    "16": 82.00028228617658,
    "17": 90.70757862241004,
    "18": 84.99999915000122,
    "19": 83.62017995207975,
    "20": 81.99999918000097,
    "21": 86.25667098214022,
    "22": 84.77851795046908,
    "23": 79.99999920000347,
    "24": 80.1666061303908,
    "25": 80.27061248686267,
    "26": 79.99999920000084
  },
  "l": {
    "1,3,13": 300.0000000177354,
    "3,4,13": 820.0000000191483,
    "4,5,5": 940.0000000118445,
    "5,6,3": 395.73842059901096,
    "5,6,4": 334.2615794099413,
    "6,7,1": 1620.0000000089406,
    "7,8,3": 600.0000000160803,
    "4,9,12": 800.0000000182604,
    "6,10,1": 1400.0000000088546,
    "8,13,6": 488.7945026144512,
    "8,13,7": 686.2054973944563,
    "8,14,8": 750.0000000185672,
    "2,14,13": 210.00000001895015,
    "9,10,10": 700.000000018071,
    "10,11,8": 310.00000001723043,
    "11,12,7": 77.27447254718267,
    "11,12,8": 422.7255274624404,
    "12,13,1": 1960.0000000090222,
    "9,15,7": 597.5401641740908,
    "9,15,8": 302.4598358355322,
    "15,18,5": 850.0000000172467,
    "10,19,5": 650.0000000171457,
    "13,20,1": 760.0000000089975,
    "13,16,1": 1100.0000000089979,
    "14,17,10": 659.999999953827,
    "19,20,1": 1170.0000000090015,
    "20,21,6": 35.3992337800032,
    "20,21,7": 944.6007662289043,
    "16,21,5": 654.965795660867,
    "16,21,6": 15.034204348241799,
    "17,21,9": 348.4593102356572,
    "17,21,10": 731.5406897734915,
    "18,23,1": 59.770622146630025,
    "18,23,2": 690.2293778622874,
    "19,24,4": 900.0000000136644,
    "20,25,4": 650.0000000172906,
    "21,26,2": 1539.9999999949616,
    "17,22,3": 168.99475068942922,
    "17,22,4": 561.005249319523,
    "23,24,1": 1170.0000000089728,
    "24,25,1": 1650.000000009,
    "25,26,1": 1320.0000000088892,
    "22,26,1": 3250.000000008801
  },
  "D": {
    "1": 0,
    "2": 0,
    "3": 0.3067,
    "4": 0.075,
    "5": 0.1083,
    "6": 0.07,
    "7": 0.0517,
    "8": 0.1033,
    "9": 0.1417,
    "10": 0.1917,
    "11": 0.1367,
    "12": 0.2267,
    "13": 0.2467,
    "14": 0.1767,
    "15": 0.175,
    "16": 0.15,
    "17": 0.1133,
    "18": 0.0567,
    "19": 0.0767,
    "20": 0.1767,
    "21": 0.21,
    "22": 0.09,
    "23": 0.0333,
    "24": 0.075,
    "25": 0.0583,
    "26": 0.0367
  },
  "Diameters": {
    "1": 0.15,
    "2": 0.2,
    "3": 0.25,
    "4": 0.3,
    "5": 0.35,
    "6": 0.4,
    "7": 0.45,
    "8": 0.5,
    "9": 0.6,
    "10": 0.7,
    "11": 0.75,
    "12": 0.8,
    "13": 0.9,
    "14": 1
  },
  "L": {
    "1,3": 300,
    "2,14": 210,
    "3,4": 820,
    "4,5": 940,
    "4,9": 800,
    "5,6": 730,
    "6,7": 1620,
    "6,10": 1400,
    "7,8": 600,
    "8,13": 1175,
    "8,14": 750,
    "9,10": 700,
    "9,15": 900,
    "10,11": 310,
    "10,19": 650,
    "11,12": 500,
    "12,13": 1960,
    "13,16": 1100,
    "13,20": 760,
    "14,17": 660,
    "15,18": 850,
    "16,21": 670,
    "17,21": 1080,
    "17,22": 730,
    "18,23": 750,
    "19,20": 1170,
    "19,24": 900,
    "20,21": 980,
    "20,25": 650,
    "21,26": 1540,
    "22,26": 3250,
    "23,24": 1170,
    "24,25": 1650,
    "25,26": 1320
  },
  "C": {
    "1": 1115,
    "2": 1600,
    "3": 2154,
    "4": 2780,
    "5": 3475,
    "6": 4255,
    "7": 5172,
    "8": 6092,
    "9": 8189,
    "10": 10670,
    "11": 11874,
    "12": 13261,
    "13": 16151,
    "14": 19395
  },
  "hmin": {
    "1": 100,
    "2": 95,
    "3": 85,
    "4": 85,
    "5": 85,
    "6": 85,
    "7": 85,
    "8": 82,
    "9": 85,
    "10": 85,
    "11": 85,
    "12": 85,
    "13": 82,
    "14": 82,
    "15": 82,
    "16": 82,
    "17": 82,
    "18": 85,
    "19": 82,
    "20": 82,
    "21": 82,
    "22": 80,
    "23": 80,
    "24": 80,
    "25": 80,
    "26": 80
  },
  "nodes": [
    1,
    2,
    3,
    4,
    5,
    6,
    7,
    8,
    9,
    10,
    11,
    12,
    13,
    14,
    15,
    16,
    17,
    18,
    19,
    20,
    21,
    22,
    23,
    24,
    25,
    26
  ],
  "arcs": [
    [
      1,
      3
    ],
    [
      3,
      4
    ],
    [
      4,
      5
    ],
    [
      5,
      6
    ],
    [
      6,
      7
    ],
    [
      7,
      8
    ],
    [
      4,
      9
    ],
    [
      6,
      10
    ],
    [
      8,
      13
    ],
    [
      8,
      14
    ],
    [
      2,
      14
    ],
    [
      9,
      10
    ],
    [
      10,
      11
    ],
    [
      11,
      12
    ],
    [
      12,
      13
    ],
    [
      9,
      15
    ],
    [
      15,
      18
    ],
    [
      10,
      19
    ],
    [
      13,
      20
    ],
    [
      13,
      16
    ],
    [
      14,
      17
    ],
    [
      19,
      20
    ],
    [
      20,
      21
    ],
    [
      16,
      21
    ],
    [
      17,
      21
    ],
    [
      18,
      23
    ],
    [
      19,
      24
    ],
    [
      20,
      25
    ],
    [
      21,
      26
    ],
    [
      17,
      22
    ],
    [
      23,
      24
    ],
    [
      24,
      25
    ],
    [
      25,
      26
    ],
    [
      22,
      26
    ]
  ],
  "source": [
    1,
    2
  ]
}