{
  "iteration": 1,
  "objective": 124118799.00949234,
  "solve_time": 6.581076383590698,
  "q": {
    "1,3": 1.6716200847570273,
    "2,14": 1.4152799152429727,
    "3,4": 1.3649200847570273,
    "4,5": 0.16049300739279132,
    "4,9": 1.1294270773642359,
    "5,6": 0.05219300739279134,
    "6,7": -0.00816718864369142,
    "6,10": -0.009639803963517244,
    "7,8": -0.05986718864369142,
    "8,13": 0.2693039537293329,
    "8,14": -0.43247114237302436,
    "9,10": 0.7251270040578351,
    "9,15": 0.26260007330640084,
    "10,11": 0.3634,
    "10,19": 0.16038720009431778,
    "11,12": 0.2267,
    "12,13": 0.0,
    "13,16": 0.010177504152311985,
    "13,20": 0.012426449577020968,
    "14,17": 0.8061087728699484,
    "15,18": 0.08760007330640085,
    "16,21": -0.13982249584768802,
    "17,21": 0.598016973965511,
    "17,22": 0.0947917989044375,
    "18,23": 0.030900073306400846,
    "19,20": 0.007307892941957943,
    "19,24": 0.07637930715235984,
    "20,21": -0.21886572050431827,
    "20,25": 0.06190006302329718,
    "21,26": 0.02932875761350465,
    "22,26": 0.004791798904437487,
    "23,24": -0.0023999266935991587,
    "24,25": -0.0010206195412393124,
    "25,26": 0.002579443482057873
  },
  "h": {
    "1": 100,
    "2": 95,
    "3": 98.31596063336119,
    "4": 95.15359052350331,
    "5": 88.41597167485956,
    "6": 84.99999915000146,
    "7": 87.93934267031202,
    "8": 91.55909216031326,
    "9": 91.29812846983826,
    "10": 88.45302035520898,
    "11": 86.6485407648628,
    "12": 84.99999915000053,
    "13": 84.99999915000053,
    "14": 94.13391713384327,
    "15": 87.01589067019667,
    "16": 81.99999918000157,
    "17": 91.80165196723264,
    "18": 84.9999991500012,
    "19": 83.7278485220631,
    "20": 81.99999918000346,
    "21": 85.72590308091003,
    "22": 82.1965620678273,
    "23": 79.99999920000361,
    "24": 80.21972922908718,
    "25": 80.2833321041938,
    "26": 79.99999920000106
  },
  "l": {
    "1,3,13": 300.0000001249499,
    "3,4,13": 820.0000001289313,
    "4,5,5": 910.0972137314272,
    "4,5,6": 29.902786386305483,
    "5,6,3": 730.000000071527,
    "6,7,1": 1620.0000001270982,
    "7,8,3": 600.0000001242242,
    "4,9,12": 800.0000001277108,
    "6,10,1": 1400.000000127069,
    "8,13,7": 1175.0000001204105,
    "8,14,8": 20.11982403497222,
    "8,14,9": 729.8801760838393,
    "2,14,13": 210.00000012892764,
    "9,10,10": 700.0000001272854,
    "10,11,8": 310.0000001258031,
    "11,12,7": 266.45544234122696,
    "11,12,8": 233.5445577772185,
    "12,13,1": 1960.0000001273963,
    "9,15,7": 660.2834957860098,
    "9,15,8": 239.71650433243565,
    "15,18,5": 850.00000012586,
    "10,19,5": 650.0000001257607,
    "13,20,1": 760.0000001272384,
    "13,16,1": 1100.0000001272526,
    "14,17,11": 659.9999999060078,
    "19,20,1": 1170.0000001273772,
    "20,21,7": 980.0000000849243,
    "16,21,5": 650.8306370859965,
    "16,21,6": 19.169363031736243,
    "17,21,9": 944.1612964112941,
    "17,21,10": 135.8387037071605,
    "18,23,1": 65.88680064697654,
    "18,23,2": 684.1131994704634,
    "19,24,4": 900.000000118308,
    "20,25,4": 650.0000001230516,
    "21,26,2": 1027.385560046253,
    "21,26,3": 512.6144400711358,
    "17,22,3": 644.6090830227447,
    "17,22,4": 85.3909170946784,
    "23,24,1": 1170.0000001273488,
    "24,25,1": 1650.0000001273982,
    "25,26,1": 1320.0000001272824,
    "22,26,1": 3250.0000001272692
  },
  "D": {
    "1": 0,
    "2": 0,
    "3": 0.3067,
    "4": 0.075,
    "5": 0.1083,
    "6": 0.07,
    "7": 0.0517,
    "8": 0.1033,
    "9": 0.1417,
    "10": 0.1917,
    "11": 0.1367,
    "12": 0.2267,
    "13": 0.2467,
    "14": 0.1767,
    "15": 0.175,
    "16": 0.15,
    "17": 0.1133,
    "18": 0.0567,
    "19": 0.0767,
    "20": 0.1767,
    "21": 0.21,
    "22": 0.09,
    "23": 0.0333,
    "24": 0.075,
    "25": 0.0583,
    "26": 0.0367
  },
  "Diameters": {
    "1": 0.15,
    "2": 0.2,
    "3": 0.25,
    "4": 0.3,
    "5": 0.35,
    "6": 0.4,
    "7": 0.45,
    "8": 0.5,
    "9": 0.6,
    "10": 0.7,
    "11": 0.75,
    "12": 0.8,
    "13": 0.9,
    "14": 1
  },
  "L": {
    "1,3": 300,
    "2,14": 210,
    "3,4": 820,
    "4,5": 940,
    "4,9": 800,
    "5,6": 730,
    "6,7": 1620,
    "6,10": 1400,
    "7,8": 600,
    "8,13": 1175,
    "8,14": 750,
    "9,10": 700,
    "9,15": 900,
    "10,11": 310,
    "10,19": 650,
    "11,12": 500,
    "12,13": 1960,
    "13,16": 1100,
    "13,20": 760,
    "14,17": 660,
    "15,18": 850,
    "16,21": 670,
    "17,21": 1080,
    "17,22": 730,
    "18,23": 750,
    "19,20": 1170,
    "19,24": 900,
    "20,21": 980,
    "20,25": 650,
    "21,26": 1540,
    "22,26": 3250,
    "23,24": 1170,
    "24,25": 1650,
    "25,26": 1320
  },
  "C": {
    "1": 1115,
    "2": 1600,
    "3": 2154,
    "4": 2780,
    "5": 3475,
    "6": 4255,
    "7": 5172,
    "8": 6092,
    "9": 8189,
    "10": 10670,
    "11": 11874,
    "12": 13261,
    "13": 16151,
    "14": 19395
  },
  "hmin": {
    "1": 100,
    "2": 95,
    "3": 85,
    "4": 85,
    "5": 85,
    "6": 85,
    "7": 85,
    "8": 82,
    "9": 85,
    "10": 85,
    "11": 85,
    "12": 85,
    "13": 82,
    "14": 82,
    "15": 82,
    "16": 82,
    "17": 82,
    "18": 85,
    "19": 82,
    "20": 82,
    "21": 82,
    "22": 80,
    "23": 80,
    "24": 80,
    "25": 80,
    "26": 80
  },
  "nodes": [
    1,
    2,
    3,
    4,
    5,
    6,
    7,
    8,
    9,
    10,
    11,
    12,
    13,
    14,
    15,
    16,
    17,
    18,
    19,
    20,
    21,
    22,
    23,
    24,
    25,
    26
  ],
  "arcs": [
    [
      1,
      3
    ],
    [
      3,
      4
    ],
    [
      4,
      5
    ],
    [
      5,
      6
    ],
    [
      6,
      7
    ],
    [
      7,
      8
    ],
    [
      4,
      9
    ],
    [
      6,
      10
    ],
    [
      8,
      13
    ],
    [
      8,
      14
    ],
    [
      2,
      14
    ],
    [
      9,
      10
    ],
    [
      10,
      11
    ],
    [
      11,
      12
    ],
    [
      12,
      13
    ],
    [
      9,
      15
    ],
    [
      15,
      18
    ],
    [
      10,
      19
    ],
    [
      13,
      20
    ],
    [
      13,
      16
    ],
    [
      14,
      17
    ],
    [
      19,
      20
    ],
    [
      20,
      21
    ],
    [
      16,
      21
    ],
    [
      17,
      21
    ],
    [
      18,
      23
    ],
    [
      19,
      24
    ],
    [
      20,
      25
    ],
    [
      21,
      26
    ],
    [
      17,
      22
    ],
    [
      23,
      24
    ],
    [
      24,
      25
    ],
    [
      25,
      26
    ],
    [
      22,
      26
    ]
  ],
  "source": [
    1,
    2
  ]
}