{
  "iteration": 4,
  "objective": 123221103.74288456,
  "solve_time": 19.162824153900146,
  "q": {
    "1,3": 1.682616997668125,
    "2,14": 1.4042830023318749,
    "3,4": 1.375916997668125,
    "4,5": 0.16486696940982257,
    "4,9": 1.1360500282583024,
    "5,6": 0.05656696940982258,
    "6,7": -0.004030641917125068,
    "6,10": -0.009402388673052361,
    "7,8": -0.05573064191712507,
    "8,13": 0.23958309625619192,
    "8,14": -0.398613738173317,
    "9,10": 0.7314267984960676,
    "9,15": 0.26292322976223476,
    "10,11": 0.37084360924516374,
    "10,19": 0.15948080057785152,
    "11,12": 0.23414360924516373,
    "12,13": 0.007443609245163725,
    "13,16": 0.0003267055013556403,
    "13,20": 0.0,
    "14,17": 0.828969264158558,
    "15,18": 0.08792322976223477,
    "16,21": -0.14967329449864433,
    "17,21": 0.618396922047072,
    "17,22": 0.09727234211148603,
    "18,23": 0.03122322976223477,
    "19,20": 0.007048994217681286,
    "19,24": 0.07573180636017024,
    "20,21": -0.23182983278552843,
    "20,25": 0.06217882700320971,
    "21,26": 0.02689379476289926,
    "22,26": 0.007272342111486028,
    "23,24": -0.0020767702377652362,
    "24,25": -0.0013449638775949934,
    "25,26": 0.0025338631256147204
  },
  "h": {
    "1": 100,
    "2": 95,
    "3": 98.29538555802672,
    "4": 95.08566711592964,
    "5": 87.8946663185409,
    "6": 84.99999915000161,
    "7": 85.79477555221918,
    "8": 88.96500657219984,
    "9": 91.188229745384,
    "10": 88.29717478111854,
    "11": 86.42364562038347,
    "12": 84.99999915000089,
    "13": 82.00514183408455,
    "14": 94.14633904403098,
    "15": 87.02968492827485,
    "16": 81.99999918000097,
    "17": 90.70924856734305,
    "18": 84.99999915000122,
    "19": 83.6213386652968,
    "20": 82.00514183408455,
    "21": 86.25693410450657,
    "22": 84.7564287223815,
    "23": 79.99999920000347,
    "24": 80.16809860372054,
    "25": 80.2741296172092,
    "26": 79.99999920000086
  },
  "l": {
    "1,3,13": 300.0000001276079,
    "3,4,13": 820.0000001288878,
    "4,5,5": 940.000000120189,
    "5,6,3": 395.13991159061044,
    "5,6,4": 334.8600885268127,
    "6,7,1": 1620.000000127311,
    "7,8,3": 600.000000124561,
    "4,9,12": 800.000000127801,
    "6,10,1": 1400.000000127186,
    "8,13,6": 481.87859899548147,
    "8,13,7": 693.1214011222829,
    "8,14,8": 750.0000001277867,
    "2,14,13": 210.000000128618,
    "9,10,10": 700.0000001273335,
    "10,11,8": 310.00000012642556,
    "11,12,7": 77.60372743692605,
    "11,12,8": 422.3962726815194,
    "12,13,1": 1960.000000127434,
    "9,15,7": 598.0129415926983,
    "9,15,8": 301.9870585257471,
    "15,18,5": 850.0000001258588,
    "10,19,5": 650.000000125771,
    "13,20,1": 760.0000001273962,
    "13,16,1": 1100.0000001273932,
    "14,17,10": 660.0000000544425,
    "19,20,1": 1170.0000001274018,
    "20,21,6": 32.61921111809976,
    "20,21,7": 947.3807889996642,
    "16,21,5": 660.7537090365136,
    "16,21,6": 9.246291081219043,
    "17,21,9": 349.6692237897904,
    "17,21,10": 730.3307763286645,
    "18,23,1": 59.95108676391758,
    "18,23,2": 690.0489133535224,
    "19,24,4": 900.0000001220546,
    "20,25,4": 650.0000001257762,
    "21,26,2": 1540.0000001043352,
    "17,22,3": 171.95418322875412,
    "17,22,4": 558.0458168886689,
    "23,24,1": 1170.0000001273586,
    "24,25,1": 1650.0000001273995,
    "25,26,1": 1320.0000001272344,
    "22,26,1": 3250.0000001271105
  },
  "D": {
    "1": 0,
    "2": 0,
    "3": 0.3067,
    "4": 0.075,
    "5": 0.1083,
    "6": 0.07,
    "7": 0.0517,
    "8": 0.1033,
    "9": 0.1417,
    "10": 0.1917,
    "11": 0.1367,
    "12": 0.2267,
    "13": 0.2467,
    "14": 0.1767,
    "15": 0.175,
    "16": 0.15,
    "17": 0.1133,
    "18": 0.0567,
    "19": 0.0767,
    "20": 0.1767,
    "21": 0.21,
    "22": 0.09,
    "23": 0.0333,
    "24": 0.075,
    "25": 0.0583,
    "26": 0.0367
  },
  "Diameters": {
    "1": 0.15,
    "2": 0.2,
    "3": 0.25,
    "4": 0.3,
    "5": 0.35,
    "6": 0.4,
    "7": 0.45,
    "8": 0.5,
    "9": 0.6,
    "10": 0.7,
    "11": 0.75,
    "12": 0.8,
    "13": 0.9,
    "14": 1
  },
  "L": {
    "1,3": 300,
    "2,14": 210,
    "3,4": 820,
    "4,5": 940,
    "4,9": 800,
    "5,6": 730,
    "6,7": 1620,
    "6,10": 1400,
    "7,8": 600,
    "8,13": 1175,
    "8,14": 750,
    "9,10": 700,
    "9,15": 900,
    "10,11": 310,
    "10,19": 650,
    "11,12": 500,
    "12,13": 1960,
    "13,16": 1100,
    "13,20": 760,
    "14,17": 660,
    "15,18": 850,
    "16,21": 670,
    "17,21": 1080,
    "17,22": 730,
    "18,23": 750,
    "19,20": 1170,
    "19,24": 900,
    "20,21": 980,
    "20,25": 650,
    "21,26": 1540,
    "22,26": 3250,
    "23,24": 1170,
    "24,25": 1650,
    "25,26": 1320
  },
  "C": {
    "1": 1115,
    "2": 1600,
    "3": 2154,
    "4": 2780,
    "5": 3475,
    "6": 4255,
    "7": 5172,
    "8": 6092,
    "9": 8189,
    "10": 10670,
    "11": 11874,
    "12": 13261,
    "13": 16151,
    "14": 19395
  },
  "hmin": {
    "1": 100,
    "2": 95,
    "3": 85,
    "4": 85,
    "5": 85,
    "6": 85,
    "7": 85,
    "8": 82,
    "9": 85,
    "10": 85,
    "11": 85,
    "12": 85,
    "13": 82,
    "14": 82,
    "15": 82,
    "16": 82,
    "17": 82,
    "18": 85,
    "19": 82,
    "20": 82,
    "21": 82,
    "22": 80,
    "23": 80,
    "24": 80,
    "25": 80,
    "26": 80
  },
  "nodes": [
    1,
    2,
    3,
    4,
    5,
    6,
    7,
    8,
    9,
    10,
    11,
    12,
    13,
    14,
    15,
    16,
    17,
    18,
    19,
    20,
    21,
    22,
    23,
    24,
    25,
    26
  ],
  "arcs": [
    [
      1,
      3
    ],
    [
      3,
      4
    ],
    [
      4,
      5
    ],
    [
      5,
      6
    ],
    [
      6,
      7
    ],
    [
      7,
      8
    ],
    [
      4,
      9
    ],
    [
      6,
      10
    ],
    [
      8,
      13
    ],
    [
      8,
      14
    ],
    [
      2,
      14
    ],
    [
      9,
      10
    ],
    [
      10,
      11
    ],
    [
      11,
      12
    ],
    [
      12,
      13
    ],
    [
      9,
      15
    ],
    [
      15,
      18
    ],
    [
      10,
      19
    ],
    [
      13,
      20
    ],
    [
      13,
      16
    ],
    [
      14,
      17
    ],
    [
      19,
      20
    ],
    [
      20,
      21
    ],
    [
      16,
      21
    ],
    [
      17,
      21
    ],
    [
      18,
      23
    ],
    [
      19,
      24
    ],
    [
      20,
      25
    ],
    [
      21,
      26
    ],
    [
      17,
      22
    ],
    [
      23,
      24
    ],
    [
      24,
      25
    ],
    [
      25,
      26
    ],
    [
      22,
      26
    ]
  ],
  "source": [
    1,
    2
  ]
}