{
  "iteration": 2,
  "objective": 123254864.55905356,
  "solve_time": 6.654578685760498,
  "q": {
    "1,3": 1.6845623552709093,
    "2,14": 1.4023376447290907,
    "3,4": 1.3778623552709093,
    "4,5": 0.16496980447451118,
    "4,9": 1.1378925507963982,
    "5,6": 0.05666980447451118,
    "6,7": -0.003971470343273887,
    "6,10": -0.009358725182214934,
    "7,8": -0.05567147034327389,
    "8,13": 0.24088239237959003,
    "8,14": -0.3998538627228639,
    "9,10": 0.7320447166992837,
    "9,15": 0.26414783409711434,
    "10,11": 0.3708205277820003,
    "10,19": 0.1601654637350684,
    "11,12": 0.23412052778200032,
    "12,13": 0.007420527782000326,
    "13,16": 0.0007217200493167551,
    "13,20": 0.0008812001122735878,
    "14,17": 0.8257837820062269,
    "15,18": 0.08914783409711437,
    "16,21": -0.14927827995068324,
    "17,21": 0.6196750260335382,
    "17,22": 0.09280875597268874,
    "18,23": 0.03244783409711437,
    "19,20": 0.006905499332515251,
    "19,24": 0.07655996440255315,
    "20,21": -0.22650551105551994,
    "20,25": 0.057592210500308806,
    "21,26": 0.03389123502733492,
    "22,26": 0.0028087559726887572,
    "23,24": -0.0008521659028856338,
    "24,25": 0.0007077984996675155,
    "25,26": 8.999976328994466e-09
  },
  "h": {
    "1": 100,
    "2": 95,
    "3": 98.29173385812524,
    "4": 95.07360579182169,
    "5": 87.87429590895971,
    "6": 84.99999915000161,
    "7": 85.77330227573786,
    "8": 88.93730234204816,
    "9": 91.16445360740505,
    "10": 88.2688736943167,
    "11": 86.39556048884492,
    "12": 84.99999915000089,
    "13": 82.02231786209961,
    "14": 94.14852788853277,
    "15": 87.08235081640487,
    "16": 81.99999918000127,
    "17": 90.73585805229652,
    "18": 84.99999915000122,
    "19": 83.55579307647533,
    "20": 81.9999991800018,
    "21": 85.97034514134171,
    "22": 80.81678504897361,
    "23": 79.99999920000249,
    "24": 80.03229109208198,
    "25": 79.99999920000256,
    "26": 79.99999920000253
  },
  "l": {
    "1,3,13": 300.00000001719013,
    "3,4,13": 820.0000000191601,
    "4,5,5": 940.0000000120489,
    "5,6,3": 385.74713124304935,
    "5,6,4": 344.25286876590286,
    "6,7,1": 1620.000000008942,
    "7,8,3": 600.00000001614,
    "4,9,12": 800.0000000182024,
    "6,10,1": 1400.0000000088598,
    "8,13,6": 449.19855089535105,
    "8,13,7": 725.8014491135564,
    "8,14,8": 750.0000000185668,
    "2,14,13": 210.000000018933,
    "9,10,10": 700.0000000180579,
    "10,11,8": 310.0000000172286,
    "11,12,7": 61.50841771774672,
    "11,12,8": 438.49158229187634,
    "12,13,1": 1960.0000000090245,
    "9,15,7": 546.0242635342207,
    "9,15,8": 353.97573647540247,
    "15,18,5": 850.0000000172415,
    "10,19,5": 650.0000000171651,
    "13,20,1": 760.0000000089922,
    "13,16,1": 1100.0000000089938,
    "14,17,10": 659.9999999916001,
    "19,20,1": 1170.0000000089995,
    "20,21,7": 980.0000000154171,
    "16,21,5": 573.4033524828185,
    "16,21,6": 96.5966475262902,
    "17,21,9": 436.8170934691292,
    "17,21,10": 643.1829065400196,
    "18,23,1": 38.96904902598407,
    "18,23,2": 711.0309509829333,
    "19,24,4": 900.0000000166308,
    "20,25,3": 150.70728895499562,
    "20,25,4": 499.2927110539566,
    "21,26,2": 661.0324772529896,
    "21,26,3": 878.9675227559538,
    "17,22,3": 730.0000000063045,
    "23,24,1": 1170.0000000089906,
    "24,25,1": 1650.0000000089983,
    "25,26,1": 1320.0000000089976,
    "22,26,1": 3250.000000008968
  },
  "D": {
    "1": 0,
    "2": 0,
    "3": 0.3067,
    "4": 0.075,
    "5": 0.1083,
    "6": 0.07,
    "7": 0.0517,
    "8": 0.1033,
    "9": 0.1417,
    "10": 0.1917,
    "11": 0.1367,
    "12": 0.2267,
    "13": 0.2467,
    "14": 0.1767,
    "15": 0.175,
    "16": 0.15,
    "17": 0.1133,
    "18": 0.0567,
    "19": 0.0767,
    "20": 0.1767,
    "21": 0.21,
    "22": 0.09,
    "23": 0.0333,
    "24": 0.075,
    "25": 0.0583,
    "26": 0.0367
  },
  "Diameters": {
    "1": 0.15,
    "2": 0.2,
    "3": 0.25,
    "4": 0.3,
    "5": 0.35,
    "6": 0.4,
    "7": 0.45,
    "8": 0.5,
    "9": 0.6,
    "10": 0.7,
    "11": 0.75,
    "12": 0.8,
    "13": 0.9,
    "14": 1
  },
  "L": {
    "1,3": 300,
    "2,14": 210,
    "3,4": 820,
    "4,5": 940,
    "4,9": 800,
    "5,6": 730,
    "6,7": 1620,
    "6,10": 1400,
    "7,8": 600,
    "8,13": 1175,
    "8,14": 750,
    "9,10": 700,
    "9,15": 900,
    "10,11": 310,
    "10,19": 650,
    "11,12": 500,
    "12,13": 1960,
    "13,16": 1100,
    "13,20": 760,
    "14,17": 660,
    "15,18": 850,
    "16,21": 670,
    "17,21": 1080,
    "17,22": 730,
    "18,23": 750,
    "19,20": 1170,
    "19,24": 900,
    "20,21": 980,
    "20,25": 650,
    "21,26": 1540,
    "22,26": 3250,
    "23,24": 1170,
    "24,25": 1650,
    "25,26": 1320
  },
  "C": {
    "1": 1115,
    "2": 1600,
    "3": 2154,
    "4": 2780,
    "5": 3475,
    "6": 4255,
    "7": 5172,
    "8": 6092,
    "9": 8189,
    "10": 10670,
    "11": 11874,
    "12": 13261,
    "13": 16151,
    "14": 19395
  },
  "hmin": {
    "1": 100,
    "2": 95,
    "3": 85,
    "4": 85,
    "5": 85,
    "6": 85,
    "7": 85,
    "8": 82,
    "9": 85,
    "10": 85,
    "11": 85,
    "12": 85,
    "13": 82,
    "14": 82,
    "15": 82,
    "16": 82,
    "17": 82,
    "18": 85,
    "19": 82,
    "20": 82,
    "21": 82,
    "22": 80,
    "23": 80,
    "24": 80,
    "25": 80,
    "26": 80
  },
  "nodes": [
    1,
    2,
    3,
    4,
    5,
    6,
    7,
    8,
    9,
    10,
    11,
    12,
    13,
    14,
    15,
    16,
    17,
    18,
    19,
    20,
    21,
    22,
    23,
    24,
    25,
    26
  ],
  "arcs": [
    [
      1,
      3
    ],
    [
      3,
      4
    ],
    [
      4,
      5
    ],
    [
      5,
      6
    ],
    [
      6,
      7
    ],
    [
      7,
      8
    ],
    [
      4,
      9
    ],
    [
      6,
      10
    ],
    [
      8,
      13
    ],
    [
      8,
      14
    ],
    [
      2,
      14
    ],
    [
      9,
      10
    ],
    [
      10,
      11
    ],
    [
      11,
      12
    ],
    [
      12,
      13
    ],
    [
      9,
      15
    ],
    [
      15,
      18
    ],
    [
      10,
      19
    ],
    [
      13,
      20
    ],
    [
      13,
      16
    ],
    [
      14,
      17
    ],
    [
      19,
      20
    ],
    [
      20,
      21
    ],
    [
      16,
      21
    ],
    [
      17,
      21
    ],
    [
      18,
      23
    ],
    [
      19,
      24
    ],
    [
      20,
      25
    ],
    [
      21,
      26
    ],
    [
      17,
      22
    ],
    [
      23,
      24
    ],
    [
      24,
      25
    ],
    [
      25,
      26
    ],
    [
      22,
      26
    ]
  ],
  "source": [
    1,
    2
  ]
}