{
  "iteration": 1,
  "objective": 123336885.51895024,
  "solve_time": 3.563748359680176,
  "q": {
    "1,3": 1.6821052066682014,
    "2,14": 1.4047947933317984,
    "3,4": 1.3754052066682014,
    "4,5": 0.1654904355705272,
    "4,9": 1.1349147710976744,
    "5,6": 0.05719043557052721,
    "6,7": -0.0033788093708491526,
    "6,10": -0.009430755058623641,
    "7,8": -0.055078809370849156,
    "8,13": 0.2521004225804468,
    "8,14": -0.41047923195129593,
    "9,10": 0.7303243010004082,
    "9,15": 0.2628904700972662,
    "10,11": 0.3695911790506675,
    "10,19": 0.1596023668911171,
    "11,12": 0.23289117905066753,
    "12,13": 0.006191179050667506,
    "13,16": 0.005219156575175263,
    "13,20": 0.006372445055939065,
    "14,17": 0.8176155613805024,
    "15,18": 0.0878904700972662,
    "16,21": -0.14478084342482472,
    "17,21": 0.6095863344251387,
    "17,22": 0.09472922695536373,
    "18,23": 0.031190470097266193,
    "19,20": 0.007088899583070169,
    "19,24": 0.0758134673080469,
    "20,21": -0.22535815598545092,
    "20,25": 0.062119500624460144,
    "21,26": 0.02944733501486302,
    "22,26": 0.0047292269553637425,
    "23,24": -0.002109529902733808,
    "24,25": -0.0012960625946869043,
    "25,26": 0.002523438029773242
  },
  "h": {
    "1": 100,
    "2": 95,
    "3": 98.29634566256763,
    "4": 95.08883797024693,
    "5": 87.84739329234012,
    "6": 84.99999915000159,
    "7": 85.57327317947349,
    "8": 88.67517547217807,
    "9": 91.19861054589886,
    "10": 88.31562096692652,
    "11": 86.45379323291473,
    "12": 84.99999915000085,
    "13": 82.87089335972234,
    "14": 94.14576276676283,
    "15": 87.02828457777588,
    "16": 81.99999918000147,
    "17": 90.79534611692372,
    "18": 84.99999915000122,
    "19": 83.63318177887191,
    "20": 81.99999918000304,
    "21": 85.93317878443136,
    "22": 82.14373682203185,
    "23": 79.9999992000034,
    "24": 80.17304244531356,
    "25": 80.2720444873356,
    "26": 79.99999920000104
  },
  "l": {
    "1,3,13": 300.00000001780313,
    "3,4,13": 820.000000019146,
    "4,5,5": 940.000000012607,
    "5,6,3": 362.4482358775744,
    "5,6,4": 367.5517641321091,
    "6,7,1": 1620.0000000089503,
    "7,8,3": 600.0000000169858,
    "4,9,12": 800.000000018262,
    "6,10,1": 1400.0000000088628,
    "8,13,7": 1175.0000000190216,
    "8,14,8": 750.0000000194066,
    "2,14,13": 210.00000001860178,
    "9,10,10": 700.0000000180708,
    "10,11,8": 310.000000017149,
    "11,12,7": 103.43225624347194,
    "11,12,8": 396.5677437661512,
    "12,13,1": 1960.0000000090442,
    "9,15,7": 603.9590522746468,
    "9,15,8": 296.04094773497644,
    "15,18,5": 850.0000000172469,
    "10,19,5": 650.0000000171051,
    "13,20,1": 760.0000000183798,
    "13,16,1": 1100.0000000089162,
    "14,17,10": 659.999999861128,
    "19,20,1": 1170.0000000089917,
    "20,21,7": 980.0000000063113,
    "16,21,5": 636.5320876586877,
    "16,21,6": 33.4679123504212,
    "17,21,9": 509.4252523771192,
    "17,21,10": 570.5747476327757,
    "18,23,1": 60.54483439689002,
    "18,23,2": 689.4551656120275,
    "19,24,4": 900.0000000104806,
    "20,25,4": 650.0000000159787,
    "21,26,2": 1078.9811103758923,
    "21,26,3": 461.0188896330511,
    "17,22,3": 531.2188361048482,
    "17,22,4": 198.78116390483538,
    "23,24,1": 1170.000000008971,
    "24,25,1": 1650.0000000089988,
    "25,26,1": 1320.0000000089215,
    "22,26,1": 3250.000000008914
  },
  "D": {
    "1": 0,
    "2": 0,
    "3": 0.3067,
    "4": 0.075,
    "5": 0.1083,
    "6": 0.07,
    "7": 0.0517,
    "8": 0.1033,
    "9": 0.1417,
    "10": 0.1917,
    "11": 0.1367,
    "12": 0.2267,
    "13": 0.2467,
    "14": 0.1767,
    "15": 0.175,
    "16": 0.15,
    "17": 0.1133,
    "18": 0.0567,
    "19": 0.0767,
    "20": 0.1767,
    "21": 0.21,
    "22": 0.09,
    "23": 0.0333,
    "24": 0.075,
    "25": 0.0583,
    "26": 0.0367
  },
  "Diameters": {
    "1": 0.15,
    "2": 0.2,
    "3": 0.25,
    "4": 0.3,
    "5": 0.35,
    "6": 0.4,
    "7": 0.45,
    "8": 0.5,
    "9": 0.6,
    "10": 0.7,
    "11": 0.75,
    "12": 0.8,
    "13": 0.9,
    "14": 1
  },
  "L": {
    "1,3": 300,
    "2,14": 210,
    "3,4": 820,
    "4,5": 940,
    "4,9": 800,
    "5,6": 730,
    "6,7": 1620,
    "6,10": 1400,
    "7,8": 600,
    "8,13": 1175,
    "8,14": 750,
    "9,10": 700,
    "9,15": 900,
    "10,11": 310,
    "10,19": 650,
    "11,12": 500,
    "12,13": 1960,
    "13,16": 1100,
    "13,20": 760,
    "14,17": 660,
    "15,18": 850,
    "16,21": 670,
    "17,21": 1080,
    "17,22": 730,
    "18,23": 750,
    "19,20": 1170,
    "19,24": 900,
    "20,21": 980,
    "20,25": 650,
    "21,26": 1540,
    "22,26": 3250,
    "23,24": 1170,
    "24,25": 1650,
    "25,26": 1320
  },
  "C": {
    "1": 1115,
    "2": 1600,
    "3": 2154,
    "4": 2780,
    "5": 3475,
    "6": 4255,
    "7": 5172,
    "8": 6092,
    "9": 8189,
    "10": 10670,
    "11": 11874,
    "12": 13261,
    "13": 16151,
    "14": 19395
  },
  "hmin": {
    "1": 100,
    "2": 95,
    "3": 85,
    "4": 85,
    "5": 85,
    "6": 85,
    "7": 85,
    "8": 82,
    "9": 85,
    "10": 85,
    "11": 85,
    "12": 85,
    "13": 82,
    "14": 82,
    "15": 82,
    "16": 82,
    "17": 82,
    "18": 85,
    "19": 82,
    "20": 82,
    "21": 82,
    "22": 80,
    "23": 80,
    "24": 80,
    "25": 80,
    "26": 80
  },
  "nodes": [
    1,
    2,
    3,
    4,
    5,
    6,
    7,
    8,
    9,
    10,
    11,
    12,
    13,
    14,
    15,
    16,
    17,
    18,
    19,
    20,
    21,
    22,
    23,
    24,
    25,
    26
  ],
  "arcs": [
    [
      1,
      3
    ],
    [
      3,
      4
    ],
    [
      4,
      5
    ],
    [
      5,
      6
    ],
    [
      6,
      7
    ],
    [
      7,
      8
    ],
    [
      4,
      9
    ],
    [
      6,
      10
    ],
    [
      8,
      13
    ],
    [
      8,
      14
    ],
    [
      2,
      14
    ],
    [
      9,
      10
    ],
    [
      10,
      11
    ],
    [
      11,
      12
    ],
    [
      12,
      13
    ],
    [
      9,
      15
    ],
    [
      15,
      18
    ],
    [
      10,
      19
    ],
    [
      13,
      20
    ],
    [
      13,
      16
    ],
    [
      14,
      17
    ],
    [
      19,
      20
    ],
    [
      20,
      21
    ],
    [
      16,
      21
    ],
    [
      17,
      21
    ],
    [
      18,
      23
    ],
    [
      19,
      24
    ],
    [
      20,
      25
    ],
    [
      21,
      26
    ],
    [
      17,
      22
    ],
    [
      23,
      24
    ],
    [
      24,
      25
    ],
    [
      25,
      26
    ],
    [
      22,
      26
    ]
  ],
  "source": [
    1,
    2
  ]
}