{
  "iteration": 6,
  "objective": 66444853.3562188,
  "solve_time": 47.32508611679077,
  "q": {
    "1,17": 0.004783214240533234,
    "1,31": 0.025981435855348792,
    "2,3": 0.0015804870129610693,
    "2,18": -0.0009944600626092624,
    "3,4": 0.00148448943576162,
    "3,11": -0.0009240024228005508,
    "4,5": 0.0005804410437096015,
    "5,6": -4.374451787622527e-05,
    "5,13": -5.81443841417321e-06,
    "6,7": -0.0006013449595858543,
    "7,24": -0.00048653458292171654,
    "8,28": -0.0018875611499254113,
    "9,36": -0.0017711752069506973,
    "10,11": 0.011428494608396235,
    "10,32": 0.002563039241082653,
    "11,19": 0.0043349624742777945,
    "11,26": 0.00441952971131789,
    "12,4": -9.404839205201842e-05,
    "12,13": 0.0006985708071416202,
    "13,14": -0.0004672436312725531,
    "14,20": -0.0014146311353008237,
    "14,21": 0.0004073875040282706,
    "15,16": -0.0008360985743608597,
    "15,22": 0.0019396372957804738,
    "16,25": 0.0016691585681420694,
    "16,29": -0.0018584886415688316,
    "17,2": 0.0016260269503518068,
    "17,18": 0.001887187290181427,
    "18,10": -0.0011272727724278356,
    "19,12": 0.0015145224150896017,
    "19,20": 0.0009404400591881927,
    "20,15": -0.001404191076112631,
    "21,6": 0.00023239955829037096,
    "21,22": -0.0007850120542621003,
    "22,7": 0.00037481037666413776,
    "22,23": -0.0001901851351457643,
    "23,25": -0.0012114372241579434,
    "24,8": -0.0009952824939095375,
    "24,23": -0.000161252089012179,
    "25,8": -0.00031227865601587393,
    "26,15": 0.003607729797532245,
    "26,27": -0.0008782000862143551,
    "27,16": 0.0018567685009340975,
    "28,9": -0.0011664919058438558,
    "28,29": -0.0010210692440815554,
    "29,30": -0.0011880772043002298,
    "29,33": -0.002311480681350157,
    "30,9": -6.468330110684133e-05,
    "30,35": -0.0016633939031933886,
    "31,10": 0.016228806621906726,
    "31,34": 0.008852629233442069,
    "32,27": 0.0041549685871484525,
    "32,33": -0.0026219293460657996,
    "33,34": -0.005703410027415957,
    "34,35": 0.0024092192060261113,
    "35,36": -0.0004141746971672774,
    "36,1": -0.0026553499041179745,
    "37,1": 0.03391
  },
  "h": {
    "1": 120.95881234612206,
    "2": 113.03196939856348,
    "3": 111.5699003307343,
    "4": 108.16985820680243,
    "5": 107.61767788315694,
    "6": 107.62302751624843,
    "7": 107.90000000000012,
    "8": 108.86443551121901,
    "9": 112.54100891674933,
    "10": 114.42398116340138,
    "11": 112.46149104453144,
    "12": 108.16638023144306,
    "13": 107.61770714707488,
    "14": 107.76132636917052,
    "15": 109.20028528601875,
    "16": 109.88674079234754,
    "17": 117.8540772002117,
    "18": 113.87570672314178,
    "19": 109.29065420012482,
    "20": 108.13263357124904,
    "21": 107.69668908836158,
    "22": 108.18972308016177,
    "23": 108.2148303904531,
    "24": 108.17724255932062,
    "25": 108.77505913375587,
    "26": 110.77882611410627,
    "27": 111.52026367810377,
    "28": 111.31849450401666,
    "29": 112.12883964315265,
    "30": 112.53693645790669,
    "31": 119.06217158558948,
    "32": 112.93466711430983,
    "33": 117.43807592336486,
    "34": 118.56347684514489,
    "35": 114.1472981246303,
    "36": 114.2323254446764,
    "37": 121
  },
  "l": {
    "1,17,2": 132.75999999992985,
    "17,2,1": 374.6799999999136,
    "2,3,1": 119.73999999990563,
    "3,4,1": 312.71999999990425,
    "4,5,1": 289.08999999992153,
    "5,6,1": 336.3299999999245,
    "6,7,1": 135.80999999993415,
    "7,24,1": 201.25999999991774,
    "24,8,1": 132.5299999999106,
    "8,28,1": 144.6599999998501,
    "28,9,1": 175.71999999991567,
    "9,36,1": 112.16999999990121,
    "36,1,1": 210.739999999837,
    "1,31,4": 75.40999999997523,
    "31,10,3": 181.41999999994346,
    "10,11,3": 146.9599999999676,
    "11,19,2": 162.68999999994716,
    "19,12,1": 99.63999999989751,
    "12,4,1": 52.979999999924416,
    "2,18,1": 162.9699999999219,
    "18,10,1": 83.9599999999267,
    "10,32,1": 49.81999999982084,
    "32,27,2": 78.49999999994347,
    "27,16,1": 99.27,
    "16,25,1": 82.28999999985969,
    "25,8,1": 147.48999999992452,
    "3,11,1": 197.3199999999234,
    "11,26,2": 83.29999999994725,
    "26,15,2": 113.79999999994658,
    "15,22,1": 48.73859023450726,
    "15,22,2": 32.08140976547064,
    "22,7,1": 340.969999999921,
    "5,13,1": 77.38999999992443,
    "13,14,1": 112.36999999992328,
    "14,20,1": 37.33999999988318,
    "20,15,1": 108.84999999990995,
    "15,16,1": 182.81999999992075,
    "16,29,1": 136.01999999988573,
    "29,30,1": 56.69999999991492,
    "30,9,1": 124.07999999992442,
    "17,18,1": 234.59999999990646,
    "12,13,1": 203.82999999991952,
    "19,20,1": 248.0499999999175,
    "14,21,1": 65.1899999999227,
    "21,6,1": 210.08999999992386,
    "21,22,1": 147.56999999992476,
    "22,23,1": 103.7999999999244,
    "24,23,1": 210.94999999992402,
    "23,25,1": 75.07999999990153,
    "26,27,1": 180.28999999992104,
    "28,29,1": 149.04999999991878,
    "29,33,1": 215.0499999998635,
    "32,33,1": 144.43999999982296,
    "33,34,2": 34.739999999943,
    "31,34,3": 59.92999999995007,
    "34,35,1": 165.66999999987348,
    "30,35,1": 119.969999999905,
    "35,36,1": 83.16999999992439,
    "37,1,4": 0.9999999999345807
  },
  "D": {
    "1": 0.00049,
    "2": 0.00104,
    "3": 0.00102,
    "4": 0.00081,
    "5": 0.00063,
    "6": 0.00079,
    "7": 0.00026,
    "8": 0.00058,
    "9": 0.00054,
    "10": 0.00111,
    "11": 0.00175,
    "12": 0.00091,
    "13": 0.00116,
    "14": 0.00054,
    "15": 0.0011,
    "16": 0.00121,
    "17": 0.00127,
    "18": 0.00202,
    "19": 0.00188,
    "20": 0.00093,
    "21": 0.00096,
    "22": 0.00097,
    "23": 0.00086,
    "24": 0.00067,
    "25": 0.00077,
    "26": 0.00169,
    "27": 0.00142,
    "28": 0.0003,
    "29": 0.00062,
    "30": 0.00054,
    "31": 0.0009,
    "32": 0.00103,
    "33": 0.00077,
    "34": 0.00074,
    "35": 0.00116,
    "36": 0.00047,
    "37": 0
  },
  "Diameters": {
    "1": 0.06,
    "2": 0.08,
    "3": 0.125,
    "4": 0.15,
    "5": 0.2,
    "6": 0.25,
    "7": 0.3
  },
  "L": {
    "1,17": 132.76,
    "1,31": 75.41,
    "2,3": 119.74,
    "2,18": 162.97,
    "3,4": 312.72,
    "3,11": 197.32,
    "4,5": 289.09,
    "5,6": 336.33,
    "5,13": 77.39,
    "6,7": 135.81,
    "7,24": 201.26,
    "8,28": 144.66,
    "9,36": 112.17,
    "10,11": 146.96,
    "10,32": 49.82,
    "11,19": 162.69,
    "11,26": 83.3,
    "12,4": 52.98,
    "12,13": 203.83,
    "13,14": 112.37,
    "14,20": 37.34,
    "14,21": 65.19,
    "15,16": 182.82,
    "15,22": 80.82,
    "16,25": 82.29,
    "16,29": 136.02,
    "17,2": 374.68,
    "17,18": 234.6,
    "18,10": 83.96,
    "19,12": 99.64,
    "19,20": 248.05,
    "20,15": 108.85,
    "21,6": 210.09,
    "21,22": 147.57,
    "22,7": 340.97,
    "22,23": 103.8,
    "23,25": 75.08,
    "24,8": 132.53,
    "24,23": 210.95,
    "25,8": 147.49,
    "26,15": 113.8,
    "26,27": 180.29,
    "27,16": 99.27,
    "28,9": 175.72,
    "28,29": 149.05,
    "29,30": 56.7,
    "29,33": 215.05,
    "30,9": 124.08,
    "30,35": 119.97,
    "31,10": 181.42,
    "31,34": 59.93,
    "32,27": 78.5,
    "32,33": 144.44,
    "33,34": 34.74,
    "34,35": 165.67,
    "35,36": 83.17,
    "36,1": 210.74,
    "37,1": 1
  },
  "C": {
    "1": 6890,
    "2": 9980,
    "3": 19210,
    "4": 30100,
    "5": 60790,
    "6": 69790,
    "7": 110750
  },
  "hmin": {
    "1": 105.15,
    "2": 104.4,
    "3": 103.35,
    "4": 102.5,
    "5": 101.24000000000001,
    "6": 105.4,
    "7": 107.9,
    "8": 106.5,
    "9": 106,
    "10": 104.17,
    "11": 103.7,
    "12": 102.64,
    "13": 101.9,
    "14": 102.6,
    "15": 103.5,
    "16": 104.3,
    "17": 105.5,
    "18": 104.1,
    "19": 102.9,
    "20": 102.83,
    "21": 102.8,
    "22": 103.9,
    "23": 104.2,
    "24": 107.5,
    "25": 104.4,
    "26": 103.4,
    "27": 103.9,
    "28": 105.65,
    "29": 104.5,
    "30": 104.1,
    "31": 104.4,
    "32": 104.2,
    "33": 104.6,
    "34": 104.7,
    "35": 105.43,