{
  "iteration": 2,
  "objective": 67310247.76735534,
  "solve_time": 42.16320085525513,
  "q": {
    "1,17": 0.004607304116524237,
    "1,31": 0.026229482651856803,
    "2,3": 0.0020471239173859394,
    "2,18": -0.0014417949133148224,
    "3,4": 0.0014544920270389756,
    "3,11": -0.00042736813800822276,
    "4,5": 0.00046764066067867145,
    "5,6": -0.0002563327659567833,
    "5,13": 9.397331914268438e-05,
    "6,7": -0.0009369886247388217,
    "7,24": -0.0009148212468607091,
    "8,28": -0.0018477182957005048,
    "9,36": -0.0016221807628651152,
    "10,11": 0.0076996406708418974,
    "10,32": 0.002136156436993474,
    "11,19": 0.003942865872812948,
    "11,26": 0.0015794066061083896,
    "12,4": -0.000176851254422911,
    "12,13": 0.0005596843822390013,
    "13,14": -0.0005063424098519539,
    "14,20": -0.0011081336314152344,
    "14,21": 6.179107269847185e-05,
    "15,16": -0.0015738510596070186,
    "15,22": 0.0008882089158225446,
    "16,25": 0.0033186156151334945,
    "16,29": -0.003961740163026367,
    "17,2": 0.0016453289117697712,
    "17,18": 0.0016919754186897767,
    "18,10": -0.0017698193302101968,
    "19,12": 0.0012928332406073725,
    "19,20": 0.0007700325278840124,
    "20,15": -0.0012681012424530344,
    "21,6": 0.00010934430393890649,
    "21,22": -0.0010075533845683663,
    "22,7": 0.00028216768028078683,
    "22,23": -0.0013715123286703733,
    "23,25": -0.002683166370008823,
    "24,8": -0.0011331674130978108,
    "24,23": -0.0004516539551434414,
    "25,8": -0.00013455078388044896,
    "26,15": 0.0016824592318536997,
    "26,27": -0.0017930526841318086,
    "27,16": 0.0021407265171977537,
    "28,9": -0.0011039813237640054,
    "28,29": -0.001043736942710789,
    "29,30": -0.0009324015941621677,
    "29,33": -0.004693075450853109,
    "30,9": 2.1800478077554607e-05,
    "30,35": -0.0014942019996311245,
    "31,10": 0.01271561625343854,
    "31,34": 0.012613866623123407,
    "32,27": 0.005353779128853198,
    "32,33": -0.004247622548714191,
    "33,34": -0.009710697802781314,
    "34,35": 0.0021631690250470885,
    "35,36": -0.0004910328508924172,
    "36,1": -0.0025832134883531574,
    "37,1": 0.033909999999999996
  },
  "h": {
    "1": 120.9588123461261,
    "2": 113.13356746656096,
    "3": 110.77283910849674,
    "4": 107.4989429650172,
    "5": 107.12887762215989,
    "6": 107.27027412709775,
    "7": 107.9000000000046,
    "8": 109.66657528314963,
    "9": 113.12952524606696,
    "10": 116.076402829134,
    "11": 110.98662768783373,
    "12": 107.48774213863427,
    "13": 107.12380471258865,
    "14": 107.29047149925825,
    "15": 108.41066661762102,
    "16": 110.62563830295704,
    "17": 118.06222220545996,
    "18": 114.81223525606492,
    "19": 108.32638736110977,
    "20": 107.52669700042105,
    "21": 107.2885056818732,
    "22": 108.07124719232962,
    "23": 109.04592046566185,
    "24": 108.79272977457714,
    "25": 109.64778091598903,
    "26": 109.97079162338076,
    "27": 112.75174557735279,
    "28": 112.02556320186568,
    "29": 112.86953987864375,
    "30": 113.13006863034487,
    "31": 119.02850039851566,
    "32": 115.01360179192334,
    "33": 117.7246041913593,
    "34": 118.06771174824864,
    "35": 114.45028932799738,
    "36": 114.56682832247677,
    "37": 121
  },
  "l": {
    "1,17,2": 132.75999999376393,
    "17,2,1": 374.6799999977103,
    "2,3,1": 119.73999999708747,
    "3,4,1": 312.719999997603,
    "4,5,1": 289.0899999978854,
    "5,6,1": 336.3299999979298,
    "6,7,1": 135.8099999982529,
    "7,24,1": 201.25999999751775,
    "24,8,1": 132.52999999758987,
    "8,28,1": 144.65999999712162,
    "28,9,1": 175.71999999778564,
    "9,36,1": 112.16999999758723,
    "36,1,1": 210.73999999676005,
    "1,31,4": 75.40999999902299,
    "31,10,3": 181.41999999913037,
    "10,11,2": 82.82604915100318,
    "10,11,3": 64.13395084847276,
    "11,19,2": 162.6899999979068,
    "19,12,1": 99.63999999766405,
    "12,4,1": 52.979999997916366,
    "2,18,1": 162.9699999977509,
    "18,10,1": 83.95999999789014,
    "10,32,1": 49.819999997229424,
    "32,27,2": 78.49999999851599,
    "27,16,1": 99.2699999962643,
    "16,25,2": 82.2899999977527,
    "25,8,1": 147.48999999791738,
    "3,11,1": 197.31999999792035,
    "11,26,1": 83.299999997506,
    "26,15,1": 113.79999999685518,
    "15,22,1": 80.81999999759941,
    "22,7,1": 340.96999999786135,
    "5,13,1": 77.3899999979173,
    "13,14,1": 112.36999999794547,
    "14,20,1": 37.33999999759184,
    "20,15,1": 108.84999999781218,
    "15,16,1": 182.81999999751224,
    "16,29,2": 136.019999998105,
    "29,30,1": 56.699999997800106,
    "30,9,1": 124.07999999791677,
    "17,18,1": 234.59999999771614,
    "12,13,1": 203.82999999786472,
    "19,20,1": 248.0499999978093,
    "14,21,1": 65.1899999979142,
    "21,6,1": 210.0899999979116,
    "21,22,1": 147.56999999794849,
    "22,23,1": 103.79999999750211,
    "24,23,1": 210.94999999787703,
    "23,25,2": 75.07999999061082,
    "26,27,1": 180.2899999975123,
    "28,29,1": 149.04999999782228,
    "29,33,2": 215.049999998365,
    "32,33,2": 144.43999999659283,
    "33,34,3": 34.7399999987772,
    "31,34,3": 59.92999999973591,
    "34,35,1": 165.66999999734384,
    "30,35,1": 119.9699999976453,
    "35,36,1": 83.16999999791462,
    "37,1,4": 0.9999999992336044
  },
  "D": {
    "1": 0.00049,
    "2": 0.00104,
    "3": 0.00102,
    "4": 0.00081,
    "5": 0.00063,
    "6": 0.00079,
    "7": 0.00026,
    "8": 0.00058,
    "9": 0.00054,
    "10": 0.00111,
    "11": 0.00175,
    "12": 0.00091,
    "13": 0.00116,
    "14": 0.00054,
    "15": 0.0011,
    "16": 0.00121,
    "17": 0.00127,
    "18": 0.00202,
    "19": 0.00188,
    "20": 0.00093,
    "21": 0.00096,
    "22": 0.00097,
    "23": 0.00086,
    "24": 0.00067,
    "25": 0.00077,
    "26": 0.00169,
    "27": 0.00142,
    "28": 0.0003,
    "29": 0.00062,
    "30": 0.00054,
    "31": 0.0009,
    "32": 0.00103,
    "33": 0.00077,
    "34": 0.00074,
    "35": 0.00116,
    "36": 0.00047,
    "37": 0
  },
  "Diameters": {
    "1": 0.06,
    "2": 0.08,
    "3": 0.125,
    "4": 0.15,
    "5": 0.2,
    "6": 0.25,
    "7": 0.3
  },
  "L": {
    "1,17": 132.76,
    "1,31": 75.41,
    "2,3": 119.74,
    "2,18": 162.97,
    "3,4": 312.72,
    "3,11": 197.32,
    "4,5": 289.09,
    "5,6": 336.33,
    "5,13": 77.39,
    "6,7": 135.81,
    "7,24": 201.26,
    "8,28": 144.66,
    "9,36": 112.17,
    "10,11": 146.96,
    "10,32": 49.82,
    "11,19": 162.69,
    "11,26": 83.3,
    "12,4": 52.98,
    "12,13": 203.83,
    "13,14": 112.37,
    "14,20": 37.34,
    "14,21": 65.19,
    "15,16": 182.82,
    "15,22": 80.82,
    "16,25": 82.29,
    "16,29": 136.02,
    "17,2": 374.68,
    "17,18": 234.6,
    "18,10": 83.96,
    "19,12": 99.64,
    "19,20": 248.05,
    "20,15": 108.85,
    "21,6": 210.09,
    "21,22": 147.57,
    "22,7": 340.97,
    "22,23": 103.8,
    "23,25": 75.08,
    "24,8": 132.53,
    "24,23": 210.95,
    "25,8": 147.49,
    "26,15": 113.8,
    "26,27": 180.29,
    "27,16": 99.27,
    "28,9": 175.72,
    "28,29": 149.05,
    "29,30": 56.7,
    "29,33": 215.05,
    "30,9": 124.08,
    "30,35": 119.97,
    "31,10": 181.42,
    "31,34": 59.93,
    "32,27": 78.5,
    "32,33": 144.44,
    "33,34": 34.74,
    "34,35": 165.67,
    "35,36": 83.17,
    "36,1": 210.74,
    "37,1": 1
  },
  "C": {
    "1": 6890,
    "2": 9980,
    "3": 19210,
    "4": 30100,
    "5": 60790,
    "6": 69790,
    "7": 110750
  },
  "hmin": {
    "1": 105.15,
    "2": 104.4,
    "3": 103.35,
    "4": 102.5,
    "5": 101.24000000000001,
    "6": 105.4,
    "7": 107.9,
    "8": 106.5,
    "9": 106,
    "10": 104.17,
    "11": 103.7,
    "12": 102.64,
    "13": 101.9,
    "14": 102.6,
    "15": 103.5,
    "16": 104.3,
    "17": 105.5,
    "18": 104.1,
    "19": 102.9,
    "20": 102.83,
    "21": 102.8,
    "22": 103.9,
    "23": 104.2,
    "24": 107.5,
    "25": 104.4,
    "26": 103.4,
    "27": 103.9,
    "28": 105.65,
    "29": 104.5,
    "30": 104.1,
    "31": 104.4,
    "32": 104.2,
    "33": 104.6,