{
  "iteration": 4,
  "objective": 66574991.53269862,
  "solve_time": 23.923638105392456,
  "q": {
    "1,17": 0.004866016826533941,
    "1,31": 0.025832319614905102,
    "2,3": 0.0015694712313472285,
    "2,18": -0.0009553168281741611,
    "3,4": 0.0014500420003253091,
    "3,11": -0.0009005707689780809,
    "4,5": 0.0005482866434638505,
    "5,6": -8.170435653746653e-05,
    "5,13": -8.999998683033727e-09,
    "6,7": -0.000630551088192465,
    "7,24": -0.0005296587593246674,
    "8,28": -0.0018066700724589978,
    "9,36": -0.001693113708141116,
    "10,11": 0.01104773786991254,
    "10,32": 0.003811598063376077,
    "11,19": 0.004233142519106659,
    "11,26": 0.0041640245818278,
    "12,4": -9.17553568614587e-05,
    "12,13": 0.0006597521686534188,
    "13,14": -0.0005002568313452641,
    "14,20": -0.001455884394645586,
    "14,21": 0.00041562756330032187,
    "15,16": -0.00108626985311513,
    "15,22": 0.0017489130156520766,
    "16,25": 0.00197049370512607,
    "16,29": -0.0015280081744188032,
    "17,2": 0.0016541544031730673,
    "17,18": 0.001941862423360873,
    "18,10": -0.0010334544048132882,
    "19,12": 0.0014779968117919601,
    "19,20": 0.0008751457073146995,
    "20,15": -0.0015107386873308866,
    "21,6": 0.00024115326834500155,
    "21,22": -0.0007855257050446797,
    "22,7": 0.00036089232886779755,
    "22,23": -0.00036750501826040064,
    "23,25": -0.0013720421997560806,
    "24,8": -0.0010551215778289876,
    "24,23": -0.00014453718149567987,
    "25,8": -0.0001715484946300103,
    "26,15": 0.0032733818498678333,
    "26,27": -0.0007993572680400337,
    "27,16": 0.002738755383822397,
    "28,9": -0.001106737613316207,
    "28,29": -0.0009999324591427909,
    "29,30": -0.0010546831273111584,
    "29,33": -0.0020932575062504355,
    "30,9": -4.6376094824909065e-05,
    "30,35": -0.0015483070324862492,
    "31,10": 0.017002790338101904,
    "31,34": 0.007929529276803196,
    "32,27": 0.004958112651862431,
    "32,33": -0.002176514588486354,
    "33,34": -0.005039772094736789,
    "34,35": 0.002149757182066407,
    "35,36": -0.0005585498504198423,
    "36,1": -0.0027216635585609584,
    "37,1": 0.03391
  },
  "h": {
    "1": 120.95881239084648,
    "2": 112.77607747907494,
    "3": 111.33282502139778,
    "4": 108.07745526135952,
    "5": 107.58058489333312,
    "6": 107.5975990948733,
    "7": 107.89999892100401,
    "8": 108.99012674090902,
    "9": 112.36204958473782,
    "10": 114.02611735304872,
    "11": 112.1829954374705,
    "12": 108.07413269886852,
    "13": 107.58058489333395,
    "14": 107.74356090998332,
    "15": 109.35768744160639,
    "16": 110.47236229816215,
    "17": 117.7538056624919,
    "18": 113.55934213970824,
    "19": 109.14870802934199,
    "20": 108.13517034468822,
    "21": 107.67648149735618,
    "22": 108.17011311675424,
    "23": 108.25515497996369,
    "24": 108.22446267217036,
    "25": 108.96065437737542,
    "26": 110.67604215976205,
    "27": 111.29893834005367,
    "28": 111.25297755260205,
    "29": 112.03253026097887,
    "30": 112.35985047779897,
    "31": 119.08228222847924,
    "32": 113.26099612598911,
    "33": 116.45098935075725,
    "34": 117.345964505903,
    "35": 113.76996963611109,
    "36": 113.91791223526731,
    "37": 121
  },
  "l": {
    "1,17,2": 132.76000005828007,
    "17,2,1": 374.68000005850723,
    "2,3,1": 119.74000005844917,
    "3,4,1": 312.7200000584478,
    "4,5,1": 289.090000058198,
    "5,6,1": 336.33000005862124,
    "6,7,1": 135.8100000586254,
    "7,24,1": 201.2600000584742,
    "24,8,1": 132.5300000583438,
    "8,28,1": 144.66000005769902,
    "28,9,1": 175.72000005852217,
    "9,36,1": 112.17000005838062,
    "36,1,1": 210.74000005755667,
    "1,31,4": 75.41000005938783,
    "31,10,3": 181.42000005917748,
    "10,11,3": 146.96000005933905,
    "11,19,2": 162.69000005811722,
    "19,12,1": 99.6400000583748,
    "12,4,1": 52.980000058647654,
    "2,18,1": 162.97000005861204,
    "18,10,1": 83.96000005866505,
    "10,32,2": 49.820000058393134,
    "32,27,2": 78.500000058897,
    "27,16,2": 99.27000005702901,
    "16,25,1": 82.29000005227464,
    "25,8,1": 147.49000005863576,
    "3,11,1": 197.3200000586247,
    "11,26,2": 83.300000058837,
    "26,15,2": 113.80000005851477,
    "15,22,1": 80.56532877258182,
    "15,22,2": 0.25467127680959994,
    "22,7,1": 340.9700000585613,
    "5,13,1": 77.39000005863439,
    "13,14,1": 112.37000005894075,
    "14,20,1": 37.34000005875839,
    "20,15,1": 108.85000005878446,
    "15,16,1": 182.82000005858396,
    "16,29,1": 136.02000005844545,
    "29,30,1": 56.70000005855528,
    "30,9,1": 124.08000005863417,
    "17,18,1": 234.60000005841397,
    "12,13,1": 203.83000005890068,
    "19,20,1": 248.05000005862,
    "14,21,1": 65.19000005824086,
    "21,6,1": 210.09000005852948,
    "21,22,1": 147.57000005871595,
    "22,23,1": 103.80000005864056,
    "24,23,1": 210.95000005862735,
    "23,25,1": 75.08000005807561,
    "26,27,1": 180.2900000586232,
    "28,29,1": 149.05000005854652,
    "29,33,1": 215.050000058145,
    "32,33,1": 144.44000005824313,
    "33,34,2": 34.74000005885338,
    "31,34,2": 25.157655596694262,
    "31,34,3": 34.772344452781645,
    "34,35,1": 165.67000005823706,
    "30,35,1": 119.97000005843125,
    "35,36,1": 83.17000005863227,
    "37,1,4": 1.0000000096975188
  },
  "D": {
    "1": 0.00049,
    "2": 0.00104,
    "3": 0.00102,
    "4": 0.00081,
    "5": 0.00063,
    "6": 0.00079,
    "7": 0.00026,
    "8": 0.00058,
    "9": 0.00054,
    "10": 0.00111,
    "11": 0.00175,
    "12": 0.00091,
    "13": 0.00116,
    "14": 0.00054,
    "15": 0.0011,
    "16": 0.00121,
    "17": 0.00127,
    "18": 0.00202,
    "19": 0.00188,
    "20": 0.00093,
    "21": 0.00096,
    "22": 0.00097,
    "23": 0.00086,
    "24": 0.00067,
    "25": 0.00077,
    "26": 0.00169,
    "27": 0.00142,
    "28": 0.0003,
    "29": 0.00062,
    "30": 0.00054,
    "31": 0.0009,
    "32": 0.00103,
    "33": 0.00077,
    "34": 0.00074,
    "35": 0.00116,
    "36": 0.00047,
    "37": 0
  },
  "Diameters": {
    "1": 0.06,
    "2": 0.08,
    "3": 0.125,
    "4": 0.15,
    "5": 0.2,
    "6": 0.25,
    "7": 0.3
  },
  "L": {
    "1,17": 132.76,
    "1,31": 75.41,
    "2,3": 119.74,
    "2,18": 162.97,
    "3,4": 312.72,
    "3,11": 197.32,
    "4,5": 289.09,
    "5,6": 336.33,
    "5,13": 77.39,
    "6,7": 135.81,
    "7,24": 201.26,
    "8,28": 144.66,
    "9,36": 112.17,
    "10,11": 146.96,
    "10,32": 49.82,
    "11,19": 162.69,
    "11,26": 83.3,
    "12,4": 52.98,
    "12,13": 203.83,
    "13,14": 112.37,
    "14,20": 37.34,
    "14,21": 65.19,
    "15,16": 182.82,
    "15,22": 80.82,
    "16,25": 82.29,
    "16,29": 136.02,
    "17,2": 374.68,
    "17,18": 234.6,
    "18,10": 83.96,
    "19,12": 99.64,
    "19,20": 248.05,
    "20,15": 108.85,
    "21,6": 210.09,
    "21,22": 147.57,
    "22,7": 340.97,
    "22,23": 103.8,
    "23,25": 75.08,
    "24,8": 132.53,
    "24,23": 210.95,
    "25,8": 147.49,
    "26,15": 113.8,
    "26,27": 180.29,
    "27,16": 99.27,
    "28,9": 175.72,
    "28,29": 149.05,
    "29,30": 56.7,
    "29,33": 215.05,
    "30,9": 124.08,
    "30,35": 119.97,
    "31,10": 181.42,
    "31,34": 59.93,
    "32,27": 78.5,
    "32,33": 144.44,
    "33,34": 34.74,
    "34,35": 165.67,
    "35,36": 83.17,
    "36,1": 210.74,
    "37,1": 1
  },
  "C": {
    "1": 6890,
    "2": 9980,
    "3": 19210,
    "4": 30100,
    "5": 60790,
    "6": 69790,
    "7": 110750
  },
  "hmin": {
    "1": 105.15,
    "2": 104.4,
    "3": 103.35,
    "4": 102.5,
    "5": 101.24000000000001,
    "6": 105.4,
    "7": 107.9,
    "8": 106.5,
    "9": 106,
    "10": 104.17,
    "11": 103.7,
    "12": 102.64,
    "13": 101.9,
    "14": 102.6,
    "15": 103.5,
    "16": 104.3,
    "17": 105.5,
    "18": 104.1,
    "19": 102.9,
    "20": 102.83,
    "21": 102.8,
    "22": 103.9,
    "23": 104.2,
    "24": 107.5,
    "25": 104.4,
    "26": 103.4,
    "27": 103.9,
    "28": 105.65,
    "29": 104.5,
    "30": 104.1,
    "31": 104.4,
    "32": 104.2,