{
  "iteration": 3,
  "objective": 66951237.8078124,
  "solve_time": 20.87125539779663,
  "q": {
    "1,17": 0.0033855015282399183,
    "1,31": 0.02736078170341258,
    "2,3": 0.0011716648208912165,
    "2,18": -0.0011165004252788105,
    "3,4": 0.001388763952792657,
    "3,11": -0.0012370991319014405,
    "4,5": 0.0005722632965277164,
    "5,6": -2.614936086378878e-05,
    "5,13": -3.1587342608494805e-05,
    "6,7": -0.0005754555087986908,
    "7,24": -0.0004835855345672848,
    "8,28": -0.0018940304735641752,
    "9,36": -0.0017317985406985954,
    "10,11": 0.01189953675614677,
    "10,32": 8.999999737775219e-09,
    "11,19": 0.004429218599453804,
    "11,26": 0.004483219024791527,
    "12,4": -6.5006562649405505e-06,
    "12,13": 0.0006906179189615268,
    "13,14": -0.000500969423646968,
    "14,20": -0.0015084967920770134,
    "14,21": 0.00046752736843004545,
    "15,16": -0.0007667272802901604,
    "15,22": 0.0017949294853087051,
    "16,25": 0.0017296620335608632,
    "16,29": -0.0018410081075694586,
    "17,2": 0.001095164395612406,
    "17,18": 0.0010203371326275128,
    "18,10": -0.002116163292651298,
    "19,12": 0.0015941172626965864,
    "19,20": 0.0009551013367572175,
    "20,15": -0.001483395455319796,
    "21,6": 0.000240693852065098,
    "21,22": -0.0007331664836350525,
    "22,7": 0.00035186997423140604,
    "22,23": -0.0002601069725577536,
    "23,25": -0.001258813570424616,
    "24,8": -0.0010148789367004222,
    "24,23": -0.0001387065978668626,
    "25,8": -0.00029915153686375294,
    "26,15": 0.0036115976603383407,
    "26,27": -0.0008183786355468139,
    "27,16": 0.001865381206281565,
    "28,9": -0.001153984444732382,
    "28,29": -0.0010400460288317933,
    "29,30": -0.0011076014892755367,
    "29,33": -0.002393452647125715,
    "30,9": -3.781409596621322e-05,
    "30,35": -0.0016097873933093236,
    "31,10": 0.015125709048797807,
    "31,34": 0.011335072654614772,
    "32,27": 0.004103759841828379,
    "32,33": -0.005133750841828641,
    "33,34": -0.008297203488954356,
    "34,35": 0.0022978691656604165,
    "35,36": -0.0004719182276489071,
    "36,1": -0.0026737167683475024,
    "37,1": 0.03391
  },
  "h": {
    "1": 120.98985356371075,
    "2": 112.02559317566106,
    "3": 111.1856866351061,
    "4": 108.18050068523952,
    "5": 107.64264162120843,
    "6": 107.64470448837741,
    "7": 107.8999989210001,
    "8": 108.88659847637048,
    "9": 112.55460627370366,
    "10": 114.83124080956921,
    "11": 112.71632316864692,
    "12": 108.18047607261185,
    "13": 107.64331514029506,
    "14": 107.80672136270323,
    "15": 109.40679766588512,
    "16": 109.99151572980024,
    "17": 114.34482432471874,
    "18": 113.07105978170178,
    "19": 109.41662011338454,
    "20": 108.22494286370618,
    "21": 107.72330880320814,
    "22": 108.15774012394385,
    "23": 108.20257610500784,
    "24": 108.17413730774378,
    "25": 108.80405533761002,
    "26": 110.98847417722783,
    "27": 111.63909925905116,
    "28": 111.35625720980396,
    "29": 112.1947148990789,
    "30": 112.55309937475538,
    "31": 118.90252456527614,
    "32": 114.83124080956881,
    "33": 117.85790682494788,
    "34": 118.11429857704428,
    "35": 114.06866864821828,
    "36": 114.17694553411677,
    "37": 121
  },
  "l": {
    "1,17,1": 132.7600000598114,
    "17,2,1": 374.68000005994827,
    "2,3,1": 119.74000005994374,
    "3,4,1": 312.7200000599368,
    "4,5,1": 289.0900000599484,
    "5,6,1": 336.3300000599505,
    "6,7,1": 135.81000005995642,
    "7,24,1": 201.26000005994644,
    "24,8,1": 132.5300000599417,
    "8,28,1": 144.6600000598964,
    "28,9,1": 175.72000005994502,
    "9,36,1": 112.1700000599357,
    "36,1,1": 210.7400000598649,
    "1,31,4": 75.41000005998033,
    "31,10,3": 181.42000005997664,
    "10,11,3": 146.96000005997422,
    "11,19,2": 162.69000005995912,
    "19,12,1": 99.64000005992555,
    "12,4,1": 52.98000005995046,
    "2,18,1": 162.97000005994715,
    "18,10,1": 83.96000005994486,
    "10,32,1": 49.820000059950466,
    "32,27,1": 33.59629488222807,
    "32,27,2": 44.90370516774985,
    "27,16,1": 99.27000005993126,
    "16,25,1": 82.29000005990356,
    "25,8,1": 147.4900000599505,
    "3,11,1": 197.32000005994857,
    "11,26,2": 83.30000005995167,
    "26,15,2": 113.80000005996011,
    "15,22,1": 80.820000059684,
    "22,7,1": 340.97000005994863,
    "5,13,1": 77.39000005995045,
    "13,14,1": 112.37000005994955,
    "14,20,1": 37.34000005991042,
    "20,15,1": 108.85000005993973,
    "15,16,1": 182.8200000599495,
    "16,29,1": 136.02000005992332,
    "29,30,1": 56.70000005994501,
    "30,9,1": 124.08000005995046,
    "17,18,1": 234.60000005994917,
    "12,13,1": 203.83000005994697,
    "19,20,1": 248.05000005994523,
    "14,21,1": 65.19000005994899,
    "21,6,1": 210.09000005995014,
    "21,22,1": 147.57000005995124,
    "22,23,1": 103.80000005995043,
    "24,23,1": 210.95000005995027,
    "23,25,1": 75.08000005993445,
    "26,27,1": 180.29000005995138,
    "28,29,1": 149.05000005994677,
    "29,33,1": 215.0500000598998,
    "32,33,2": 109.56488619348984,
    "32,33,3": 34.87511385649113,
    "33,34,3": 34.74000005997631,
    "31,34,3": 59.930000059975775,
    "34,35,1": 165.67000005992296,
    "30,35,1": 119.97000005993857,
    "35,36,1": 83.17000005995037,
    "37,1,5": 1.0000000096903545
  },
  "D": {
    "1": 0.00049,
    "2": 0.00104,
    "3": 0.00102,
    "4": 0.00081,
    "5": 0.00063,
    "6": 0.00079,
    "7": 0.00026,
    "8": 0.00058,
    "9": 0.00054,
    "10": 0.00111,
    "11": 0.00175,
    "12": 0.00091,
    "13": 0.00116,
    "14": 0.00054,
    "15": 0.0011,
    "16": 0.00121,
    "17": 0.00127,
    "18": 0.00202,
    "19": 0.00188,
    "20": 0.00093,
    "21": 0.00096,
    "22": 0.00097,
    "23": 0.00086,
    "24": 0.00067,
    "25": 0.00077,
    "26": 0.00169,
    "27": 0.00142,
    "28": 0.0003,
    "29": 0.00062,
    "30": 0.00054,
    "31": 0.0009,
    "32": 0.00103,
    "33": 0.00077,
    "34": 0.00074,
    "35": 0.00116,
    "36": 0.00047,
    "37": 0
  },
  "Diameters": {
    "1": 0.06,
    "2": 0.08,
    "3": 0.125,
    "4": 0.15,
    "5": 0.2,
    "6": 0.25,
    "7": 0.3
  },
  "L": {
    "1,17": 132.76,
    "1,31": 75.41,
    "2,3": 119.74,
    "2,18": 162.97,
    "3,4": 312.72,
    "3,11": 197.32,
    "4,5": 289.09,
    "5,6": 336.33,
    "5,13": 77.39,
    "6,7": 135.81,
    "7,24": 201.26,
    "8,28": 144.66,
    "9,36": 112.17,
    "10,11": 146.96,
    "10,32": 49.82,
    "11,19": 162.69,
    "11,26": 83.3,
    "12,4": 52.98,
    "12,13": 203.83,
    "13,14": 112.37,
    "14,20": 37.34,
    "14,21": 65.19,
    "15,16": 182.82,
    "15,22": 80.82,
    "16,25": 82.29,
    "16,29": 136.02,
    "17,2": 374.68,
    "17,18": 234.6,
    "18,10": 83.96,
    "19,12": 99.64,
    "19,20": 248.05,
    "20,15": 108.85,
    "21,6": 210.09,
    "21,22": 147.57,
    "22,7": 340.97,
    "22,23": 103.8,
    "23,25": 75.08,
    "24,8": 132.53,
    "24,23": 210.95,
    "25,8": 147.49,
    "26,15": 113.8,
    "26,27": 180.29,
    "27,16": 99.27,
    "28,9": 175.72,
    "28,29": 149.05,
    "29,30": 56.7,
    "29,33": 215.05,
    "30,9": 124.08,
    "30,35": 119.97,
    "31,10": 181.42,
    "31,34": 59.93,
    "32,27": 78.5,
    "32,33": 144.44,
    "33,34": 34.74,
    "34,35": 165.67,
    "35,36": 83.17,
    "36,1": 210.74,
    "37,1": 1
  },
  "C": {
    "1": 6890,
    "2": 9980,
    "3": 19210,
    "4": 30100,
    "5": 60790,
    "6": 69790,
    "7": 110750
  },
  "hmin": {
    "1": 105.15,
    "2": 104.4,
    "3": 103.35,
    "4": 102.5,
    "5": 101.24000000000001,
    "6": 105.4,
    "7": 107.9,
    "8": 106.5,
    "9": 106,
    "10": 104.17,
    "11": 103.7,
    "12": 102.64,
    "13": 101.9,
    "14": 102.6,
    "15": 103.5,
    "16": 104.3,
    "17": 105.5,
    "18": 104.1,
    "19": 102.9,
    "20": 102.83,
    "21": 102.8,
    "22": 103.9,
    "23": 104.2,
    "24": 107.5,
    "25": 104.4,
    "26": 103.4,
    "27": 103.9,
    "28": 105.65,
    "29": 104.5,
    "30": 104.1,
    "31": 104.4,
    "32": 104.2,