{
  "iteration": 5,
  "objective": 66574725.17340666,
  "solve_time": 45.82351541519165,
  "q": {
    "1,17": 0.004865913375703847,
    "1,31": 0.02583266247732147,
    "2,3": 0.0015694376208271294,
    "2,18": -0.0009553251289587811,
    "3,4": 0.0014500678015823237,
    "3,11": -0.0009006301807551944,
    "4,5": 0.0005483378224729251,
    "5,6": -8.152670928718585e-05,
    "5,13": -1.3546823988877957e-07,
    "6,7": -0.0006303773885726114,
    "7,24": -0.0005296848709927883,
    "8,28": -0.0018069172306464994,
    "9,36": -0.0016931454729509228,
    "10,11": 0.011047446270916967,
    "10,32": 0.0038109537695817787,
    "11,19": 0.004233210424779454,
    "11,26": 0.004163605665382319,
    "12,4": -9.172997910941146e-05,
    "12,13": 0.0006598153930032851,
    "13,14": -0.0005003200752366036,
    "14,20": -0.0014563121832262516,
    "14,21": 0.0004159921079896484,
    "15,16": -0.0010860678513370816,
    "15,22": 0.0017477990285075533,
    "16,25": 0.0019708183421434846,
    "16,29": -0.0015281776514590954,
    "17,2": 0.0016541124918683485,
    "17,18": 0.0019418008838354985,
    "18,10": -0.0010335242451232826,
    "19,12": 0.001478085413893882,
    "19,20": 0.000875125010885572,
    "20,15": -0.0015111871723406797,
    "21,6": 0.00024114932071457446,
    "21,22": -0.000785157212724926,
    "22,7": 0.00036069251757982304,
    "22,23": -0.0003680507017971959,
    "23,25": -0.0013724033734750704,
    "24,8": -0.0010553321993149135,
    "24,23": -0.00014435267167787466,
    "25,8": -0.00017158503133158593,
    "26,15": 0.003272918349511152,
    "26,27": -0.0007993126841288338,
    "27,16": 0.002738708542021471,
    "28,9": -0.0011068484782906715,
    "28,29": -0.001000068752355828,
    "29,30": -0.0010547108078802759,
    "29,33": -0.002093535595934647,
    "30,9": -4.629699466025006e-05,
    "30,35": -0.0015484138132200258,
    "31,10": 0.017001924285622024,
    "31,34": 0.007930738191699442,
    "32,27": 0.004958021226150305,
    "32,33": -0.0021770674565685265,
    "33,34": -0.005040603052503171,
    "34,35": 0.00215013513919627,
    "35,36": -0.0005582786740237559,
    "36,1": -0.0027214241469746777,
    "37,1": 0.033909999999999996
  },
  "h": {
    "1": 120.95881234613994,
    "2": 112.77643719894077,
    "3": 111.33324198216768,
    "4": 108.07776494616064,
    "5": 107.58080867973776,
    "6": 107.59775443286853,
    "7": 107.9000000000037,
    "8": 108.99044052890228,
    "9": 112.36314248333716,
    "10": 114.02654809869426,
    "11": 112.18351627367133,
    "12": 108.07444408538016,
    "13": 107.58080868253212,
    "14": 107.74382285955966,
    "15": 109.35883473985298,
    "16": 110.47312573659791,
    "17": 117.75393180860709,
    "18": 113.55971446371612,
    "19": 109.14913872045533,
    "20": 108.13564542669336,
    "21": 107.67663444387917,
    "22": 108.16983729229271,
    "23": 108.25511316088091,
    "24": 108.22449337583062,
    "25": 108.96095653918057,
    "26": 110.67684375695032,
    "27": 111.29967559667062,
    "28": 111.25386468777133,
    "29": 112.0336141913842,
    "30": 112.3609503179263,
    "31": 119.08223603065555,
    "32": 113.26166637807287,
    "33": 116.45316045287707,
    "34": 117.34840891442624,
    "35": 113.77124958868762,
    "36": 113.91905919304021,
    "37": 121
  },
  "l": {
    "1,17,2": 132.75999999788382,
    "17,2,1": 374.6799999976449,
    "2,3,1": 119.73999999749952,
    "3,4,1": 312.71999999748937,
    "4,5,1": 289.0899999978584,
    "5,6,1": 336.3299999979211,
    "6,7,1": 135.8099999981675,
    "7,24,1": 201.25999999772978,
    "24,8,1": 132.5299999975293,
    "8,28,1": 144.65999999656452,
    "28,9,1": 175.71999999773584,
    "9,36,1": 112.16999999747257,
    "36,1,1": 210.73999999595378,
    "1,31,4": 75.40999999923667,
    "31,10,3": 181.41999999844987,
    "10,11,3": 146.9599999991327,
    "11,19,2": 162.68999999845101,
    "19,12,1": 99.63999999736404,
    "12,4,1": 52.97999999791674,
    "2,18,1": 162.96999999786547,
    "18,10,1": 83.95999999797341,
    "10,32,2": 49.81999999705552,
    "32,27,2": 78.49999999853252,
    "27,16,2": 99.26999998852239,
    "16,25,1": 82.29,
    "25,8,1": 147.48999999791795,
    "3,11,1": 197.31999999789454,
    "11,26,2": 83.29999999844829,
    "26,15,2": 113.79999999807465,
    "15,22,1": 80.81999999442505,
    "22,7,1": 340.96999999783634,
    "5,13,1": 77.38999999791677,
    "13,14,1": 112.36999999789658,
    "14,20,1": 37.339999996857145,
    "20,15,1": 108.8499999974647,
    "15,16,1": 182.81999999773907,
    "16,29,1": 136.01999999750748,
    "29,30,1": 56.69999999776048,
    "30,9,1": 124.07999999791677,
    "17,18,1": 234.5999999974479,
    "12,13,1": 203.829999997815,
    "19,20,1": 248.0499999977774,
    "14,21,1": 65.18999999786352,
    "21,6,1": 210.08999999790012,
    "21,22,1": 147.56999999793777,
    "22,23,1": 103.7999999979089,
    "24,23,1": 210.9499999979095,
    "23,25,1": 75.07999999711322,
    "26,27,1": 180.28999999786657,
    "28,29,1": 149.04999999778425,
    "29,33,1": 215.04999999708485,
    "32,33,1": 144.43999999703868,
    "33,34,2": 34.73999999849227,
    "31,34,2": 25.10127060469293,
    "31,34,3": 34.82872939478297,
    "34,35,1": 165.66999999724814,
    "30,35,1": 119.96999999756262,
    "35,36,1": 83.16999999791221,
    "37,1,4": 0.9999999989436823
  },
  "D": {
    "1": 0.00049,
    "2": 0.00104,
    "3": 0.00102,
    "4": 0.00081,
    "5": 0.00063,
    "6": 0.00079,
    "7": 0.00026,
    "8": 0.00058,
    "9": 0.00054,
    "10": 0.00111,
    "11": 0.00175,
    "12": 0.00091,
    "13": 0.00116,
    "14": 0.00054,
    "15": 0.0011,
    "16": 0.00121,
    "17": 0.00127,
    "18": 0.00202,
    "19": 0.00188,
    "20": 0.00093,
    "21": 0.00096,
    "22": 0.00097,
    "23": 0.00086,
    "24": 0.00067,
    "25": 0.00077,
    "26": 0.00169,
    "27": 0.00142,
    "28": 0.0003,
    "29": 0.00062,
    "30": 0.00054,
    "31": 0.0009,
    "32": 0.00103,
    "33": 0.00077,
    "34": 0.00074,
    "35": 0.00116,
    "36": 0.00047,
    "37": 0
  },
  "Diameters": {
    "1": 0.06,
    "2": 0.08,
    "3": 0.125,
    "4": 0.15,
    "5": 0.2,
    "6": 0.25,
    "7": 0.3
  },
  "L": {
    "1,17": 132.76,
    "1,31": 75.41,
    "2,3": 119.74,
    "2,18": 162.97,
    "3,4": 312.72,
    "3,11": 197.32,
    "4,5": 289.09,
    "5,6": 336.33,
    "5,13": 77.39,
    "6,7": 135.81,
    "7,24": 201.26,
    "8,28": 144.66,
    "9,36": 112.17,
    "10,11": 146.96,
    "10,32": 49.82,
    "11,19": 162.69,
    "11,26": 83.3,
    "12,4": 52.98,
    "12,13": 203.83,
    "13,14": 112.37,
    "14,20": 37.34,
    "14,21": 65.19,
    "15,16": 182.82,
    "15,22": 80.82,
    "16,25": 82.29,
    "16,29": 136.02,
    "17,2": 374.68,
    "17,18": 234.6,
    "18,10": 83.96,
    "19,12": 99.64,
    "19,20": 248.05,
    "20,15": 108.85,
    "21,6": 210.09,
    "21,22": 147.57,
    "22,7": 340.97,
    "22,23": 103.8,
    "23,25": 75.08,
    "24,8": 132.53,
    "24,23": 210.95,
    "25,8": 147.49,
    "26,15": 113.8,
    "26,27": 180.29,
    "27,16": 99.27,
    "28,9": 175.72,
    "28,29": 149.05,
    "29,30": 56.7,
    "29,33": 215.05,
    "30,9": 124.08,
    "30,35": 119.97,
    "31,10": 181.42,
    "31,34": 59.93,
    "32,27": 78.5,
    "32,33": 144.44,
    "33,34": 34.74,
    "34,35": 165.67,
    "35,36": 83.17,
    "36,1": 210.74,
    "37,1": 1
  },
  "C": {
    "1": 6890,
    "2": 9980,
    "3": 19210,
    "4": 30100,
    "5": 60790,
    "6": 69790,
    "7": 110750
  },
  "hmin": {
    "1": 105.15,
    "2": 104.4,
    "3": 103.35,
    "4": 102.5,
    "5": 101.24000000000001,
    "6": 105.4,
    "7": 107.9,
    "8": 106.5,
    "9": 106,
    "10": 104.17,
    "11": 103.7,
    "12": 102.64,
    "13": 101.9,
    "14": 102.6,
    "15": 103.5,
    "16": 104.3,
    "17": 105.5,
    "18": 104.1,
    "19": 102.9,
    "20": 102.83,
    "21": 102.8,
    "22": 103.9,
    "23": 104.2,
    "24": 107.5,
    "25": 104.4,
    "26": 103.4,
    "27": 103.9,
    "28": 105.65,
    "29": 104.5,
    "30": 104.1,
    "31": 104.4,
    "32": 104.2,
    "33": 104.6,
    "34": 104.7,