{
  "iteration": 4,
  "objective": 66725651.50671137,
  "solve_time": 44.893637895584106,
  "q": {
    "1,17": 0.0033836427391661494,
    "1,31": 0.027401719802690624,
    "2,3": 0.0011163206161449322,
    "2,18": -0.0010736035703558773,
    "3,4": 0.001423818721908394,
    "3,11": -0.0013274981057634617,
    "4,5": 0.0006126713838048992,
    "5,6": -6.339227107315605e-05,
    "5,13": 4.606365487805531e-05,
    "6,7": -0.0006978469404387103,
    "7,24": -0.000699279623721796,
    "8,28": -0.0017513104859410206,
    "9,36": -0.001686436537472474,
    "10,11": 0.010490574418765202,
    "10,32": 0.0016491414203956595,
    "11,19": 0.004624597023416698,
    "11,26": 0.002788479289585042,
    "12,4": -1.1473381034956113e-06,
    "12,13": 0.0007407876706740194,
    "13,14": -0.00037314867444792515,
    "14,20": -0.001258858716194576,
    "14,21": 0.0003457100417466506,
    "15,16": -0.0013474672677859126,
    "15,22": 0.0011454688375571803,
    "16,25": 0.002680902905828305,
    "16,29": -0.0018337130194645184,
    "17,2": 0.001082717045789055,
    "17,18": 0.0010309256933770943,
    "18,10": -0.002062677876978783,
    "19,12": 0.0016496403325705245,
    "19,20": 0.0010949566908461732,
    "20,15": -0.001093902025348403,
    "21,6": 0.00015554533063444565,
    "21,22": -0.0007698352888877952,
    "22,7": 0.0002585673167169143,
    "22,23": -0.0008529337680475293,
    "23,25": -0.0017795172691440406,
    "24,8": -0.0013026961226252846,
    "24,23": -6.658350109651131e-05,
    "25,8": 0.000131385636684264,
    "26,15": 0.0019919035951196707,
    "26,27": -0.0008934243055346286,
    "27,16": 0.003404657154149699,
    "28,9": -0.0010879643679809726,
    "28,29": -0.0009633461179600481,
    "29,30": -0.001082608279613613,
    "29,33": -0.002334450857810953,
    "30,9": -5.8472169491500586e-05,
    "30,35": -0.001564136110122112,
    "31,10": 0.015312393716139645,
    "31,34": 0.01118932608655098,
    "32,27": 0.005718081459684328,
    "32,33": -0.005098940039288668,
    "33,34": -0.008203390897099618,
    "34,35": 0.002245935189451363,
    "35,36": -0.00047820092067074783,
    "36,1": -0.0026346374581432234,
    "37,1": 0.033909999999999996
  },
  "h": {
    "1": 120.95881234615244,
    "2": 112.04988903429535,
    "3": 111.28197569691321,
    "4": 108.13479564089538,
    "5": 107.52449137279993,
    "6": 107.53512556933944,
    "7": 107.9000000000034,
    "8": 109.57405718979035,
    "9": 112.78465585393279,
    "10": 114.70086236123035,
    "11": 113.02618154486633,
    "12": 108.13479495973746,
    "13": 107.52313683166865,
    "14": 107.61783541794401,
    "15": 108.5893254830954,
    "16": 110.25066840680695,
    "17": 114.32053839076939,
    "18": 113.02218500421729,
    "19": 109.4518577191613,
    "20": 107.91699266733626,
    "21": 107.57014364969393,
    "22": 108.04567008033675,
    "23": 108.45007863625682,
    "24": 108.44277360046728,
    "25": 109.59204097459148,
    "26": 110.72214944989875,
    "27": 111.48756705367254,
    "28": 111.71017322880071,
    "29": 112.43772637923705,
    "30": 112.78127785493518,
    "31": 118.86569559516153,
    "32": 114.04269978613551,
    "33": 117.8450879242478,
    "34": 118.09613678744002,
    "35": 114.21821225350442,
    "36": 114.32917392928604,
    "37": 121
  },
  "l": {
    "1,17,1": 132.75999999136633,
    "17,2,1": 374.6799999978222,
    "2,3,1": 119.73999999770083,
    "3,4,1": 312.7199999974065,
    "4,5,1": 289.0899999978314,
    "5,6,1": 336.3299999979195,
    "6,7,1": 135.80999999821236,
    "7,24,1": 201.25999999758238,
    "24,8,1": 132.52999999720407,
    "8,28,1": 144.6599999968052,
    "28,9,1": 175.7199999977443,
    "9,36,1": 112.16999999742988,
    "36,1,1": 210.73999999597498,
    "1,31,4": 75.40999999933328,
    "31,10,3": 181.4199999988383,
    "10,11,3": 146.95999999912988,
    "11,19,2": 162.6899999985401,
    "19,12,1": 99.63999999707023,
    "12,4,1": 52.9799999979166,
    "2,18,1": 162.9699999978207,
    "18,10,1": 83.9599999978842,
    "10,32,1": 49.81999999737961,
    "32,27,2": 78.4999999977497,
    "27,16,2": 99.26999999819897,
    "16,25,2": 82.2899999966476,
    "25,8,1": 147.4899999979151,
    "3,11,1": 197.31999999782818,
    "11,26,1": 60.255693999893175,
    "11,26,2": 23.044305999498242,
    "26,15,1": 113.79999999447917,
    "15,22,1": 80.81999999710864,
    "22,7,1": 340.9699999978611,
    "5,13,1": 77.38999999791753,
    "13,14,1": 112.36999999791311,
    "14,20,1": 37.339999997283336,
    "20,15,1": 108.8499999977976,
    "15,16,1": 182.81999999749334,
    "16,29,1": 136.02,
    "29,30,1": 56.69999999771742,
    "30,9,1": 124.07999999791664,
    "17,18,1": 234.5999999978377,
    "12,13,1": 203.8299999977715,
    "19,20,1": 248.04999999762535,
    "14,21,1": 65.18999999787587,
    "21,6,1": 210.0899999979095,
    "21,22,1": 147.56999999795232,
    "22,23,1": 103.79999999778384,
    "24,23,1": 210.9499999979152,
    "23,25,1": 75.07999999470543,
    "26,27,1": 180.2899999978661,
    "28,29,1": 149.04999999780773,
    "29,33,1": 215.04999999642735,
    "32,33,2": 144.43999999854714,
    "33,34,3": 34.739999998030335,
    "31,34,3": 59.929999999126586,
    "34,35,1": 165.66999999703202,
    "30,35,1": 119.96999999751549,
    "35,36,1": 83.169999997914,
    "37,1,4": 0.9999999986147827
  },
  "D": {
    "1": 0.00049,
    "2": 0.00104,
    "3": 0.00102,
    "4": 0.00081,
    "5": 0.00063,
    "6": 0.00079,
    "7": 0.00026,
    "8": 0.00058,
    "9": 0.00054,
    "10": 0.00111,
    "11": 0.00175,
    "12": 0.00091,
    "13": 0.00116,
    "14": 0.00054,
    "15": 0.0011,
    "16": 0.00121,
    "17": 0.00127,
    "18": 0.00202,
    "19": 0.00188,
    "20": 0.00093,
    "21": 0.00096,
    "22": 0.00097,
    "23": 0.00086,
    "24": 0.00067,
    "25": 0.00077,
    "26": 0.00169,
    "27": 0.00142,
    "28": 0.0003,
    "29": 0.00062,
    "30": 0.00054,
    "31": 0.0009,
    "32": 0.00103,
    "33": 0.00077,
    "34": 0.00074,
    "35": 0.00116,
    "36": 0.00047,
    "37": 0
  },
  "Diameters": {
    "1": 0.06,
    "2": 0.08,
    "3": 0.125,
    "4": 0.15,
    "5": 0.2,
    "6": 0.25,
    "7": 0.3
  },
  "L": {
    "1,17": 132.76,
    "1,31": 75.41,
    "2,3": 119.74,
    "2,18": 162.97,
    "3,4": 312.72,
    "3,11": 197.32,
    "4,5": 289.09,
    "5,6": 336.33,
    "5,13": 77.39,
    "6,7": 135.81,
    "7,24": 201.26,
    "8,28": 144.66,
    "9,36": 112.17,
    "10,11": 146.96,
    "10,32": 49.82,
    "11,19": 162.69,
    "11,26": 83.3,
    "12,4": 52.98,
    "12,13": 203.83,
    "13,14": 112.37,
    "14,20": 37.34,
    "14,21": 65.19,
    "15,16": 182.82,
    "15,22": 80.82,
    "16,25": 82.29,
    "16,29": 136.02,
    "17,2": 374.68,
    "17,18": 234.6,
    "18,10": 83.96,
    "19,12": 99.64,
    "19,20": 248.05,
    "20,15": 108.85,
    "21,6": 210.09,
    "21,22": 147.57,
    "22,7": 340.97,
    "22,23": 103.8,
    "23,25": 75.08,
    "24,8": 132.53,
    "24,23": 210.95,
    "25,8": 147.49,
    "26,15": 113.8,
    "26,27": 180.29,
    "27,16": 99.27,
    "28,9": 175.72,
    "28,29": 149.05,
    "29,30": 56.7,
    "29,33": 215.05,
    "30,9": 124.08,
    "30,35": 119.97,
    "31,10": 181.42,
    "31,34": 59.93,
    "32,27": 78.5,
    "32,33": 144.44,
    "33,34": 34.74,
    "34,35": 165.67,
    "35,36": 83.17,
    "36,1": 210.74,
    "37,1": 1
  },
  "C": {
    "1": 6890,
    "2": 9980,
    "3": 19210,
    "4": 30100,
    "5": 60790,
    "6": 69790,
    "7": 110750
  },
  "hmin": {
    "1": 105.15,
    "2": 104.4,
    "3": 103.35,
    "4": 102.5,
    "5": 101.24000000000001,
    "6": 105.4,
    "7": 107.9,
    "8": 106.5,
    "9": 106,
    "10": 104.17,
    "11": 103.7,
    "12": 102.64,
    "13": 101.9,
    "14": 102.6,
    "15": 103.5,
    "16": 104.3,
    "17": 105.5,
    "18": 104.1,
    "19": 102.9,
    "20": 102.83,
    "21": 102.8,
    "22": 103.9,
    "23": 104.2,
    "24": 107.5,
    "25": 104.4,
    "26": 103.4,
    "27": 103.9,
    "28": 105.65,
    "29": 104.5,
    "30": 104.1,
    "31": 104.4,
    "32": 104.2,
    "33": 104.6,
    "34": 104.7,