{
  "iteration": 2,
  "objective": 66971493.915958844,
  "solve_time": 16.519320726394653,
  "q": {
    "1,17": 0.003445073421388468,
    "1,31": 0.0274021352285187,
    "2,3": 0.0011846481130037253,
    "2,18": -0.0011092596934702515,
    "3,4": 0.001576463760752585,
    "3,11": -0.0014118156477488598,
    "4,5": 0.0003440187461288486,
    "5,6": -0.0003805590790196879,
    "5,13": 9.457782514853647e-05,
    "6,7": -0.0010494762371907617,
    "7,24": -0.0008693484000128673,
    "8,28": -0.0017531221174333508,
    "9,36": -0.001622511120919607,
    "10,11": 0.010319112466024977,
    "10,32": 0.0023657303425953418,
    "11,19": 0.002720194397487537,
    "11,26": 0.00443710242078858,
    "12,4": -0.0004224450146237365,
    "12,13": 0.00035732702245457016,
    "13,14": -0.0007080951523968934,
    "14,20": -0.0010919444569095613,
    "14,21": -0.00015615069548733225,
    "15,16": -0.0011985914068286276,
    "15,22": 0.0017409573170249699,
    "16,25": 0.002902630340048699,
    "16,29": -0.0038097707650253513,
    "17,2": 0.0011153884195334736,
    "17,18": 0.0010596850018549943,
    "18,10": -0.0020695746916152575,
    "19,12": 0.0008448820078308338,
    "19,20": -4.68761034329695e-06,
    "20,15": -0.0020266320672528582,
    "21,6": 0.00012108284182892603,
    "21,22": -0.0012372335373162582,
    "22,7": 0.0004401278371778945,
    "22,23": -0.000906404057469183,
    "23,25": -0.001910281296823562,
    "24,8": -0.0013954711606584882,
    "24,23": -0.00014387723935437916,
    "25,8": 0.00022234904322513728,
    "26,15": 0.003668997977449201,
    "26,27": -0.0009218955566606209,
    "27,16": 0.0015014509818519755,
    "28,9": -0.0010685011049578884,
    "28,29": -0.0009846210124754625,
    "29,30": -0.0009718792742709998,
    "29,33": -0.004442512503229814,
    "30,9": -1.401001596171865e-05,
    "30,35": -0.0014978692583092813,
    "31,10": 0.015864417500235577,
    "31,34": 0.010637717728283126,
    "32,27": 0.003843346538512596,
    "32,33": -0.0025076161959172545,
    "33,34": -0.007720128699147068,
    "34,35": 0.0021775890291360583,
    "35,36": -0.0004802802291732227,
    "36,1": -0.0025727913500928298,
    "37,1": 0.03391
  },
  "h": {
    "1": 120.958812390853,
    "2": 111.69643942522748,
    "3": 110.83921489208426,
    "4": 107.03877174272537,
    "5": 106.82919119819242,
    "6": 107.12314233443888,
    "7": 107.89999892100015,
    "8": 109.9972969519492,
    "9": 113.17666201856932,
    "10": 114.41847123878567,
    "11": 112.79412943048726,
    "12": 106.9825885810887,
    "13": 106.82405768726716,
    "14": 107.13421919106368,
    "15": 109.47050540944552,
    "16": 110.80799534484865,
    "17": 114.09561226648592,
    "18": 112.72938405585492,
    "19": 107.3640300054382,
    "20": 107.3640930355892,
    "21": 107.14516359602284,
    "22": 108.29011334405843,
    "23": 108.7427244781485,
    "24": 108.712291200948,
    "25": 110.04494440782378,
    "26": 111.09905266006791,
    "27": 111.91025653711205,
    "28": 112.13750714294012,
    "29": 112.89509705524883,
    "30": 113.17642243083142,
    "31": 118.86563689934553,
    "32": 113.13450034618371,
    "33": 117.28104937158975,
    "34": 118.1648591840612,
    "35": 114.50265034906354,
    "36": 114.6145072372454,
    "37": 121
  },
  "l": {
    "1,17,1": 132.76000005987737,
    "17,2,1": 374.680000059949,
    "2,3,1": 119.74000005994726,
    "3,4,1": 312.7200000599403,
    "4,5,1": 289.0900000599505,
    "5,6,1": 336.3300000599512,
    "6,7,1": 135.81000005996023,
    "7,24,1": 201.26000005994112,
    "24,8,1": 132.53000005993712,
    "8,28,1": 144.66000005993567,
    "28,9,1": 175.72000005994838,
    "9,36,1": 112.17000005994444,
    "36,1,1": 210.74000005992653,
    "1,31,4": 75.41000005998046,
    "31,10,3": 181.42000005997414,
    "10,11,3": 146.9600000599755,
    "11,19,1": 162.690000059758,
    "19,12,1": 99.64000005995098,
    "12,4,1": 52.98000005995191,
    "2,18,1": 162.9700000599493,
    "18,10,1": 83.96000005995106,
    "10,32,1": 49.82000005993159,
    "32,27,2": 78.50000005994185,
    "27,16,1": 99.27000005994076,
    "16,25,2": 82.29000005993184,
    "25,8,1": 147.49000005995094,
    "3,11,1": 197.32000005994917,
    "11,26,2": 83.30000005995903,
    "26,15,2": 113.80000005995628,
    "15,22,1": 80.82000005989963,
    "22,7,1": 340.97000005994823,
    "5,13,1": 77.39000005995163,
    "13,14,1": 112.37000005995172,
    "14,20,1": 37.34000005994362,
    "20,15,1": 108.85000005993645,
    "15,16,1": 182.82000005994766,
    "16,29,2": 136.02000005994864,
    "29,30,1": 56.70000005994962,
    "30,9,1": 124.08000005995116,
    "17,18,1": 234.60000005994942,
    "12,13,1": 203.83000005995055,
    "19,20,1": 248.0500000599508,
    "14,21,1": 65.1900000599521,
    "21,6,1": 210.0900000599507,
    "21,22,1": 147.57000005995147,
    "22,23,1": 103.80000005994944,
    "24,23,1": 210.95000005995072,
    "23,25,1": 75.08000005990168,
    "26,27,1": 180.29000005994948,
    "28,29,1": 149.05000005994933,
    "29,33,2": 215.0500000599538,
    "32,33,1": 144.44000005992748,
    "33,34,2": 13.111575637347194,
    "33,34,3": 21.62842441263379,
    "31,34,3": 59.93000005997392,
    "34,35,1": 165.6700000599389,
    "30,35,1": 119.97000005994556,
    "35,36,1": 83.17000005995148,
    "37,1,4": 1.0000000099911663
  },
  "D": {
    "1": 0.00049,
    "2": 0.00104,
    "3": 0.00102,
    "4": 0.00081,
    "5": 0.00063,
    "6": 0.00079,
    "7": 0.00026,
    "8": 0.00058,
    "9": 0.00054,
    "10": 0.00111,
    "11": 0.00175,
    "12": 0.00091,
    "13": 0.00116,
    "14": 0.00054,
    "15": 0.0011,
    "16": 0.00121,
    "17": 0.00127,
    "18": 0.00202,
    "19": 0.00188,
    "20": 0.00093,
    "21": 0.00096,
    "22": 0.00097,
    "23": 0.00086,
    "24": 0.00067,
    "25": 0.00077,
    "26": 0.00169,
    "27": 0.00142,
    "28": 0.0003,
    "29": 0.00062,
    "30": 0.00054,
    "31": 0.0009,
    "32": 0.00103,
    "33": 0.00077,
    "34": 0.00074,
    "35": 0.00116,
    "36": 0.00047,
    "37": 0
  },
  "Diameters": {
    "1": 0.06,
    "2": 0.08,
    "3": 0.125,
    "4": 0.15,
    "5": 0.2,
    "6": 0.25,
    "7": 0.3
  },
  "L": {
    "1,17": 132.76,
    "1,31": 75.41,
    "2,3": 119.74,
    "2,18": 162.97,
    "3,4": 312.72,
    "3,11": 197.32,
    "4,5": 289.09,
    "5,6": 336.33,
    "5,13": 77.39,
    "6,7": 135.81,
    "7,24": 201.26,
    "8,28": 144.66,
    "9,36": 112.17,
    "10,11": 146.96,
    "10,32": 49.82,
    "11,19": 162.69,
    "11,26": 83.3,
    "12,4": 52.98,
    "12,13": 203.83,
    "13,14": 112.37,
    "14,20": 37.34,
    "14,21": 65.19,
    "15,16": 182.82,
    "15,22": 80.82,
    "16,25": 82.29,
    "16,29": 136.02,
    "17,2": 374.68,
    "17,18": 234.6,
    "18,10": 83.96,
    "19,12": 99.64,
    "19,20": 248.05,
    "20,15": 108.85,
    "21,6": 210.09,
    "21,22": 147.57,
    "22,7": 340.97,
    "22,23": 103.8,
    "23,25": 75.08,
    "24,8": 132.53,
    "24,23": 210.95,
    "25,8": 147.49,
    "26,15": 113.8,
    "26,27": 180.29,
    "27,16": 99.27,
    "28,9": 175.72,
    "28,29": 149.05,
    "29,30": 56.7,
    "29,33": 215.05,
    "30,9": 124.08,
    "30,35": 119.97,
    "31,10": 181.42,
    "31,34": 59.93,
    "32,27": 78.5,
    "32,33": 144.44,
    "33,34": 34.74,
    "34,35": 165.67,
    "35,36": 83.17,
    "36,1": 210.74,
    "37,1": 1
  },
  "C": {
    "1": 6890,
    "2": 9980,
    "3": 19210,
    "4": 30100,
    "5": 60790,
    "6": 69790,
    "7": 110750
  },
  "hmin": {
    "1": 105.15,
    "2": 104.4,
    "3": 103.35,
    "4": 102.5,
    "5": 101.24000000000001,
    "6": 105.4,
    "7": 107.9,
    "8": 106.5,
    "9": 106,
    "10": 104.17,
    "11": 103.7,
    "12": 102.64,
    "13": 101.9,
    "14": 102.6,
    "15": 103.5,
    "16": 104.3,
    "17": 105.5,
    "18": 104.1,
    "19": 102.9,
    "20": 102.83,
    "21": 102.8,
    "22": 103.9,
    "23": 104.2,
    "24": 107.5,
    "25": 104.4,
    "26": 103.4,
    "27": 103.9,
    "28": 105.65,
    "29": 104.5,
    "30": 104.1,
    "31": 104.4,
    "32": 104.2,
    "33": 104.6,
    "34": 104.7,