{
  "iteration": 3,
  "objective": 66784846.38272219,
  "solve_time": 43.42119908332825,
  "q": {
    "1,17": 0.004475407193143257,
    "1,31": 0.026350170036602914,
    "2,3": 0.001455210259089676,
    "2,18": -0.0009961861143014904,
    "3,4": 0.0015514282759701056,
    "3,11": -0.00111621801688043,
    "4,5": 0.000673249693788819,
    "5,6": 5.7103210355269945e-05,
    "5,13": -1.3853516566450833e-05,
    "6,7": -0.0005856007640726506,
    "7,24": -0.0005745660920672758,
    "8,28": -0.0019397513726146418,
    "9,36": -0.0016744965198885596,
    "10,11": 0.010095939379553005,
    "10,32": 0.0027187234575295175,
    "11,19": 0.00466585058811623,
    "11,26": 0.0025638707745563446,
    "12,4": -6.81785821812852e-05,
    "12,13": 0.0008118129908134423,
    "13,14": -0.00036204052575300856,
    "14,20": -0.001316722905267471,
    "14,21": 0.0004146823795144622,
    "15,16": -0.001559771988419801,
    "15,22": 0.0013098456628060206,
    "16,25": 0.002138617374709605,
    "16,29": -0.0034775942428337016,
    "17,2": 0.0014990241447881854,
    "17,18": 0.0017063830483550718,
    "18,10": -0.0013098030659464185,
    "19,12": 0.0016536344086321376,
    "19,20": 0.001132216179484093,
    "20,15": -0.0011145067257833775,
    "21,6": 0.00014729602557207928,
    "21,22": -0.000692613646057617,
    "22,7": 0.0002710346720053748,
    "22,23": -0.0006238026552569712,
    "23,25": -0.0015549765663426327,
    "24,8": -0.0011733921809816141,
    "24,23": -7.117391108566147e-05,
    "25,8": -0.00018635919163302584,
    "26,15": 0.001964580400169597,
    "26,27": -0.0010907096256132529,
    "27,16": 0.0014307951202957052,
    "28,9": -0.0011550663880442995,
    "28,29": -0.001084684984570342,
    "29,30": -0.000996373800851277,
    "29,33": -0.004185905426552766,
    "30,9": 2.0569868155734678e-05,
    "30,35": -0.001556943669007016,
    "31,10": 0.015234465903028942,
    "31,34": 0.010215704133573972,
    "32,27": 0.003941504745908957,
    "32,33": -0.00225278128837944,
    "33,34": -0.007208686714932204,
    "34,35": 0.0022670174186417676,
    "35,36": -0.0004499262503652537,
    "36,1": -0.002594422770253809,
    "37,1": 0.033909999999999996
  },
  "h": {
    "1": 120.95881234611159,
    "2": 113.31595830514584,
    "3": 112.06124192181952,
    "4": 108.37181764992447,
    "5": 107.64507080347131,
    "6": 107.63630748235822,
    "7": 107.90000000000575,
    "8": 109.20940529891276,
    "9": 112.9910380788076,
    "10": 114.88635513106149,
    "11": 113.32647383316838,
    "12": 108.36990076646478,
    "13": 107.64521715420872,
    "14": 107.73476116045168,
    "15": 108.75585734435404,
    "16": 110.93427286587709,
    "17": 117.46383579578374,
    "18": 114.16240979107867,
    "19": 109.69287535912048,
    "20": 108.05988270898955,
    "21": 107.6679639895792,
    "22": 108.0589446902772,
    "23": 108.28550959259593,
    "24": 108.27724454164677,
    "25": 109.17504791242602,
    "26": 110.8348156265981,
    "27": 111.94239996710452,
    "28": 111.7906073912821,
    "29": 112.69692857259828,
    "30": 112.99152602545404,
    "31": 119.01201912086744,
    "32": 113.22517932645945,
    "33": 116.62527356083615,
    "34": 118.36185673963003,
    "35": 114.41624726728665,
    "36": 114.51536520990332,
    "37": 121
  },
  "l": {
    "1,17,1": 11.858484884942019,
    "1,17,2": 120.90151511444937,
    "17,2,1": 374.6799999977953,
    "2,3,1": 119.73999999770825,
    "3,4,1": 312.71999999758793,
    "4,5,1": 289.08999999785584,
    "5,6,1": 336.3299999979151,
    "6,7,1": 135.80999999806616,
    "7,24,1": 201.25999999779154,
    "24,8,1": 132.52999999764754,
    "8,28,1": 144.6599999970968,
    "28,9,1": 175.71999999779223,
    "9,36,1": 112.16999999764609,
    "36,1,1": 210.73999999711634,
    "1,31,4": 75.409999998319,
    "31,10,3": 181.4199999991087,
    "10,11,3": 146.95999999877355,
    "11,19,2": 162.68999999832238,
    "19,12,1": 99.63999999745866,
    "12,4,1": 52.97999999791527,
    "2,18,1": 162.9699999978763,
    "18,10,1": 83.95999999794809,
    "10,32,1": 49.819999996608466,
    "32,27,2": 78.4999999954495,
    "27,16,1": 99.2699999975967,
    "16,25,1": 82.28999999615178,
    "25,8,1": 147.48999999791664,
    "3,11,1": 197.31999999787848,
    "11,26,1": 83.29999999648201,
    "26,15,1": 113.79999999673755,
    "15,22,1": 80.81999999734354,
    "22,7,1": 340.9699999978842,
    "5,13,1": 77.38999999791578,
    "13,14,1": 112.36999999791094,
    "14,20,1": 37.33999999749926,
    "20,15,1": 108.84999999782208,
    "15,16,1": 182.81999999755655,
    "16,29,2": 136.01999998897688,
    "29,30,1": 56.699999997820605,
    "30,9,1": 124.07999999791625,
    "17,18,1": 234.59999999774075,
    "12,13,1": 203.82999999781183,
    "19,20,1": 248.04999999773764,
    "14,21,1": 65.18999999788193,
    "21,6,1": 210.0899999979125,
    "21,22,1": 147.56999999793211,
    "22,23,1": 103.79999999789011,
    "24,23,1": 210.9499999979153,
    "23,25,1": 75.07999999726,
    "26,27,1": 180.28999999783704,
    "28,29,1": 149.04999999782015,
    "29,33,2": 215.0499999963865,
    "32,33,1": 144.43999999743164,
    "33,34,2": 34.739999999645796,
    "31,34,3": 59.92999999834429,
    "34,35,1": 165.66999999743032,
    "30,35,1": 119.96999999768894,
    "35,36,1": 83.16999999791486,
    "37,1,4": 0.9999999993277219
  },
  "D": {
    "1": 0.00049,
    "2": 0.00104,
    "3": 0.00102,
    "4": 0.00081,
    "5": 0.00063,
    "6": 0.00079,
    "7": 0.00026,
    "8": 0.00058,
    "9": 0.00054,
    "10": 0.00111,
    "11": 0.00175,
    "12": 0.00091,
    "13": 0.00116,
    "14": 0.00054,
    "15": 0.0011,
    "16": 0.00121,
    "17": 0.00127,
    "18": 0.00202,
    "19": 0.00188,
    "20": 0.00093,
    "21": 0.00096,
    "22": 0.00097,
    "23": 0.00086,
    "24": 0.00067,
    "25": 0.00077,
    "26": 0.00169,
    "27": 0.00142,
    "28": 0.0003,
    "29": 0.00062,
    "30": 0.00054,
    "31": 0.0009,
    "32": 0.00103,
    "33": 0.00077,
    "34": 0.00074,
    "35": 0.00116,
    "36": 0.00047,
    "37": 0
  },
  "Diameters": {
    "1": 0.06,
    "2": 0.08,
    "3": 0.125,
    "4": 0.15,
    "5": 0.2,
    "6": 0.25,
    "7": 0.3
  },
  "L": {
    "1,17": 132.76,
    "1,31": 75.41,
    "2,3": 119.74,
    "2,18": 162.97,
    "3,4": 312.72,
    "3,11": 197.32,
    "4,5": 289.09,
    "5,6": 336.33,
    "5,13": 77.39,
    "6,7": 135.81,
    "7,24": 201.26,
    "8,28": 144.66,
    "9,36": 112.17,
    "10,11": 146.96,
    "10,32": 49.82,
    "11,19": 162.69,
    "11,26": 83.3,
    "12,4": 52.98,
    "12,13": 203.83,
    "13,14": 112.37,
    "14,20": 37.34,
    "14,21": 65.19,
    "15,16": 182.82,
    "15,22": 80.82,
    "16,25": 82.29,
    "16,29": 136.02,
    "17,2": 374.68,
    "17,18": 234.6,
    "18,10": 83.96,
    "19,12": 99.64,
    "19,20": 248.05,
    "20,15": 108.85,
    "21,6": 210.09,
    "21,22": 147.57,
    "22,7": 340.97,
    "22,23": 103.8,
    "23,25": 75.08,
    "24,8": 132.53,
    "24,23": 210.95,
    "25,8": 147.49,
    "26,15": 113.8,
    "26,27": 180.29,
    "27,16": 99.27,
    "28,9": 175.72,
    "28,29": 149.05,
    "29,30": 56.7,
    "29,33": 215.05,
    "30,9": 124.08,
    "30,35": 119.97,
    "31,10": 181.42,
    "31,34": 59.93,
    "32,27": 78.5,
    "32,33": 144.44,
    "33,34": 34.74,
    "34,35": 165.67,
    "35,36": 83.17,
    "36,1": 210.74,
    "37,1": 1
  },
  "C": {
    "1": 6890,
    "2": 9980,
    "3": 19210,
    "4": 30100,
    "5": 60790,
    "6": 69790,
    "7": 110750
  },
  "hmin": {
    "1": 105.15,
    "2": 104.4,
    "3": 103.35,
    "4": 102.5,
    "5": 101.24000000000001,
    "6": 105.4,
    "7": 107.9,
    "8": 106.5,
    "9": 106,
    "10": 104.17,
    "11": 103.7,
    "12": 102.64,
    "13": 101.9,
    "14": 102.6,
    "15": 103.5,
    "16": 104.3,
    "17": 105.5,
    "18": 104.1,
    "19": 102.9,
    "20": 102.83,
    "21": 102.8,
    "22": 103.9,
    "23": 104.2,
    "24": 107.5,
    "25": 104.4,
    "26": 103.4,
    "27": 103.9,
    "28": 105.65,
    "29": 104.5,
    "30": 104.1,
    "31": 104.4,
    "32": 104.2,
    "33": 104.6,
    "34": 104.7,