{
  "iteration": 4,
  "objective": 18370502.9070563,
  "solve_time": 67.47431898117065,
  "q": {
    "1,2": 15.886149999999995,
    "2,3": 5.055570000394189,
    "2,33": 5.29167999925457,
    "2,63": 5.291680000335467,
    "3,4": 2.2134567084135925,
    "3,20": 2.1753048964246515,
    "4,5": 2.1773467083978186,
    "5,6": 1.9759567083820104,
    "6,7": 1.6967867083661652,
    "7,8": 1.3217867083502948,
    "8,9": 1.1690067083343845,
    "9,10": 1.0231767083184116,
    "10,11": 0.55556,
    "10,14": 0.3217867083024899,
    "11,12": 0.41667,
    "12,13": 0.26111,
    "14,15": 0.15095670828595137,
    "15,16": 0.07317670826920075,
    "16,17": -0.0362483954952026,
    "17,18": -0.27652839550934843,
    "18,19": -0.6501383955240437,
    "19,3": -0.6668083955402005,
    "20,21": 0.39305,
    "20,23": 1.4280848964089103,
    "21,22": 0.13472,
    "23,24": 0.9723792165546389,
    "23,28": 0.16542567983852455,
    "24,25": 0.744599216538866,
    "25,26": 0.32946489628478354,
    "26,27": 0.07946489626850128,
    "27,16": -0.02331510374796013,
    "28,29": 0.08486567982311066,
    "29,30": -0.015134320190795723,
    "30,31": -0.11513432020651261,
    "31,32": -0.14430432022253686,
    "32,25": -0.36791432023826537,
    "33,34": 2.226364113593637,
    "33,49": 0.6539024026986124,
    "33,50": 2.1753034829749542,
    "34,35": 2.1902541136115126,
    "35,36": 1.9888641136359986,
    "36,37": 1.7096941136681625,
    "37,38": 1.334694113702407,
    "38,39": 1.1819141137398372,
    "39,40": 1.036084113780133,
    "40,41": 0.55556,
    "40,44": 0.3346941138228465,
    "41,42": 0.41667,
    "42,43": 0.26111,
    "44,45": 0.16386411386573188,
    "45,46": 0.08608411390841275,
    "46,57": 0.023316516713284927,
    "47,46": 0.023342402762032904,
    "48,47": 0.2636224027300664,
    "49,48": 0.6372324027121271,
    "50,51": 0.39305,
    "50,53": 1.428083482991637,
    "51,52": 0.13472,
    "53,54": 0.9723781571952039,
    "53,58": 0.16542532581651379,
    "54,55": 0.7445981572195003,
    "55,62": 0.3679146740422852,
    "56,55": -0.3294634832050291,
    "57,56": -0.07946348324065379,
    "58,59": 0.08486532583920604,
    "59,60": -0.015134674129377612,
    "60,61": -0.11513467409966514,
    "62,61": 0.14430467407030192,
    "63,64": 2.213461188698451,
    "63,79": 0.6668053286807257,
    "63,80": 2.1753034829418367,
    "64,65": 2.1773511886841694,
    "65,66": 1.975961188670108,
    "66,67": 1.6967911886563007,
    "67,68": 1.3217911886425453,
    "68,69": 1.1690111886288626,
    "69,70": 1.023181188615215,
    "70,71": 0.55556,
    "70,74": 0.3217911886024333,
    "71,72": 0.41667,
    "72,73": 0.26111,
    "74,75": 0.1509611885907009,
    "75,76": 0.07318118857866697,
    "76,87": 0.023316517201664663,
    "77,76": 0.03624532863529774,
    "78,77": 0.27652532865040275,
    "79,78": 0.650135328665787,
    "80,81": 0.39305,
    "80,83": 1.4280834829277358,
    "81,82": 0.13472,
    "83,84": 0.9723781571347065,
    "83,88": 0.16542532577921615,
    "84,85": 0.7445981571212382,
    "85,92": 0.3679146742847015,
    "86,85": -0.3294634828233349,
    "87,86": -0.07946348281043657,
    "88,89": 0.08486532576591223,
    "89,90": -0.01513467424532363,
    "90,91": -0.11513467425830015,
    "92,91": 0.14430467427158022
  },
  "h": {
    "1": 105,
    "2": 104.79869455133601,
    "3": 61.651330304265166,
    "4": 56.94282531823245,
    "5": 51.10691366381367,
    "6": 44.95915561225997,
    "7": 43.520187529914395,
    "8": 41.80868015089686,
    "9": 40.445400381207676,
    "10": 39.19449247557455,
    "11": 37.634990312464915,
    "12": 34.2072426400143,
    "13": 30.00000000023202,
    "14": 33.70300711506077,
    "15": 32.1335787433588,
    "16": 30.300548180433285,
    "17": 32.77770752926082,
    "18": 49.63069317409392,
    "19": 58.921835021914255,
    "20": 50.5063591543163,
    "21": 35.16020158078104,
    "22": 30.000000002244967,
    "23": 44.34864813697478,
    "24": 38.65491132161947,
    "25": 34.98407870623343,
    "26": 31.164754536235687,
    "27": 30.000000000459224,
    "28": 38.77062004244843,
    "29": 30.00000000024772,
    "30": 30.28800482898302,
    "31": 30.57309310943771,
    "32": 32.829021200733074,
    "33": 61.65121574501168,
    "34": 56.891734362634445,
    "35": 50.99159002167903,
    "36": 44.7692513952096,
    "37": 43.30994530594032,
    "38": 41.56735661463915,
    "39": 40.17606867309639,
    "40": 39.1500139385821,
    "41": 37.59051177643313,
    "42": 34.207242638418705,
    "43": 30.000000000188997,
    "44": 34.603994170405564,
    "45": 32.77702626142202,
    "46": 30.300581913795554,
    "47": 31.39695075337714,
    "48": 46.8222681585337,
    "49": 59.0187524193863,
    "50": 50.50625800670615,
    "51": 35.16020158078104,
    "52": 30.000000002244967,
    "53": 44.34855827644154,
    "54": 38.65483294940241,
    "55": 34.98401000605545,
    "56": 31.164716177796745,
    "57": 30.00000000039709,
    "58": 38.770552289949215,
    "59": 30.000000000246658,
    "60": 30.288017303106233,
    "61": 30.57310720644788,
    "62": 32.82894866245677,
    "63": 61.65121572862679,
    "64": 56.94269309201389,
    "65": 51.106759197929456,
    "66": 44.95897533051057,
    "67": 43.520000211424836,
    "68": 41.808482088423446,
    "69": 40.44519264228027,
    "70": 39.194492475574606,
    "71": 37.63499031246497,
    "72": 34.20724264001435,
    "73": 30.00000000023202,
    "74": 33.70333498026886,
    "75": 32.13382034185696,
    "76": 30.300581925519076,
    "77": 32.777353137901905,
    "78": 49.62999262834089,
    "79": 58.92174369586604,
    "80": 50.50625799057484,
    "81": 35.16020158078104,
    "82": 30.000000002244967,
    "83": 44.34855826069025,
    "84": 38.65483293402837,
    "85": 34.984009991391396,
    "86": 31.164716167303652,
    "87": 30.00000000045923,
    "88": 38.770552276450445,
    "89": 30.00000000024772,
    "90": 30.288017307193723,
    "91": 30.573107211262855,
    "92": 32.828948645162946
  },
  "l": {
    "1,2,6": 0.9999999998925193,
    "2,3,6": 1786.4999999971446,
    "3,4,6": 899.9999999633212,
    "4,5,6": 1149.9999999618444,
    "5,6,6": 1449.9999999514325,
    "6,7,6": 449.999999926202,
    "7,8,6": 849.9999998165392,
    "8,9,6": 849.9999996108602,
    "9,10,5": 64.79362909955742,
    "9,10,6": 735.2063708654989,
    "10,11,5": 949.9999994108279,
    "11,12,4": 1199.9999988307306,
    "12,13,4": 3499.999998407021,
    "10,14,2": 242.65659935170507,
    "10,14,3": 557.3434002674163,
    "14,15,2": 499.9999982878777,
    "15,16,1": 549.999999197463,
    "16,17,1": 2729.999999378115,
    "17,18,2": 1749.999998291184,
    "18,19,3": 438.41831735054654,
    "18,19,4": 361.5816823933216,
    "19,3,4": 399.99999295590266,
    "3,20,6": 2199.9999999654956,
    "20,21,2": 490.29541649509866,
    "20,21,3": 1009.7045831240225,
    "21,22,1": 499.9999983161287,
    "20,23,6": 2649.9999998664102,
    "23,24,5": 1229.9999996309964,
    "24,25,5": 1299.9999997046386,
    "25,26,3": 849.9999988333067,
    "26,27,1": 299.9999989132006,
    "27,16,1": 749.9999993840169,
    "23,28,2": 1499.9999989828204,
    "28,29,1": 1999.9999975319265,
    "29,30,1": 1599.9999993844415,
    "30,31,2": 149.99999872366254,
    "31,32,2": 741.1990171592333,
    "31,32,3": 118.80098245988802,
    "32,25,4": 949.9999991864082,
    "2,33,6": 1641.6899999976708,
    "33,34,6": 899.9999999708892,
    "34,35,6": 1149.9999999697818,
    "35,36,6": 1449.9999999621066,
    "36,37,6": 449.99999994443573,
    "37,38,6": 849.9999998805571,
    "38,39,6": 849.9999997992077,
    "39,40,6": 799.9999995005527,
    "40,41,5": 949.9999996305819,
    "41,42,4": 1176.5024732187337,
    "41,42,5": 23.49752663653372,
    "42,43,4": 3499.999999161203,
    "40,44,2": 92.97426184689806,
    "40,44,3": 707.0257377722232,
    "44,45,2": 499.9999986415819,
    "45,46,1": 549.9999990993213,
    "47,46,1": 2729.999999399676,
    "48,47,2": 1749.9999969846835,
    "49,48,3": 799.9999998895804,
    "33,49,4": 399.9999986120849,
    "33,50,6": 2199.999999967342,