{
  "iteration": 2,
  "objective": 18524853.520831678,
  "solve_time": 17.814537286758423,
  "q": {
    "1,2": 15.88615,
    "2,3": 5.05557,
    "2,33": 5.29168,
    "2,63": 5.29168,
    "3,4": 2.149729987093966,
    "3,20": 2.1882123873123476,
    "4,5": 2.113619987093966,
    "5,6": 1.912229987093966,
    "6,7": 1.6330599870939662,
    "7,8": 1.2580599870939662,
    "8,9": 1.105279987093966,
    "9,10": 0.9594499870939661,
    "10,11": 0.55556,
    "10,14": 0.25805998709396605,
    "11,12": 0.41667,
    "12,13": 0.26111,
    "14,15": 0.087229987093966,
    "15,16": 0.009449987093965988,
    "16,17": -0.08706762559368666,
    "17,18": -0.3273476255936867,
    "18,19": -0.7009576255936867,
    "19,3": -0.7176276255936866,
    "20,21": 0.39305,
    "20,23": 1.4409923873123474,
    "21,22": 0.13472,
    "23,24": 0.9861815400858331,
    "23,28": 0.16453084722651426,
    "24,25": 0.7584015400858332,
    "25,26": 0.34237238731234737,
    "26,27": 0.09237238731234736,
    "27,16": -0.010407612687652638,
    "28,29": 0.08397084722651425,
    "29,30": -0.016029152773485763,
    "30,31": -0.11602915277348576,
    "31,32": -0.14519915277348577,
    "32,25": -0.36880915277348575,
    "33,34": 2.0344509458617233,
    "33,49": 0.9713300803353405,
    "33,50": 2.049788973802936,
    "34,35": 1.9983409458617234,
    "35,36": 1.7969509458617234,
    "36,37": 1.5177809458617233,
    "37,38": 1.1427809458617233,
    "38,39": 0.9900009458617234,
    "39,40": 0.8441709458617234,
    "40,41": 0.55556,
    "40,44": 0.1427809458617233,
    "41,42": 0.41667,
    "42,43": 0.26111,
    "44,45": -0.02804905413827669,
    "45,46": -0.10582905413827669,
    "46,57": 0.1488310261970638,
    "47,46": 0.3407700803353405,
    "48,47": 0.5810500803353404,
    "49,48": 0.9546600803353404,
    "50,51": 0.39305,
    "50,53": 1.3025689738029362,
    "51,52": 0.13472,
    "53,54": 0.8387754995638474,
    "53,58": 0.17351347423908875,
    "54,55": 0.6109954995638475,
    "55,62": 0.3598265257609113,
    "56,55": -0.2039489738029362,
    "57,56": 0.046051026197063805,
    "58,59": 0.09295347423908874,
    "59,60": -0.007046525760911257,
    "60,61": -0.10704652576091127,
    "62,61": 0.13621652576091126,
    "63,64": 2.0345317615954803,
    "63,79": 1.0732087031044324,
    "63,80": 1.9478295353000874,
    "64,65": 1.9984217615954802,
    "65,66": 1.7970317615954803,
    "66,67": 1.5178617615954804,
    "67,68": 1.1428617615954804,
    "68,69": 0.9900817615954803,
    "69,70": 0.8442517615954803,
    "70,71": 0.55556,
    "70,74": 0.1428617615954803,
    "71,72": 0.41667,
    "72,73": 0.26111,
    "74,75": -0.0279682384045197,
    "75,76": -0.1057482384045197,
    "76,87": 0.2507904646999127,
    "77,76": 0.4426487031044324,
    "78,77": 0.6829287031044324,
    "79,78": 1.0565387031044324,
    "80,81": 0.39305,
    "80,83": 1.2006095353000874,
    "81,82": 0.13472,
    "83,84": 0.7452372729921646,
    "83,88": 0.1650922623079228,
    "84,85": 0.5174572729921646,
    "85,92": 0.36824773769207725,
    "86,85": -0.10198953530008731,
    "87,86": 0.14801046469991266,
    "88,89": 0.0845322623079228,
    "89,90": -0.015467737692077212,
    "90,91": -0.11546773769207722,
    "92,91": 0.14463773769207722
  },
  "h": {
    "1": 105,
    "2": 104.79869549097839,
    "3": 61.65133136635978,
    "4": 57.1908011040612,
    "5": 51.6672720370288,
    "6": 45.8816603140196,
    "7": 44.54117690894805,
    "8": 42.97934318464767,
    "9": 41.750493936454745,
    "10": 39.19449216821932,
    "11": 37.63499000925133,
    "12": 34.20724233663981,
    "13": 29.99999970000028,
    "14": 32.41599396031903,
    "15": 30.10886673586135,
    "16": 30.067481087532894,
    "17": 42.62100690712461,
    "18": 52.53609357397972,
    "19": 58.52411738945387,
    "20": 50.383577396055216,
    "21": 35.16020129278218,
    "22": 29.99999970000305,
    "23": 44.12239594832204,
    "24": 38.27807775851976,
    "25": 34.480232178135914,
    "26": 30.379176856220557,
    "27": 29.999999700000476,
    "28": 38.600119585084684,
    "29": 29.99999970000034,
    "30": 30.32033353839126,
    "31": 30.60953892843798,
    "32": 32.315457397954226,
    "33": 61.651216799759325,
    "34": 57.623529580901284,
    "35": 52.64493356590121,
    "36": 47.488634998277846,
    "37": 46.31810990341802,
    "38": 45.01093002211695,
    "39": 42.04458961570097,
    "40": 39.194492168219384,
    "41": 37.63499000925139,
    "42": 34.207242336639816,
    "43": 29.99999970000028,
    "44": 29.999999700001162,
    "45": 30.282164615132622,
    "46": 33.912271846856044,
    "47": 46.96996073354226,
    "48": 56.22405578415708,
    "49": 59.803293271380376,
    "50": 51.66785055230207,
    "51": 35.16020129278218,
    "52": 29.99999970000305,
    "53": 46.474761174718,
    "54": 42.14446466185381,
    "55": 34.657893736761416,
    "56": 29.999999700001148,
    "57": 30.424061277081066,
    "58": 40.38117199393729,
    "59": 29.999999700000505,
    "60": 30.069912746445837,
    "61": 30.31902580074103,
    "62": 32.55069004394991,
    "63": 61.65121679975937,
    "64": 57.62323326649543,
    "65": 52.64426436068145,
    "66": 47.48753630898995,
    "67": 46.31689578421239,
    "68": 45.00954469558284,
    "69": 42.04509495598865,
    "70": 39.19449216822041,
    "71": 37.63499000925231,
    "72": 34.20724233663997,
    "73": 29.999999700000288,
    "74": 29.999999700000988,
    "75": 30.28066082151886,
    "76": 33.90563577571391,
    "77": 42.62804909216117,
    "78": 55.10974537766258,
    "79": 59.42837925865101,
    "80": 52.56799317055209,
    "81": 35.16020129278218,
    "82": 29.99999970000305,
    "83": 44.26413557463668,
    "84": 40.785449237522506,
    "85": 35.2390477759998,
    "86": 29.999999700001034,
    "87": 30.90790308652155,
    "88": 38.70691086846434,
    "89": 29.9999997000004,
    "90": 30.29986545819021,
    "91": 30.586484613148283,
    "92": 33.08037193560419
  },
  "l": {
    "1,2,6": 1.0000000099999344,
    "2,3,6": 1786.5000000499977,
    "3,4,6": 900.0000000499718,
    "4,5,6": 1150.0000000499706,
    "5,6,6": 1450.000000049963,
    "6,7,6": 450.0000000499443,
    "7,8,6": 850.0000000498668,
    "8,9,6": 850.000000049729,
    "9,10,5": 489.54440856554777,
    "9,10,6": 310.4555914744048,
    "10,11,5": 950.0000000496025,
    "11,12,4": 1200.0000000481484,
    "12,13,4": 3500.000000049072,
    "10,14,2": 800.000000048568,
    "14,15,1": 500.00000004901966,
    "15,16,1": 550.0000000494164,
    "16,17,1": 2730.000000049117,
    "17,18,2": 245.93111671650206,
    "17,18,3": 1504.0688833229808,
    "18,19,4": 800.0000000476133,
    "19,3,4": 400.00000004824824,
    "3,20,6": 2200.000000049975,
    "20,21,2": 480.2636377984122,
    "20,21,3": 1019.7363622410707,
    "21,22,1": 500.0000000485521,
    "20,23,6": 2650.000000049917,
    "23,24,5": 1230.000000049554,
    "24,25,5": 1300.000000049736,
    "25,26,3": 850.0000000488675,
    "26,27,2": 300.0000000480845,
    "27,16,1": 750.0000000494119,
    "23,28,2": 1500.0000000490218,
    "28,29,1": 2000.0000000481664,
    "29,30,1": 1600.0000000493808,
    "30,31,2": 150.0000000488311,
    "31,32,2": 443.6101425888737,
    "31,32,3": 416.38985745060893,
    "32,25,4": 950.0000000492184,
    "2,33,6": 1641.6900000499977,
    "33,34,6": 900.0000000499655,
    "34,35,6": 1150.000000049964,
    "35,36,6": 1450.000000049953,
    "36,37,6": 450.00000004992427,
    "37,38,6": 850.0000000497331,
    "38,39,5": 544.6140736200252,
    "38,39,6": 305.3859264199273,
    "39,40,5": 800.0000000496515,
    "40,41,5": 950.0000000496016,
    "41,42,4": 1200.0000000481723,
    "42,43,4": 3500.0000000490695,
    "40,44,1": 800.0000000484088,
    "44,45,1": 500.0000000493912,
    "45,46,1": 550.0000000482679,
    "47,46,3": 2730.0000000490413,
    "48,47,4": 1750.0000000492616,
    "49,48,5": 800.0000000485998,
    "33,49,5": 400.000000048903,
    "33,50,6": 2200.0000000499476,
    "50,51,2": 585.1943274538556,
    "50,51,3": 914.8056725856272,
    "51,52,1": 500.0000000485521,