{
  "iteration": 3,
  "objective": 18370653.33789311,
  "solve_time": 58.94480276107788,
  "q": {
    "1,2": 15.886149999999995,
    "2,3": 5.055569999999998,
    "2,33": 5.291679999999999,
    "2,63": 5.2916799999999995,
    "3,4": 2.2134567077814165,
    "3,20": 2.175304896405571,
    "4,5": 2.177346707781415,
    "5,6": 1.9759567077814137,
    "6,7": 1.6967867077814158,
    "7,8": 1.3217867077814172,
    "8,9": 1.1690067077814208,
    "9,10": 1.0231767077814176,
    "10,11": 0.55556,
    "10,14": 0.3217867077814181,
    "11,12": 0.41667,
    "12,13": 0.26111,
    "14,15": 0.15095670778141823,
    "15,16": 0.07317670778141822,
    "16,17": -0.036248395813013035,
    "17,18": -0.2765283958130131,
    "18,19": -0.6501383958130129,
    "19,3": -0.666808395813013,
    "20,21": 0.39305,
    "20,23": 1.4280848964055688,
    "21,22": 0.13472,
    "23,24": 0.9723792165533293,
    "23,28": 0.16542567985223963,
    "24,25": 0.7445992165533298,
    "25,26": 0.32946489640556875,
    "26,27": 0.07946489640556877,
    "27,16": -0.023315103594431234,
    "28,29": 0.08486567985223964,
    "29,30": -0.015134320147760357,
    "30,31": -0.11513432014776036,
    "31,32": -0.14430432014776037,
    "32,25": -0.36791432014776054,
    "33,34": 2.2134611881929693,
    "33,49": 0.6668053288830557,
    "33,50": 2.1753034829239706,
    "34,35": 2.177351188192969,
    "35,36": 1.9759611881929695,
    "36,37": 1.6967911881929698,
    "37,38": 1.3217911881929694,
    "38,39": 1.1690111881929695,
    "39,40": 1.0231811881929715,
    "40,41": 0.55556,
    "40,44": 0.32179118819297126,
    "41,42": 0.41667,
    "42,43": 0.26111,
    "44,45": 0.1509611881929712,
    "45,46": 0.07318118819297124,
    "46,57": 0.023316517076026545,
    "47,46": 0.03624532888305531,
    "48,47": 0.2765253288830553,
    "49,48": 0.6501353288830551,
    "50,51": 0.39305,
    "50,53": 1.428083482923974,
    "51,52": 0.13472,
    "53,54": 0.9723781571340723,
    "53,58": 0.16542532578990096,
    "54,55": 0.7445981571340724,
    "55,62": 0.3679146742100991,
    "56,55": -0.3294634829239733,
    "57,56": -0.07946348292397344,
    "58,59": 0.08486532578990093,
    "59,60": -0.015134674210099078,
    "60,61": -0.11513467421009912,
    "62,61": 0.14430467421009913,
    "63,64": 2.2122061461642835,
    "63,79": 0.667481615163314,
    "63,80": 2.1758822386724015,
    "64,65": 2.176096146164284,
    "65,66": 1.974706146164284,
    "66,67": 1.6955361461642855,
    "67,68": 1.3205361461642844,
    "68,69": 1.167756146164285,
    "69,70": 1.0219261461642843,
    "70,71": 0.55556,
    "70,74": 0.32053614616428505,
    "71,72": 0.41667,
    "72,73": 0.26111,
    "74,75": 0.14970614616428463,
    "75,76": 0.0719261461642846,
    "76,87": 0.022737761327598513,
    "77,76": 0.03692161516331392,
    "78,77": 0.2772016151633139,
    "79,78": 0.650811615163314,
    "80,81": 0.39305,
    "80,83": 1.4286622386724006,
    "81,82": 0.13472,
    "83,84": 0.970458437054202,
    "83,88": 0.16792380161819942,
    "84,85": 0.7426784370542021,
    "85,92": 0.36541619838180067,
    "86,85": -0.33004223867240157,
    "87,86": -0.08004223867240155,
    "88,89": 0.08736380161819941,
    "89,90": -0.012636198381800603,
    "90,91": -0.11263619838180061,
    "92,91": 0.14180619838180064
  },
  "h": {
    "1": 105,
    "2": 104.7986945513294,
    "3": 61.6513303104892,
    "4": 56.94282532694702,
    "5": 51.10691367558801,
    "6": 44.959155627495015,
    "7": 43.52018754606785,
    "8": 41.808680168414526,
    "9": 40.44540039991963,
    "10": 39.194492475574556,
    "11": 37.63499031246492,
    "12": 34.20724264001431,
    "13": 30.00000000023202,
    "14": 33.703007079051865,
    "15": 32.13357871706442,
    "16": 30.30054817676799,
    "17": 32.77770756581819,
    "18": 49.63069324492585,
    "19": 58.921835026070056,
    "20": 50.50635916072139,
    "21": 35.16020158078104,
    "22": 30.000000002244967,
    "23": 44.34864814340655,
    "24": 38.654911328065445,
    "25": 34.98407871254735,
    "26": 31.164754539956455,
    "27": 30.000000000459224,
    "28": 38.7706200480237,
    "29": 30.00000000024772,
    "30": 30.28800482746633,
    "31": 30.573093107651612,
    "32": 32.82902120802878,
    "33": 61.651215733685966,
    "34": 56.94269309906442,
    "35": 51.10675920741821,
    "36": 44.9589753427486,
    "37": 43.52000022439053,
    "38": 41.808482102467195,
    "39": 40.44519265726541,
    "40": 39.19449247557473,
    "41": 37.63499031246506,
    "42": 34.207242640014385,
    "43": 30.00000000023202,
    "44": 33.70333495169053,
    "45": 32.13382032096333,
    "46": 30.300581922519484,
    "47": 32.77735316625663,
    "48": 49.6299926829548,
    "49": 58.9217436993914,
    "50": 50.506257995803516,
    "51": 35.16020158078104,
    "52": 30.000000002244967,
    "53": 44.348558265948924,
    "54": 38.6548329392939,
    "55": 34.984009996539704,
    "56": 31.164716170385958,
    "57": 30.00000000045923,
    "58": 38.770552281041866,
    "59": 30.00000000024772,
    "60": 30.288017305952284,
    "61": 30.57310720980039,
    "62": 32.82894865112054,
    "63": 61.65121573370821,
    "64": 56.947636286616614,
    "65": 51.11793076600162,
    "66": 44.97737662842096,
    "67": 43.54037205919121,
    "68": 41.8318623830665,
    "69": 40.471282318212324,
    "70": 39.19449247552581,
    "71": 37.634990312426936,
    "72": 34.207242639992344,
    "73": 30.000000000231665,
    "74": 33.60778298723086,
    "75": 32.06234843136825,
    "76": 30.286910520610505,
    "77": 32.849947959134184,
    "78": 49.77899862870562,
    "79": 58.916614628039625,
    "80": 50.50076582443119,
    "81": 35.16020158078104,
    "82": 30.000000002244967,
    "83": 44.33844360266367,
    "84": 38.665518823650785,
    "85": 35.012204143892255,
    "86": 31.180475354871295,
    "87": 30.00000000052079,
    "88": 38.603409885066,
    "89": 30.00000000021079,
    "90": 30.206206373383793,
    "91": 30.47994475697451,
    "92": 32.88416806896865
  },
  "l": {
    "1,2,6": 0.9999999998896734,
    "2,3,6": 1786.4999999971446,
    "3,4,6": 899.9999999633212,
    "4,5,6": 1149.9999999618447,
    "5,6,6": 1449.9999999514325,
    "6,7,6": 449.999999926202,
    "7,8,6": 849.9999998165391,
    "8,9,6": 849.9999996108602,
    "9,10,5": 64.79363429758402,
    "9,10,6": 735.2063656674723,
    "10,11,5": 949.9999994108279,
    "11,12,4": 1199.9999988307304,
    "12,13,4": 3499.9999984070214,
    "10,14,2": 242.6566055620812,
    "10,14,3": 557.3433940570402,
    "14,15,2": 499.99999828787736,
    "15,16,1": 549.9999991974631,
    "16,17,1": 2729.999999378115,
    "17,18,2": 1749.999998291184,
    "18,19,3": 438.41830936829393,
    "18,19,4": 361.58169037557417,
    "19,3,4": 399.9999929558984,
    "3,20,6": 2199.9999999654956,
    "20,21,2": 490.29541701842203,
    "20,21,3": 1009.7045826006995,
    "21,22,1": 499.9999983161288,
    "20,23,6": 2649.99999986641,
    "23,24,5": 1229.9999996309964,
    "24,25,5": 1299.9999997046386,
    "25,26,3": 849.9999988333078,
    "26,27,1": 299.99999891320056,
    "27,16,1": 749.9999993840169,
    "23,28,2": 1499.9999989828204,
    "28,29,1": 1999.9999975319272,
    "29,30,1": 1599.9999993844415,
    "30,31,2": 149.99999872366317,
    "31,32,2": 741.1990230368826,
    "31,32,3": 118.80097658223879,
    "32,25,4": 949.9999991864081,
    "2,33,6": 1641.6899999973807,
    "33,34,6": 899.999999963321,
    "34,35,6": 1149.9999999618442,
    "35,36,6": 1449.9999999514323,
    "36,37,6": 449.9999999262016,
    "37,38,6": 849.9999998165383,
    "38,39,6": 849.9999996108585,
    "39,40,5": 64.73680032889072,
    "39,40,6": 735.2631996361656,
    "40,41,5": 949.9999994108181,
    "41,42,4": 1199.9999988307557,
    "42,43,4": 3499.99999840698,
    "40,44,2": 242.60104694461242,
    "40,44,3": 557.3989526745089,
    "44,45,2": 499.9999982880533,
    "45,46,1": 549.9999991974337,
    "47,46,1": 2729.9999993781216,
    "48,47,2": 1749.9999982912393,
    "49,48,3": 438.492458013995,
    "49,48,4": 361.50754172987314,
    "33,49,4": 399.99999295593136,