{
  "iteration": 5,
  "objective": 18370502.904274967,
  "solve_time": 69.5057430267334,
  "q": {
    "1,2": 15.886149999999995,
    "2,3": 5.055570000000237,
    "2,33": 5.291680000000234,
    "2,63": 5.291679999999519,
    "3,4": 2.2134567080685503,
    "3,20": 2.1753048964973853,
    "4,5": 2.1773467080685407,
    "5,6": 1.97595670806853,
    "6,7": 1.6967867080685184,
    "7,8": 1.3217867080685064,
    "8,9": 1.1690067080684938,
    "9,10": 1.0231767080684804,
    "10,11": 0.55556,
    "10,14": 0.3217867080684679,
    "11,12": 0.41667,
    "12,13": 0.26111,
    "14,15": 0.15095670806845346,
    "15,16": 0.07317670806843744,
    "16,17": -0.03624839543427106,
    "17,18": -0.27652839543427554,
    "18,19": -0.6501383954342809,
    "19,3": -0.6668083954342918,
    "20,21": 0.39305,
    "20,23": 1.4280848964973767,
    "21,22": 0.13472,
    "23,24": 0.9723792166726098,
    "23,28": 0.16542567982475817,
    "24,25": 0.7445992166726008,
    "25,26": 0.32946489649733285,
    "26,27": 0.0794648964973201,
    "27,16": -0.02331510350269416,
    "28,29": 0.08486567982475245,
    "29,30": -0.015134320175240723,
    "30,31": -0.11513432017524432,
    "31,32": -0.14430432017524947,
    "32,25": -0.3679143201752584,
    "33,34": 2.2134611884817197,
    "33,49": 0.666805328502706,
    "33,50": 2.175303483015799,
    "34,35": 2.17735118848171,
    "35,36": 1.9759611884816997,
    "36,37": 1.6967911884816882,
    "37,38": 1.3217911884816762,
    "38,39": 1.1690111884816636,
    "39,40": 1.0231811884816504,
    "40,41": 0.55556,
    "40,44": 0.3217911884816382,
    "41,42": 0.41667,
    "42,43": 0.26111,
    "44,45": 0.15096118848162385,
    "45,46": 0.07318118848160796,
    "46,57": 0.02331651698427935,
    "47,46": 0.036245328502685616,
    "48,47": 0.27652532850268996,
    "49,48": 0.6501353285026952,
    "50,51": 0.39305,
    "50,53": 1.4280834830157905,
    "51,52": 0.13472,
    "53,54": 0.9723781572533615,
    "53,58": 0.1654253257624202,
    "54,55": 0.7445981572533525,
    "55,62": 0.3679146742375957,
    "56,55": -0.3294634830157474,
    "57,56": -0.07946348301573478,
    "58,59": 0.0848653257624146,
    "59,60": -0.015134674237578466,
    "60,61": -0.11513467423758195,
    "62,61": 0.144304674237587,
    "63,64": 2.22636411431286,
    "63,79": 0.6539024026708017,
    "63,80": 2.175303483015867,
    "64,65": 2.190254114312872,
    "65,66": 1.9888641143128878,
    "66,67": 1.7096941143129076,
    "67,68": 1.3346941143129287,
    "68,69": 1.1819141143129512,
    "69,70": 1.036084114312975,
    "70,71": 0.55556,
    "70,74": 0.33469411431299967,
    "71,72": 0.41667,
    "72,73": 0.26111,
    "74,75": 0.16386411431302478,
    "75,76": 0.08608411431304826,
    "76,87": 0.023316516983909578,
    "77,76": 0.02334240267083857,
    "78,77": 0.2636224026708215,
    "79,78": 0.6372324026708109,
    "80,81": 0.39305,
    "80,83": 1.4280834830158786,
    "81,82": 0.13472,
    "83,84": 0.9723781572534484,
    "83,88": 0.16542532576244398,
    "84,85": 0.7445981572534645,
    "85,92": 0.367914674237436,
    "86,85": -0.32946348301604605,
    "87,86": -0.07946348301606561,
    "88,89": 0.08486532576246221,
    "89,90": -0.015134674237502567,
    "90,91": -0.11513467423747765,
    "92,91": 0.1443046742374543
  },
  "h": {
    "1": 105,
    "2": 104.79869455150906,
    "3": 61.651330311216874,
    "4": 56.94282532790934,
    "5": 51.1069136764971,
    "6": 44.95915562816517,
    "7": 43.52018754780648,
    "8": 41.80868017142326,
    "9": 40.445400405069385,
    "10": 39.19449247147826,
    "11": 37.63499031064631,
    "12": 34.20724263705434,
    "13": 30.000000000000316,
    "14": 33.703007086880184,
    "15": 32.13357873013519,
    "16": 30.30054817432525,
    "17": 32.77770751591166,
    "18": 49.630693161169795,
    "19": 58.92183509936457,
    "20": 50.506359161830396,
    "21": 35.160201592298584,
    "22": 30.00000000000305,
    "23": 44.348648145554975,
    "24": 38.65491132916294,
    "25": 34.984078713995345,
    "26": 31.164754545399326,
    "27": 30.000000000000625,
    "28": 38.770620050964105,
    "29": 30.000000000000338,
    "30": 30.28800482827989,
    "31": 30.57309310966896,
    "32": 32.829021211281095,
    "33": 61.651215734413434,
    "34": 56.94269310002017,
    "35": 51.106759208312724,
    "36": 44.95897534339488,
    "37": 43.52000022610276,
    "38": 41.80848210544568,
    "39": 40.44519266238144,
    "40": 39.194492471478256,
    "41": 37.63499031064631,
    "42": 34.20724263705434,
    "43": 30.000000000000316,
    "44": 33.70333495962706,
    "45": 32.13382033410982,
    "46": 30.300581920076407,
    "47": 32.777353116147125,
    "48": 49.62999259881184,
    "49": 58.92174377269712,
    "50": 50.50625799691218,
    "51": 35.160201592298584,
    "52": 30.00000000000305,
    "53": 44.348558268096966,
    "54": 38.65483294039096,
    "55": 34.984009997987215,
    "56": 31.16471617582879,
    "57": 30.000000000000625,
    "58": 38.7705522839819,
    "59": 30.000000000000338,
    "60": 30.288017306765838,
    "61": 30.573107211817735,
    "62": 32.828948654372404,
    "63": 61.65121573442431,
    "64": 56.891734350320306,
    "65": 50.991590006990556,
    "66": 44.76925137775097,
    "67": 43.30994528867616,
    "68": 41.567356597330814,
    "69": 40.17606865624219,
    "70": 39.15001392343041,
    "71": 37.59051176259976,
    "72": 34.207242637052175,
    "73": 30.000000000000256,
    "74": 34.603994202573425,
    "75": 32.77702629256354,
    "76": 30.300581920067494,
    "77": 31.39695075191803,
    "78": 46.82226816690475,
    "79": 59.018752421813176,
    "80": 50.5062579969225,
    "81": 35.160201592298584,
    "82": 30.00000000000305,
    "83": 44.34855826810674,
    "84": 38.654832940400176,
    "85": 34.984009997995656,
    "86": 31.164716175836162,
    "87": 30.00000000000054,
    "88": 38.77055228399029,
    "89": 30.000000000000334,
    "90": 30.28801730676316,
    "91": 30.57310721181458,
    "92": 32.828948654382586
  },
  "l": {
    "1,2,6": 0.9999999999998513,
    "2,3,6": 1786.4999999999961,
    "3,4,6": 899.9999999999502,
    "4,5,6": 1149.9999999999482,
    "5,6,6": 1449.999999999934,
    "6,7,6": 449.9999999998997,
    "7,8,6": 849.9999999997508,
    "8,9,6": 849.9999999994715,
    "9,10,5": 64.79363680728285,
    "9,10,6": 735.2063631926698,
    "10,11,5": 949.9999999991998,
    "11,12,4": 1199.9999999984118,
    "12,13,4": 3499.9999999978363,
    "10,14,2": 242.65660323736202,
    "10,14,3": 557.3433967621206,
    "14,15,2": 499.9999999976744,
    "15,16,1": 549.9999999989099,
    "16,17,1": 2729.999999999155,
    "17,18,2": 1749.999999997679,
    "18,19,3": 438.41832770952664,
    "18,19,4": 361.5816722901255,
    "19,3,4": 399.9999999904322,
    "3,20,6": 2199.999999999953,
    "20,21,2": 490.29541632810515,
    "20,21,3": 1009.7045836713773,
    "21,22,1": 499.99999999771285,
    "20,23,6": 2649.9999999998186,
    "23,24,5": 1229.9999999994989,
    "24,25,5": 1299.9999999995987,
    "25,26,3": 849.9999999984154,
    "26,27,1": 299.99999999852383,
    "27,16,1": 749.9999999991634,
    "23,28,2": 1499.9999999986185,
    "28,29,1": 1999.9999999966476,
    "29,30,1": 1599.999999999164,
    "30,31,2": 149.9999999982664,
    "31,32,2": 741.1990234264717,
    "31,32,3": 118.80097657301094,
    "32,25,4": 949.9999999988949,
    "2,33,6": 1641.6899999999966,
    "33,34,6": 899.9999999999502,
    "34,35,6": 1149.9999999999482,
    "35,36,6": 1449.999999999934,
    "36,37,6": 449.9999999998998,
    "37,38,6": 849.9999999997508,
    "38,39,6": 849.9999999994715,
    "39,40,5": 64.73680282889397,
    "39,40,6": 735.2631971710586,
    "40,41,5": 949.9999999991998,
    "41,42,4": 1199.999999998412,
    "42,43,4": 3499.999999997836,
    "40,44,2": 242.60104460115957,
    "40,44,3": 557.3989553983231,
    "44,45,2": 499.9999999976747,
    "45,46,1": 549.9999999989099,
    "47,46,1": 2729.999999999155,
    "48,47,2": 1749.999999997679,
    "49,48,3": 438.4924764028415,
    "49,48,4": 361.5075235968107,
    "33,49,4": 399.99999999043223,