{
  "iteration": 5,
  "objective": 18405389.107786834,
  "solve_time": 6.106829404830933,
  "q": {
    "1,2": 15.886149999999999,
    "2,3": 5.0555699999999995,
    "2,33": 5.29168,
    "2,63": 5.2916799999999995,
    "3,4": 2.102134801658756,
    "3,20": 2.1663567238033528,
    "4,5": 2.0660248016587563,
    "5,6": 1.8646348016587564,
    "6,7": 1.5854648016587563,
    "7,8": 1.2104648016587563,
    "8,9": 1.0576848016587563,
    "9,10": 0.9118548016587563,
    "10,11": 0.55556,
    "10,14": 0.2104648016587563,
    "11,12": 0.41667,
    "12,13": 0.26111,
    "14,15": 0.03963480165875632,
    "15,16": -0.038145198341243684,
    "16,17": -0.15651847453789083,
    "17,18": -0.3967984745378908,
    "18,19": -0.7704084745378909,
    "19,3": -0.7870784745378908,
    "20,21": 0.39305,
    "20,23": 1.419136723803353,
    "21,22": 0.13472,
    "23,24": 0.962818068062454,
    "23,28": 0.16603865574089893,
    "24,25": 0.735038068062454,
    "25,26": 0.3205167238033529,
    "26,27": 0.07051672380335286,
    "27,16": -0.03226327619664714,
    "28,29": 0.08547865574089891,
    "29,30": -0.014521344259101098,
    "30,31": -0.1145213442591011,
    "31,32": -0.1436913442591011,
    "32,25": -0.3673013442591011,
    "33,34": 2.102135111203947,
    "33,49": 0.7870779031788304,
    "33,50": 2.1663569856172225,
    "34,35": 2.066025111203947,
    "35,36": 1.8646351112039472,
    "36,37": 1.585465111203947,
    "37,38": 1.210465111203947,
    "38,39": 1.0576851112039471,
    "39,40": 0.9118551112039471,
    "40,41": 0.55556,
    "40,44": 0.21046511120394704,
    "41,42": 0.41667,
    "42,43": 0.26111,
    "44,45": 0.03963511120394705,
    "45,46": -0.038144888796052955,
    "46,57": 0.03226301438277752,
    "47,46": 0.15651790317883046,
    "48,47": 0.39679790317883046,
    "49,48": 0.7704079031788305,
    "50,51": 0.39305,
    "50,53": 1.4191369856172225,
    "51,52": 0.13472,
    "53,54": 0.9628187966164118,
    "53,58": 0.16603818900081074,
    "54,55": 0.7350387966164117,
    "55,62": 0.3673018109991893,
    "56,55": -0.32051698561722247,
    "57,56": -0.07051698561722247,
    "58,59": 0.08547818900081074,
    "59,60": -0.014521810999189273,
    "60,61": -0.11452181099918927,
    "62,61": 0.1436918109991893,
    "63,64": 2.102135111203947,
    "63,79": 0.7870779031788305,
    "63,80": 2.1663569856172225,
    "64,65": 2.066025111203947,
    "65,66": 1.8646351112039472,
    "66,67": 1.585465111203947,
    "67,68": 1.210465111203947,
    "68,69": 1.0576851112039471,
    "69,70": 0.9118551112039471,
    "70,71": 0.55556,
    "70,74": 0.210465111203947,
    "71,72": 0.41667,
    "72,73": 0.26111,
    "74,75": 0.039635111203947006,
    "75,76": -0.038144888796052996,
    "76,87": 0.03226301438277752,
    "77,76": 0.15651790317883052,
    "78,77": 0.3967979031788305,
    "79,78": 0.7704079031788306,
    "80,81": 0.39305,
    "80,83": 1.4191369856172225,
    "81,82": 0.13472,
    "83,84": 0.9628187966164118,
    "83,88": 0.1660381890008107,
    "84,85": 0.7350387966164118,
    "85,92": 0.36730181099918935,
    "86,85": -0.3205169856172225,
    "87,86": -0.07051698561722247,
    "88,89": 0.08547818900081068,
    "89,90": -0.01452181099918932,
    "90,91": -0.11452181099918933,
    "92,91": 0.14369181099918932
  },
  "h": {
    "1": 105,
    "2": 104.79869549097835,
    "3": 61.65133136635956,
    "4": 57.371971182907,
    "5": 52.07658284461928,
    "6": 46.5548337951412,
    "7": 45.28580488914362,
    "8": 43.83163446709761,
    "9": 42.48219823914895,
    "10": 39.19449216822219,
    "11": 37.63499000925378,
    "12": 34.20724233664048,
    "13": 29.99999970000031,
    "14": 30.53529877829221,
    "15": 29.999999700001677,
    "16": 30.548501181902683,
    "17": 39.71144377782453,
    "18": 50.807655364743006,
    "19": 57.940614860290786,
    "20": 50.59111659910578,
    "21": 35.160201292782176,
    "22": 29.99999970000305,
    "23": 44.50467111485191,
    "24": 38.914184030928766,
    "25": 35.33016933819654,
    "26": 30.93356937565738,
    "27": 29.9999997000016,
    "28": 38.88830346769479,
    "29": 29.99999970000051,
    "30": 30.266774669350458,
    "31": 30.549058340035163,
    "32": 33.01280899189457,
    "33": 61.65121679975921,
    "34": 57.37185544927308,
    "35": 52.07646564162827,
    "36": 46.55471489450099,
    "37": 45.28568552964364,
    "38": 43.831514418900554,
    "39": 42.48220030611052,
    "40": 39.19449216822219,
    "41": 37.63499000925378,
    "42": 34.20724233664048,
    "43": 29.99999970000031,
    "44": 30.53530652088278,
    "45": 29.999999700001677,
    "46": 30.548492938595768,
    "47": 39.71137358773073,
    "48": 50.80755558399477,
    "49": 57.940505282417085,
    "50": 50.590999556980854,
    "51": 35.160201292782176,
    "52": 29.99999970000305,
    "53": 44.504551993158806,
    "54": 38.9140570747902,
    "55": 35.33003580301328,
    "56": 30.93357579497594,
    "57": 29.9999997000016,
    "58": 38.88821358495935,
    "59": 29.99999970000051,
    "60": 30.266790549708503,
    "61": 30.549076351063054,
    "62": 33.01284182410417,
    "63": 61.65121679975921,
    "64": 57.37185544927308,
    "65": 52.07646564162827,
    "66": 46.55471489450098,
    "67": 45.28568552964363,
    "68": 43.831514418900554,
    "69": 42.48220030611052,
    "70": 39.19449216822219,
    "71": 37.63499000925378,
    "72": 34.20724233664048,
    "73": 29.99999970000031,
    "74": 30.53530652088278,
    "75": 29.999999700001677,
    "76": 30.54849293859577,
    "77": 39.71137358773073,
    "78": 50.807555583994784,
    "79": 57.940505282417085,
    "80": 50.590999556980854,
    "81": 35.160201292782176,
    "82": 29.99999970000305,
    "83": 44.5045519931588,
    "84": 38.91405707479019,
    "85": 35.33003580301327,
    "86": 30.933575794975944,
    "87": 29.9999997000016,
    "88": 38.888213584959345,
    "89": 29.99999970000051,
    "90": 30.266790549708507,
    "91": 30.549076351063054,
    "92": 33.01284182410417
  },
  "l": {
    "1,2,6": 1.0000000099999196,
    "2,3,6": 1786.5000000499972,
    "3,4,6": 900.0000000499626,
    "4,5,6": 1150.000000049961,
    "5,6,6": 1450.0000000499492,
    "6,7,6": 450.00000004991864,
    "7,8,6": 850.0000000497153,
    "8,9,5": 53.17804349341747,
    "8,9,6": 796.821956546535,
    "9,10,5": 800.0000000496354,
    "10,11,5": 950.0000000495113,
    "11,12,4": 1200.0000000489879,
    "12,13,4": 3500.000000048767,
    "10,14,1": 225.7949250603475,
    "10,14,2": 574.2050749791075,
    "14,15,1": 500.0000000494006,
    "15,16,1": 550.000000049383,
    "16,17,2": 2730.0000000489044,
    "17,18,3": 1750.0000000490327,
    "18,19,4": 800.000000049247,
    "19,3,4": 400.0000000492817,
    "3,20,6": 2200.0000000499535,
    "20,21,2": 497.2204912533882,
    "20,21,3": 1002.7795087860945,
    "21,22,1": 500.00000004855127,
    "20,23,6": 2650.0000000496448,
    "23,24,5": 1230.0000000497273,
    "24,25,5": 1300.0000000494595,
    "25,26,2": 91.45630090888554,
    "25,26,3": 758.5436991305971,
    "26,27,1": 300.0000000492422,
    "27,16,1": 750.0000000494103,
    "23,28,2": 1500.000000049032,
    "28,29,1": 2000.000000048976,
    "29,30,1": 1600.0000000493992,
    "30,31,2": 150.00000004906335,
    "31,32,2": 860.0000000488537,
    "32,25,3": 52.240989798221676,
    "32,25,4": 897.7590102414304,
    "2,33,6": 1641.6900000499973,
    "33,34,6": 900.0000000499626,
    "34,35,6": 1150.000000049961,
    "35,36,6": 1450.0000000499492,
    "36,37,6": 450.0000000499187,
    "37,38,6": 850.0000000497154,
    "38,39,5": 53.1479090416701,
    "38,39,6": 796.8520909982824,
    "39,40,5": 800.0000000496354,
    "40,41,5": 950.0000000495113,
    "41,42,4": 1200.0000000489879,
    "42,43,4": 3500.000000048767,
    "40,44,1": 225.79316203519227,
    "40,44,2": 574.2068380042627,
    "44,45,1": 500.0000000494006,
    "45,46,1": 550.000000049383,
    "47,46,2": 2730.0000000489044,
    "48,47,3": 1750.0000000490327,
    "49,48,4": 800.000000049247,
    "33,49,4": 400.0000000492817,
    "33,50,6": 2200.0000000499535,