{
  "iteration": 4,
  "objective": 18458163.129006784,
  "solve_time": 25.239691495895386,
  "q": {
    "1,2": 15.88615,
    "2,3": 5.05557,
    "2,33": 5.29168,
    "2,63": 5.29168,
    "3,4": 2.213456653170762,
    "3,20": 2.1753049137515794,
    "4,5": 2.177346653170762,
    "5,6": 1.9759566531707617,
    "6,7": 1.6967866531707618,
    "7,8": 1.3217866531707618,
    "8,9": 1.1690066531707617,
    "9,10": 1.0231766531707618,
    "10,11": 0.55556,
    "10,14": 0.3217866531707617,
    "11,12": 0.41667,
    "12,13": 0.26111,
    "14,15": 0.1509566531707617,
    "15,16": 0.07317665317076172,
    "16,17": -0.03624843307765883,
    "17,18": -0.27652843307765884,
    "18,19": -0.6501384330776588,
    "19,3": -0.6668084330776588,
    "20,21": 0.39305,
    "20,23": 1.4280849137515794,
    "21,22": 0.13472,
    "23,24": 0.9723792296375884,
    "23,28": 0.1654256841139911,
    "24,25": 0.7445992296375884,
    "25,26": 0.32946491375157944,
    "26,27": 0.07946491375157945,
    "27,16": -0.023315086248420543,
    "28,29": 0.08486568411399109,
    "29,30": -0.015134315886008906,
    "30,31": -0.11513431588600892,
    "31,32": -0.14430431588600892,
    "32,25": -0.3679143158860089,
    "33,34": 2.1503655531226613,
    "33,49": 0.706584455877303,
    "33,50": 2.1986199910000357,
    "34,35": 2.114255553122661,
    "35,36": 1.9128655531226613,
    "36,37": 1.6336955531226611,
    "37,38": 1.2586955531226611,
    "38,39": 1.1059155531226612,
    "39,40": 0.9600855531226612,
    "40,41": 0.55556,
    "40,44": 0.25869555312266107,
    "41,42": 0.41667,
    "42,43": 0.26111,
    "44,45": 0.08786555312266106,
    "45,46": 0.010085553122661057,
    "46,57": 8.999964066279939e-09,
    "47,46": 0.07602445587730301,
    "48,47": 0.316304455877303,
    "49,48": 0.689914455877303,
    "50,51": 0.39305,
    "50,53": 1.451399991000036,
    "51,52": 0.13472,
    "53,54": 0.9973204729868872,
    "53,58": 0.1637995180131488,
    "54,55": 0.7695404729868871,
    "55,62": 0.36954048198685124,
    "56,55": -0.35277999100003593,
    "57,56": -0.10277999100003593,
    "58,59": 0.08323951801314877,
    "59,60": -0.01676048198685123,
    "60,61": -0.11676048198685124,
    "62,61": 0.14593048198685124,
    "63,64": 2.03453176159548,
    "63,79": 1.0732087031044326,
    "63,80": 1.9478295353000874,
    "64,65": 1.99842176159548,
    "65,66": 1.79703176159548,
    "66,67": 1.5178617615954801,
    "67,68": 1.1428617615954801,
    "68,69": 0.9900817615954801,
    "69,70": 0.8442517615954801,
    "70,71": 0.55556,
    "70,74": 0.1428617615954801,
    "71,72": 0.41667,
    "72,73": 0.26111,
    "74,75": -0.027968238404519917,
    "75,76": -0.10574823840451993,
    "76,87": 0.2507904646999127,
    "77,76": 0.4426487031044326,
    "78,77": 0.6829287031044325,
    "79,78": 1.0565387031044327,
    "80,81": 0.39305,
    "80,83": 1.2006095353000874,
    "81,82": 0.13472,
    "83,84": 0.7452372729921646,
    "83,88": 0.1650922623079228,
    "84,85": 0.5174572729921646,
    "85,92": 0.36824773769207725,
    "86,85": -0.10198953530008732,
    "87,86": 0.14801046469991266,
    "88,89": 0.08453226230792278,
    "89,90": -0.01546773769207722,
    "90,91": -0.11546773769207723,
    "92,91": 0.14463773769207725
  },
  "h": {
    "1": 105,
    "2": 104.7986954909784,
    "3": 61.65133136635973,
    "4": 56.94282662438412,
    "5": 51.1069152697828,
    "6": 44.95915755808298,
    "7": 43.52018957926163,
    "8": 41.80868234417002,
    "9": 40.44540270406551,
    "10": 39.194492168222624,
    "11": 37.6349900092541,
    "12": 34.20724233664067,
    "13": 29.999999700000316,
    "14": 33.70300277133507,
    "15": 32.13357547160611,
    "16": 30.300547462422518,
    "17": 32.777711568306394,
    "18": 49.63070146241372,
    "19": 58.9218358715203,
    "20": 50.50636007751818,
    "21": 35.16020129278218,
    "22": 29.99999970000305,
    "23": 44.34864893458721,
    "24": 38.654911982850244,
    "25": 34.98407925251303,
    "26": 31.164754713958143,
    "27": 29.999999700000625,
    "28": 38.77062057212635,
    "29": 29.999999700000338,
    "30": 30.28800437712114,
    "31": 30.573092638848998,
    "32": 32.82902179710772,
    "33": 61.65121679975946,
    "34": 57.1882439004823,
    "35": 51.661638403555024,
    "36": 45.87246485778889,
    "37": 44.53101510603908,
    "38": 42.9677197816582,
    "39": 41.737561549491794,
    "40": 39.194492168219966,
    "41": 37.63499000925192,
    "42": 34.207242336639894,
    "43": 29.999999700000284,
    "44": 32.385043306260734,
    "45": 30.046687459808602,
    "46": 29.99999970000078,
    "47": 39.76509889727563,
    "48": 52.798058031843674,
    "49": 58.61254182311357,
    "50": 50.28400969841038,
    "51": 35.16020129278218,
    "52": 29.99999970000305,
    "53": 43.93882036737267,
    "54": 37.971660688681276,
    "55": 34.06986389642258,
    "56": 30.462074997392833,
    "57": 29.99999970000078,
    "58": 38.461917411220654,
    "59": 29.99999970000034,
    "60": 30.347925832984075,
    "61": 30.640516212740515,
    "62": 31.897132441465793,
    "63": 61.651216799759396,
    "64": 57.623233266495454,
    "65": 52.64426436068147,
    "66": 47.48753630898998,
    "67": 46.31689578421241,
    "68": 45.00954469558286,
    "69": 42.04509495598865,
    "70": 39.19449216822041,
    "71": 37.63499000925231,
    "72": 34.20724233663997,
    "73": 29.999999700000288,
    "74": 29.999999700000988,
    "75": 30.280660821518865,
    "76": 33.905635775713925,
    "77": 42.62804909216119,
    "78": 55.109745377662605,
    "79": 59.42837925865104,
    "80": 52.567993170552114,
    "81": 35.16020129278218,
    "82": 29.99999970000305,
    "83": 44.264135574636676,
    "84": 40.785449237522506,
    "85": 35.2390477759998,
    "86": 29.999999700001034,
    "87": 30.907903086521557,
    "88": 38.70691086846434,
    "89": 29.9999997000004,
    "90": 30.29986545819021,
    "91": 30.586484613148286,
    "92": 33.0803719356042
  },
  "l": {
    "1,2,6": 1.0000000099999367,
    "2,3,6": 1786.5000000499977,
    "3,4,6": 900.0000000499695,
    "4,5,6": 1150.000000049968,
    "5,6,6": 1450.00000004996,
    "6,7,6": 450.00000004994,
    "7,8,6": 850.0000000498578,
    "8,9,6": 850.0000000497116,
    "9,10,5": 64.79434956552836,
    "9,10,6": 735.2056504744241,
    "10,11,5": 950.0000000494887,
    "11,12,4": 1200.00000004905,
    "12,13,4": 3500.000000048679,
    "10,14,2": 242.65728344702754,
    "10,14,3": 557.342716592455,
    "14,15,2": 500.0000000484499,
    "15,16,1": 550.0000000492264,
    "16,17,1": 2730.000000049379,
    "17,18,2": 1750.0000000485275,
    "18,19,3": 438.41741233388905,
    "18,19,4": 361.5825877057631,
    "19,3,4": 400.00000004495797,
    "3,20,6": 2200.0000000499713,
    "20,21,2": 490.29551565943075,
    "20,21,3": 1009.704484380052,
    "21,22,1": 500.0000000485527,
    "20,23,6": 2650.000000049895,
    "23,24,5": 1230.0000000496957,
    "24,25,5": 1300.0000000497141,
    "25,26,3": 850.0000000488649,
    "26,27,1": 300.00000004900056,
    "27,16,1": 750.0000000493844,
    "23,28,2": 1500.000000049013,
    "28,29,1": 2000.0000000479904,
    "29,30,1": 1600.0000000493847,
    "30,31,2": 150.0000000488323,
    "31,32,2": 741.1996405836585,
    "31,32,3": 118.80035945582408,
    "32,25,4": 950.0000000492264,
    "2,33,6": 1641.6900000499982,
    "33,34,6": 900.0000000499718,
    "34,35,6": 1150.0000000499708,
    "35,36,6": 1450.0000000499629,
    "36,37,6": 450.0000000499442,
    "37,38,6": 850.0000000498668,
    "38,39,6": 850.0000000497289,
    "39,40,5": 484.8285632438264,
    "39,40,6": 315.17143679612616,
    "40,41,5": 950.0000000495905,
    "41,42,4": 1200.0000000484015,
    "42,43,4": 3500.0000000490368,
    "40,44,2": 800.0000000481078,
    "44,45,1": 500.000000048919,
    "45,46,1": 550.0000000494157,
    "47,46,1": 2730.000000049195,
    "48,47,2": 701.4360771579281,
    "48,47,3": 1048.5639228815546,
    "49,48,4": 800.0000000481466,
    "33,49,4": 400.00000004853916,
    "33,50,6": 2200.0000000499776,
    "50,51,2": 472.12852485109346,