{
  "iteration": 2,
  "objective": 18370653.802918646,
  "solve_time": 57.12799906730652,
  "q": {
    "1,2": 15.886149999999995,
    "2,3": 5.0555700000000074,
    "2,33": 5.291679999999996,
    "2,63": 5.291679999999992,
    "3,4": 2.2131130515571473,
    "3,20": 2.175464412246912,
    "4,5": 2.177003051557148,
    "5,6": 1.9756130515571482,
    "6,7": 1.6964430515571478,
    "7,8": 1.3214430515571456,
    "8,9": 1.1686630515571448,
    "9,10": 1.022833051557145,
    "10,11": 0.55556,
    "10,14": 0.32144305155714475,
    "11,12": 0.41667,
    "12,13": 0.26111,
    "14,15": 0.15061305155714483,
    "15,16": 0.07283305155714476,
    "16,17": -0.036432536195947184,
    "17,18": -0.2767125361959472,
    "18,19": -0.6503225361959468,
    "19,3": -0.6669925361959468,
    "20,21": 0.39305,
    "20,23": 1.4282444122469091,
    "21,22": 0.13472,
    "23,24": 0.9702028942359597,
    "23,28": 0.16776151801094996,
    "24,25": 0.7424228942359583,
    "25,26": 0.3296244122469081,
    "26,27": 0.07962441224690821,
    "27,16": -0.02315558775309192,
    "28,29": 0.08720151801094991,
    "29,30": -0.01279848198905009,
    "30,31": -0.1127984819890501,
    "31,32": -0.14196848198905035,
    "32,25": -0.36557848198905035,
    "33,34": 2.2134608964868727,
    "33,49": 0.6668056205837222,
    "33,50": 2.175303482929404,
    "34,35": 2.1773508964868737,
    "35,36": 1.9759608964868738,
    "36,37": 1.6967908964868732,
    "37,38": 1.3217908964868739,
    "38,39": 1.1690108964868737,
    "39,40": 1.0231808964868725,
    "40,41": 0.55556,
    "40,44": 0.3217908964868734,
    "41,42": 0.41667,
    "42,43": 0.26111,
    "44,45": 0.15096089648687339,
    "45,46": 0.0731808964868734,
    "46,57": 0.023316517070595576,
    "47,46": 0.03624562058372219,
    "48,47": 0.27652562058372215,
    "49,48": 0.6501356205837223,
    "50,51": 0.39305,
    "50,53": 1.4280834829294051,
    "51,52": 0.13472,
    "53,54": 0.972378157139932,
    "53,58": 0.16542532578947275,
    "54,55": 0.744598157139932,
    "55,62": 0.36791467421052737,
    "56,55": -0.32946348292940436,
    "57,56": -0.07946348292940442,
    "58,59": 0.08486532578947276,
    "59,60": -0.015134674210527254,
    "60,61": -0.11513467421052734,
    "62,61": 0.1443046742105273,
    "63,64": 2.213461154549098,
    "63,79": 0.6668053625269201,
    "63,80": 2.175303482923975,
    "64,65": 2.177351154549102,
    "65,66": 1.9759611545491018,
    "66,67": 1.696791154549105,
    "67,68": 1.3217911545491048,
    "68,69": 1.169011154549105,
    "69,70": 1.0231811545491063,
    "70,71": 0.55556,
    "70,74": 0.3217911545491049,
    "71,72": 0.41667,
    "72,73": 0.26111,
    "74,75": 0.15096115454910486,
    "75,76": 0.07318115454910487,
    "76,87": 0.02331651707602585,
    "77,76": 0.036245362526920975,
    "78,77": 0.2765253625269209,
    "79,78": 0.6501353625269198,
    "80,81": 0.39305,
    "80,83": 1.4280834829239755,
    "81,82": 0.13472,
    "83,84": 0.9723781571340743,
    "83,88": 0.16542532578990068,
    "84,85": 0.7445981571340736,
    "85,92": 0.3679146742100992,
    "86,85": -0.3294634829239741,
    "87,86": -0.07946348292397414,
    "88,89": 0.08486532578990069,
    "89,90": -0.015134674210099308,
    "90,91": -0.11513467421009926,
    "92,91": 0.14430467421009935
  },
  "h": {
    "1": 105,
    "2": 104.7986945513294,
    "3": 61.65133031051134,
    "4": 56.944179108153286,
    "5": 51.10997321360703,
    "6": 44.9641951982038,
    "7": 43.52576681579941,
    "8": 41.81508345195106,
    "9": 40.45254581141181,
    "10": 39.194492475561134,
    "11": 37.63499031245446,
    "12": 34.20724264000824,
    "13": 30.00000000023192,
    "14": 33.67668868549781,
    "15": 32.113870801120925,
    "16": 30.296751064149483,
    "17": 32.79726620086947,
    "18": 49.67104168027673,
    "19": 58.92043890719135,
    "20": 50.5048455397337,
    "21": 35.16020158078104,
    "22": 30.00000000224497,
    "23": 44.345860636125835,
    "24": 38.675702072719425,
    "25": 35.02471509434793,
    "26": 31.169088402756298,
    "27": 30.000000000523443,
    "28": 38.62108722923995,
    "29": 30.00000000021012,
    "30": 30.211137763342492,
    "31": 30.485607016343597,
    "32": 32.89492841115453,
    "33": 61.651215733685994,
    "34": 56.94269424827451,
    "35": 51.10676180462826,
    "36": 44.95897962080056,
    "37": 43.52000496059663,
    "38": 41.80848753820183,
    "39": 40.4451987230228,
    "40": 39.19449247557473,
    "41": 37.63499031246506,
    "42": 34.207242640014385,
    "43": 30.00000000023202,
    "44": 33.703315801216334,
    "45": 32.13380678729223,
    "46": 30.300581922389846,
    "47": 32.777390080984446,
    "48": 49.63006252148342,
    "49": 58.92174148802334,
    "50": 50.506257995751994,
    "51": 35.16020158078102,
    "52": 30.000000002244967,
    "53": 44.34855826585405,
    "54": 38.6548329391355,
    "55": 34.98400999632783,
    "56": 31.164716170533428,
    "57": 30.00000000045923,
    "58": 38.770552280973796,
    "59": 30.00000000024772,
    "60": 30.28801730596738,
    "61": 30.573107209817394,
    "62": 32.8289486509042,
    "63": 61.651215733686065,
    "64": 56.9426932316084,
    "65": 51.10675950696691,
    "66": 44.95897583615678,
    "67": 43.5200007706398,
    "68": 41.808482729396395,
    "69": 40.4451933568581,
    "70": 39.19449247557474,
    "71": 37.634990312465064,
    "72": 34.20724264001439,
    "73": 30.00000000023202,
    "74": 33.703332743012474,
    "75": 32.133818760094236,
    "76": 30.30058192251949,
    "77": 32.77735742400951,
    "78": 49.630000738050896,
    "79": 58.92174344433985,
    "80": 50.506257995803566,
    "81": 35.16020158078105,
    "82": 30.00000000224497,
    "83": 44.34855826594895,
    "84": 38.6548329392939,
    "85": 34.98400999653968,
    "86": 31.164716170385983,
    "87": 30.000000000459227,
    "88": 38.7705522810419,
    "89": 30.000000000247724,
    "90": 30.288017305952298,
    "91": 30.573107209800416,
    "92": 32.8289486511205
  },
  "l": {
    "1,2,6": 0.9999999998896749,
    "2,3,6": 1786.4999999972613,
    "3,4,6": 899.999999963337,
    "4,5,6": 1149.9999999618608,
    "5,6,6": 1449.9999999514528,
    "6,7,6": 449.99999992623106,
    "7,8,6": 849.999999816605,
    "8,9,6": 849.9999996109939,
    "9,10,5": 66.8616885420568,
    "9,10,6": 733.1383114229995,
    "10,11,5": 949.9999994115848,
    "11,12,4": 1199.9999988288012,
    "12,13,4": 3499.9999984102046,
    "10,14,2": 247.06474513104789,
    "10,14,3": 552.935254488074,
    "14,15,2": 499.9999982742077,
    "15,16,1": 549.9999991997084,
    "16,17,1": 2729.999999377664,
    "17,18,2": 1749.9999982878564,
    "18,19,3": 433.4141967360532,
    "18,19,4": 366.5858030078149,
    "19,3,4": 399.999992953788,
    "3,20,6": 2199.999999968853,
    "20,21,2": 490.17174761573887,
    "20,21,3": 1009.8282520033827,
    "21,22,1": 499.99999831612956,
    "20,23,6": 2649.999999888265,
    "23,24,5": 1229.999999579531,
    "24,25,5": 1299.9999997145483,
    "25,26,2": 3.72121142873785,
    "25,26,3": 846.2787881903843,
    "26,27,1": 299.99999915537126,
    "27,16,1": 749.999999384536,
    "23,28,2": 1499.9999987720244,
    "28,29,1": 1826.8293990574505,
    "28,29,2": 173.17060054139543,
    "29,30,1": 1599.9999993900349,
    "30,31,2": 149.99999833118255,
    "31,32,2": 859.9999999171299,
    "32,25,4": 949.9999993294541,
    "2,33,6": 1641.6899999973807,
    "33,34,6": 899.999999963321,
    "34,35,6": 1149.9999999618444,
    "35,36,6": 1449.9999999514323,
    "36,37,6": 449.9999999262016,
    "37,38,6": 849.9999998165384,
    "38,39,6": 849.9999996108589,
    "39,40,5": 64.7385547748919,
    "39,40,6": 735.2614451901644,
    "40,41,5": 949.999999410818,
    "41,42,4": 1199.9999988307557,
    "42,43,4": 3499.999998406979,
    "40,44,2": 242.60440417099673,
    "40,44,3": 557.3955954481248,
    "44,45,2": 499.9999982880425,
    "45,46,1": 549.9999991974305,
    "47,46,1": 2729.99999937812,
    "48,47,2": 1749.9999982912052,
    "49,48,3": 438.48389072707874,
    "49,48,4": 361.51610901678896,