{
  "iteration": 3,
  "objective": 18508463.455679618,
  "solve_time": 21.16290044784546,
  "q": {
    "1,2": 15.88615,
    "2,3": 5.05557,
    "2,33": 5.29168,
    "2,63": 5.29168,
    "3,4": 2.213456653170764,
    "3,20": 2.1753049137515785,
    "4,5": 2.177346653170764,
    "5,6": 1.975956653170764,
    "6,7": 1.696786653170764,
    "7,8": 1.321786653170764,
    "8,9": 1.169006653170764,
    "9,10": 1.023176653170764,
    "10,11": 0.55556,
    "10,14": 0.3217866531707639,
    "11,12": 0.41667,
    "12,13": 0.26111,
    "14,15": 0.1509566531707639,
    "15,16": 0.07317665317076388,
    "16,17": -0.0362484330776575,
    "17,18": -0.2765284330776575,
    "18,19": -0.6501384330776575,
    "19,3": -0.6668084330776575,
    "20,21": 0.39305,
    "20,23": 1.4280849137515785,
    "21,22": 0.13472,
    "23,24": 0.9723792296375875,
    "23,28": 0.16542568411399114,
    "24,25": 0.7445992296375875,
    "25,26": 0.3294649137515786,
    "26,27": 0.07946491375157862,
    "27,16": -0.023315086248421386,
    "28,29": 0.08486568411399112,
    "29,30": -0.015134315886008883,
    "30,31": -0.11513431588600889,
    "31,32": -0.1443043158860089,
    "32,25": -0.36791431588600887,
    "33,34": 2.034450945861854,
    "33,49": 0.9123658061735952,
    "33,50": 2.1087532479645508,
    "34,35": 1.998340945861854,
    "35,36": 1.796950945861854,
    "36,37": 1.517780945861854,
    "37,38": 1.142780945861854,
    "38,39": 0.9900009458618539,
    "39,40": 0.844170945861854,
    "40,41": 0.55556,
    "40,44": 0.1427809458618539,
    "41,42": 0.41667,
    "42,43": 0.26111,
    "44,45": -0.028049054138146113,
    "45,46": -0.10582905413814611,
    "46,57": 0.08986675203544912,
    "47,46": 0.28180580617359524,
    "48,47": 0.5220858061735952,
    "49,48": 0.8956958061735952,
    "50,51": 0.39305,
    "50,53": 1.3615332479645508,
    "51,52": 0.13472,
    "53,54": 0.9014070455677808,
    "53,58": 0.1698462023967701,
    "54,55": 0.6736270455677809,
    "55,62": 0.3634937976032299,
    "56,55": -0.2629132479645509,
    "57,56": -0.01291324796455087,
    "58,59": 0.0892862023967701,
    "59,60": -0.010713797603229913,
    "60,61": -0.11071379760322991,
    "62,61": 0.13988379760322991,
    "63,64": 2.0345317615954808,
    "63,79": 1.073208703104432,
    "63,80": 1.9478295353000876,
    "64,65": 1.9984217615954805,
    "65,66": 1.7970317615954805,
    "66,67": 1.5178617615954806,
    "67,68": 1.1428617615954806,
    "68,69": 0.9900817615954806,
    "69,70": 0.8442517615954805,
    "70,71": 0.55556,
    "70,74": 0.14286176159548053,
    "71,72": 0.41667,
    "72,73": 0.26111,
    "74,75": -0.027968238404519494,
    "75,76": -0.1057482384045195,
    "76,87": 0.25079046469991234,
    "77,76": 0.44264870310443183,
    "78,77": 0.6829287031044319,
    "79,78": 1.0565387031044318,
    "80,81": 0.39305,
    "80,83": 1.2006095353000876,
    "81,82": 0.13472,
    "83,84": 0.7452372729921648,
    "83,88": 0.16509226230792293,
    "84,85": 0.5174572729921647,
    "85,92": 0.3682477376920771,
    "86,85": -0.10198953530008766,
    "87,86": 0.14801046469991236,
    "88,89": 0.0845322623079229,
    "89,90": -0.015467737692077087,
    "90,91": -0.1154677376920771,
    "92,91": 0.1446377376920771
  },
  "h": {
    "1": 105,
    "2": 104.79869549097839,
    "3": 61.65133136635972,
    "4": 56.9428266243841,
    "5": 51.106915269782775,
    "6": 44.959157558082936,
    "7": 43.52018957926159,
    "8": 41.80868234416997,
    "9": 40.44540270406545,
    "10": 39.194492168222624,
    "11": 37.63499000925411,
    "12": 34.20724233664066,
    "13": 29.999999700000316,
    "14": 33.70300277133515,
    "15": 32.133575471606235,
    "16": 30.30054746242254,
    "17": 32.77771156830625,
    "18": 49.630701462413434,
    "19": 58.92183587151672,
    "20": 50.50636007751818,
    "21": 35.16020129278225,
    "22": 29.99999970000305,
    "23": 44.34864893458721,
    "24": 38.65491198285025,
    "25": 34.98407925251304,
    "26": 31.16475471395818,
    "27": 29.999999700000625,
    "28": 38.770620572126354,
    "29": 29.999999700000338,
    "30": 30.28800437712114,
    "31": 30.573092638849168,
    "32": 32.829021797107735,
    "33": 61.65121679975934,
    "34": 57.62352958090082,
    "35": 52.64493356590014,
    "36": 47.48863499827608,
    "37": 46.31810990341607,
    "38": 45.01093002211472,
    "39": 42.044589615702435,
    "40": 39.194492168220016,
    "41": 37.63499000925197,
    "42": 34.20724233663991,
    "43": 29.999999700000284,
    "44": 29.999999700000927,
    "45": 30.28216461512995,
    "46": 33.65691716670606,
    "47": 42.8414058244975,
    "48": 50.431871241613386,
    "49": 59.860829044999036,
    "50": 51.12948156907181,
    "51": 35.16020129278225,
    "52": 29.99999970000305,
    "53": 45.4926485819797,
    "54": 40.544538786660745,
    "55": 37.49526152690743,
    "56": 30.04024799115089,
    "57": 29.9999997000013,
    "58": 39.635429185824634,
    "59": 29.9999997000005,
    "60": 30.151901770010966,
    "61": 30.417050597799285,
    "62": 32.76126061656012,
    "63": 61.65121679975938,
    "64": 57.62323326649545,
    "65": 52.644264360681454,
    "66": 47.48753630898996,
    "67": 46.31689578421239,
    "68": 45.009544695582846,
    "69": 42.045094955988645,
    "70": 39.1944921682204,
    "71": 37.634990009252306,
    "72": 34.20724233663997,
    "73": 29.999999700000288,
    "74": 29.999999700000988,
    "75": 30.280660821518858,
    "76": 33.90563577571397,
    "77": 42.628049092161206,
    "78": 55.10974537766259,
    "79": 59.42837925865103,
    "80": 52.56799317055209,
    "81": 35.16020129278225,
    "82": 29.99999970000305,
    "83": 44.26413557463672,
    "84": 40.78544923752254,
    "85": 35.239047775999836,
    "86": 29.999999700001034,
    "87": 30.907903086521504,
    "88": 38.70691086846437,
    "89": 29.9999997000004,
    "90": 30.299865458190208,
    "91": 30.586484613148322,
    "92": 33.08037193560423
  },
  "l": {
    "1,2,6": 1.0000000099999322,
    "2,3,6": 1786.5000000499974,
    "3,4,6": 900.0000000499695,
    "4,5,6": 1150.0000000499683,
    "5,6,6": 1450.00000004996,
    "6,7,6": 450.00000004994007,
    "7,8,6": 850.0000000498578,
    "8,9,6": 850.0000000497116,
    "9,10,5": 64.79434956551218,
    "9,10,6": 735.2056504744403,
    "10,11,5": 950.0000000494887,
    "11,12,4": 1200.0000000490497,
    "12,13,4": 3500.0000000486793,
    "10,14,2": 242.65728344701057,
    "10,14,3": 557.3427165924721,
    "14,15,2": 500.00000004846834,
    "15,16,1": 550.0000000492271,
    "16,17,1": 2730.0000000493787,
    "17,18,2": 1750.000000048528,
    "18,19,3": 438.4174123335385,
    "18,19,4": 361.58258770611366,
    "19,3,4": 400.00000004462106,
    "3,20,6": 2200.0000000499713,
    "20,21,2": 490.2955156594257,
    "20,21,3": 1009.7044843800571,
    "21,22,1": 500.0000000485608,
    "20,23,6": 2650.000000049895,
    "23,24,5": 1230.000000049696,
    "24,25,5": 1300.0000000497141,
    "25,26,3": 850.0000000488661,
    "26,27,1": 300.0000000490194,
    "27,16,1": 750.0000000493844,
    "23,28,2": 1500.000000049013,
    "28,29,1": 2000.0000000479902,
    "29,30,1": 1600.0000000493849,
    "30,31,2": 150.00000004904456,
    "31,32,2": 741.1996405835757,
    "31,32,3": 118.80035945590704,
    "32,25,4": 950.0000000492263,
    "2,33,6": 1641.6900000499977,
    "33,34,6": 900.0000000499656,
    "34,35,6": 1150.000000049964,
    "35,36,6": 1450.000000049953,
    "36,37,6": 450.00000004992427,
    "37,38,6": 850.000000049733,
    "38,39,5": 544.6140736188029,
    "38,39,6": 305.38592642114963,
    "39,40,5": 800.0000000496515,
    "40,41,5": 950.0000000495893,
    "41,42,4": 1200.0000000484208,
    "42,43,4": 3500.000000049033,
    "40,44,1": 800.0000000467232,
    "44,45,1": 500.00000004938295,
    "45,46,1": 498.66471515407216,
    "45,46,2": 51.335284885382926,
    "47,46,3": 2730.0000000489326,
    "48,47,4": 1750.000000048843,
    "49,48,4": 800.0000000457594,
    "33,49,4": 17.920374652533617,
    "33,49,5": 382.0796253872698,
    "33,50,6": 2200.000000049953,