{
  "iteration": 4,
  "objective": 172102.65257245756,
  "solve_time": 51.898199796676636,
  "q": {
    "1,17": 0.004113157638594447,
    "1,31": 0.02585730857941241,
    "2,3": 0.0018283970478258746,
    "2,18": -0.001418782036564285,
    "3,4": 0.002022591417241793,
    "3,11": -0.001214194369200037,
    "4,5": 0.0005491121299296337,
    "5,6": -0.000205287103653459,
    "5,13": 0.00012439924145053082,
    "6,7": -0.0008469607944297548,
    "7,24": -0.0007624625942719127,
    "8,28": -0.002423806725538392,
    "9,36": -0.002223396306122784,
    "10,11": 0.008974532447738763,
    "10,32": 0.0035592564993672743,
    "11,19": 0.003186509192127583,
    "11,26": 0.0028238288865573896,
    "12,4": -0.0006634792953115267,
    "12,13": 0.0005705700779693921,
    "13,14": -0.0004650306725355874,
    "14,20": -0.0011372918533120227,
    "14,21": 0.00013226119133790502,
    "15,16": -0.0015999742465591545,
    "15,22": 0.0014515099466833581,
    "16,25": 0.002057709158061265,
    "16,29": -0.0023912591764714075,
    "17,2": 0.001449615014794467,
    "17,18": 0.0013935426116975683,
    "18,10": -0.002045239429693325,
    "19,12": 0.0008170907742747389,
    "19,20": 0.0004894184267822937,
    "20,15": -0.0015778734166166273,
    "21,6": 0.00014832630011622156,
    "21,22": -0.0009760650990078463,
    "22,7": 0.0003444981846398029,
    "22,23": -0.0008390533244521357,
    "23,25": -0.0017406360316050847,
    "24,8": -0.001390879866098673,
    "24,23": -4.158271861898105e-05,
    "25,8": -0.00045292686611548595,
    "26,15": 0.0025294091074596356,
    "26,27": -0.0013955802172839133,
    "27,16": 0.002476424224139023,
    "28,9": -0.001498167336171623,
    "28,29": -0.0012256393912307153,
    "29,30": -0.001683508128473541,
    "29,33": -0.0025533904435142323,
    "30,9": -0.00018522896381558193,
    "30,35": -0.0020382791707296544,
    "31,10": 0.01568902838015693,
    "31,34": 0.009268280171035979,
    "32,27": 0.0052920044413009865,
    "32,33": -0.002762747944759043,
    "33,34": -0.0060861384046310965,
    "34,35": 0.002442141747457881,
    "35,36": -0.0007561374343459023,
    "36,1": -0.00344953375179979,
    "37,1": 0.033909999999999996
  },
  "h": {
    "1": 120.97466365486554,
    "2": 112.71443006240524,
    "3": 111.53644825726118,
    "4": 107.82757227726295,
    "5": 107.52107257852295,
    "6": 107.57872322169735,
    "7": 107.9000000000093,
    "8": 109.07755009124257,
    "9": 112.67166531351171,
    "10": 114.73325452158645,
    "11": 112.445979499591,
    "12": 107.74783140289207,
    "13": 107.51582653346853,
    "14": 107.6033996980583,
    "15": 108.57095785857557,
    "16": 109.97566473302363,
    "17": 115.11240817099427,
    "18": 113.71673587429274,
    "19": 107.96837937498958,
    "20": 107.755873021329,
    "21": 107.59844954565808,
    "22": 108.05245129568837,
    "23": 108.29377521208436,
    "24": 108.29189610810099,
    "25": 108.96808608828336,
    "26": 110.61306411556666,
    "27": 111.6885439666859,
    "28": 111.47629172370806,
    "29": 112.1753678349074,
    "30": 112.6540843204227,
    "31": 119.81825816260046,
    "32": 113.050325251875,
    "33": 116.10240757235353,
    "34": 116.88317909922753,
    "35": 114.09744114706658,
    "36": 114.25691152090575,
    "37": 121
  },
  "l": {
    "1,17,1": 132.75999999309204,
    "17,2,1": 374.67999999566416,
    "2,3,1": 119.73999999538891,
    "3,4,1": 312.71999999515543,
    "4,5,1": 289.08999999574365,
    "5,6,1": 336.32999999578624,
    "6,7,1": 135.8099999960307,
    "7,24,1": 201.25999999556734,
    "24,8,1": 132.52999999543397,
    "8,28,1": 144.6599999944907,
    "28,9,1": 175.71999999555314,
    "9,36,1": 112.16999999523935,
    "36,1,1": 210.73999999397458,
    "1,31,5": 75.40999999726384,
    "31,10,3": 105.59396984723382,
    "31,10,5": 75.82603013632189,
    "10,11,3": 146.9599999952351,
    "11,19,1": 162.689999992588,
    "19,12,1": 99.63999999571702,
    "12,4,1": 52.97999999573541,
    "2,18,1": 162.96999999566137,
    "18,10,1": 83.9599999957479,
    "10,32,1": 49.8199999926969,
    "32,27,2": 78.49999998408008,
    "27,16,1": 99.26999999438848,
    "16,25,1": 82.28999999477074,
    "25,8,1": 147.48999999577015,
    "3,11,1": 197.31999999573253,
    "11,26,1": 83.29999999426883,
    "26,15,1": 113.79999999382005,
    "15,22,1": 80.81999999514326,
    "22,7,1": 340.96999999572773,
    "5,13,1": 77.3899999957666,
    "13,14,1": 112.36999999578309,
    "14,20,1": 37.33999999546499,
    "20,15,1": 108.8499999955718,
    "15,16,1": 182.81999999545886,
    "16,29,1": 136.01999999487947,
    "29,30,1": 56.69999999544605,
    "30,9,1": 124.07999999577149,
    "17,18,1": 234.59999999567898,
    "12,13,1": 203.82999999573312,
    "19,20,1": 248.04999999574477,
    "14,21,1": 65.18999999575512,
    "21,6,1": 210.0899999957694,
    "21,22,1": 147.5699999958056,
    "22,23,1": 103.79999999572652,
    "24,23,1": 210.94999999577533,
    "23,25,1": 75.07999999503163,
    "26,27,1": 180.28999999563985,
    "28,29,1": 149.04999999564967,
    "29,33,1": 215.0499999949759,
    "32,33,1": 144.43999999493403,
    "33,34,2": 34.739999979810875,
    "31,34,2": 59.92999999946857,
    "34,35,1": 165.6699999952394,
    "30,35,1": 119.9699999953411,
    "35,36,1": 83.1699999957583,
    "37,1,5": 0.9999999985800991
  },
  "D": {
    "1": 0.00049,
    "2": 0.00104,
    "3": 0.00102,
    "4": 0.00081,
    "5": 0.00063,
    "6": 0.00079,
    "7": 0.00026,
    "8": 0.00058,
    "9": 0.00054,
    "10": 0.00111,
    "11": 0.00175,
    "12": 0.00091,
    "13": 0.00116,
    "14": 0.00054,
    "15": 0.0011,
    "16": 0.00121,
    "17": 0.00127,
    "18": 0.00202,
    "19": 0.00188,
    "20": 0.00093,
    "21": 0.00096,
    "22": 0.00097,
    "23": 0.00086,
    "24": 0.00067,
    "25": 0.00077,
    "26": 0.00169,
    "27": 0.00142,
    "28": 0.0003,
    "29": 0.00062,
    "30": 0.00054,
    "31": 0.0009,
    "32": 0.00103,
    "33": 0.00077,
    "34": 0.00074,
    "35": 0.00116,
    "36": 0.00047,
    "37": 0
  },
  "Diameters": {
    "1": 0.06,
    "2": 0.08,
    "3": 0.1,
    "4": 0.125,
    "5": 0.15,
    "6": 0.2,
    "7": 0.25,
    "8": 0.3,
    "9": 0.35,
    "10": 0.4,
    "11": 0.45,
    "12": 0.5,
    "13": 0.6
  },
  "L": {
    "1,17": 132.76,
    "1,31": 75.41,
    "2,3": 119.74,
    "2,18": 162.97,
    "3,4": 312.72,
    "3,11": 197.32,
    "4,5": 289.09,
    "5,6": 336.33,
    "5,13": 77.39,
    "6,7": 135.81,
    "7,24": 201.26,
    "8,28": 144.66,
    "9,36": 112.17,
    "10,11": 146.96,
    "10,32": 49.82,
    "11,19": 162.69,
    "11,26": 83.3,
    "12,4": 52.98,
    "12,13": 203.83,
    "13,14": 112.37,
    "14,20": 37.34,
    "14,21": 65.19,
    "15,16": 182.82,
    "15,22": 80.82,
    "16,25": 82.29,
    "16,29": 136.02,
    "17,2": 374.68,
    "17,18": 234.6,
    "18,10": 83.96,
    "19,12": 99.64,
    "19,20": 248.05,
    "20,15": 108.85,
    "21,6": 210.09,
    "21,22": 147.57,
    "22,7": 340.97,
    "22,23": 103.8,
    "23,25": 75.08,
    "24,8": 132.53,
    "24,23": 210.95,
    "25,8": 147.49,
    "26,15": 113.8,
    "26,27": 180.29,
    "27,16": 99.27,
    "28,9": 175.72,
    "28,29": 149.05,
    "29,30": 56.7,
    "29,33": 215.05,
    "30,9": 124.08,
    "30,35": 119.97,
    "31,10": 181.42,
    "31,34": 59.93,
    "32,27": 78.5,
    "32,33": 144.44,
    "33,34": 34.74,
    "34,35": 165.67,
    "35,36": 83.17,
    "36,1": 210.74,
    "37,1": 1
  },
  "C": {
    "1": 19.8,
    "2": 24.5,
    "3": 27.2,
    "4": 37,
    "5": 39.4,
    "6": 54.4,
    "7": 72.9,
    "8": 90.7,
    "9": 119.5,
    "10": 139.1,
    "11": 164.4,
    "12": 186,
    "13": 241.3
  },
  "hmin": {
    "1": 105.15,
    "2": 104.4,
    "3": 103.35,
    "4": 102.5,
    "5": 101.24000000000001,
    "6": 105.4,
    "7": 107.9,
    "8": 106.5,
    "9": 106,
    "10": 104.17,
    "11": 103.7,
    "12": 102.64,
    "13": 101.9,
    "14": 102.6,
    "15": 103.5,
    "16": 104.3,
    "17": 105.5,
    "18": 104.1,
    "19": 102.9,
    "20": 102.83,
    "21": 102.8,
    "22": 103.9,
    "23": 104.2,