{
  "iteration": 2,
  "objective": 172284.1027483157,
  "solve_time": 40.94848394393921,
  "q": {
    "1,17": 0.00415402216036769,
    "1,31": 0.0260551226106591,
    "2,3": 0.002661135750758686,
    "2,18": -0.0020438486582047273,
    "3,4": 0.0016411357507586859,
    "3,11": 0.0,
    "4,5": 0.00031114438243678646,
    "5,6": -0.00045846615273743727,
    "5,13": 0.00013961053517422378,
    "6,7": -0.0012891734529580949,
    "7,24": -0.001170136803353679,
    "8,28": -0.002504481543120703,
    "9,36": -0.0020638005295066796,
    "10,11": 0.004554283579956141,
    "10,32": 0.0023829538229834532,
    "11,19": 0.0022836283637563642,
    "11,26": 0.0005206552161997766,
    "12,4": -0.0005199913683218995,
    "12,13": 0.0002816434933904679,
    "13,14": -0.0007387459714353082,
    "14,20": -0.0007999430651816778,
    "14,21": -0.0004788029062536305,
    "15,16": -0.0026434063154488264,
    "15,22": 0.0012695771695738708,
    "16,25": 0.0030232103462964942,
    "16,29": -0.001817433484368429,
    "17,2": 0.0016572870925539588,
    "17,18": 0.0012267350678137308,
    "18,10": -0.0028371135903909966,
    "19,12": 0.0006716521250685684,
    "19,20": -0.000268023761312204,
    "20,15": -0.001997966826493882,
    "21,6": -4.070730022065742e-05,
    "21,22": -0.001398095606032973,
    "22,7": 0.0003790366496044159,
    "22,23": -0.0014775550860635183,
    "23,25": -0.0023990652361159264,
    "24,8": -0.0017786266533012705,
    "24,23": -6.151015005240839e-05,
    "25,8": -0.00014585488981943255,
    "26,15": 0.0017241376806189266,
    "26,27": -0.0028934824644191504,
    "27,16": 0.005059183177376891,
    "28,9": -0.0014723116638430155,
    "28,29": -0.0013321698792776876,
    "29,30": -0.001399624008478961,
    "29,33": -0.0023699793551671556,
    "30,9": -5.148886566366399e-05,
    "30,35": -0.001888135142815297,
    "31,10": 0.01088435099333059,
    "31,34": 0.014270771617328508,
    "32,27": 0.009372665641796042,
    "32,33": -0.008019711818812588,
    "33,34": -0.011159691173979745,
    "34,35": 0.0023710804433487638,
    "35,36": -0.0006770546994665334,
    "36,1": -0.0032108552289732127,
    "37,1": 0.03391
  },
  "h": {
    "1": 120.97466368385241,
    "2": 111.93131904736934,
    "3": 109.57079660146498,
    "4": 107.0522614027495,
    "5": 106.94522207597036,
    "6": 107.20052243685831,
    "7": 107.89999892100063,
    "8": 110.00515735660463,
    "9": 113.71130483022783,
    "10": 115.76550803868363,
    "11": 109.57079660146498,
    "12": 107.00148270749406,
    "13": 106.93872649392544,
    "14": 107.14509722157582,
    "15": 108.4865733876465,
    "16": 112.04629497523878,
    "17": 115.004087833296,
    "18": 113.90194166599495,
    "19": 107.15489136772018,
    "20": 107.22456379167407,
    "21": 107.19872330455635,
    "22": 108.08195999945615,
    "23": 108.77019537718077,
    "24": 108.76631518088331,
    "25": 109.9917331386112,
    "26": 109.49076882361017,
    "27": 113.6409571409364,
    "28": 112.55385685816208,
    "29": 113.36961444177263,
    "30": 113.70966295763009,
    "31": 119.80182064502081,
    "32": 114.96499832469837,
    "33": 116.79028397225659,
    "34": 117.59979538376588,
    "35": 114.96231559426677,
    "36": 115.09228066318579,
    "37": 121
  },
  "l": {
    "1,17,1": 132.7600001198757,
    "17,2,1": 374.6800001198799,
    "2,3,1": 119.74000011988963,
    "3,4,1": 312.7200001198611,
    "4,5,1": 289.0900001198789,
    "5,6,1": 336.33000011987957,
    "6,7,1": 135.81000011988743,
    "7,24,1": 201.26000011987387,
    "24,8,1": 132.53000011987297,
    "8,28,1": 144.66000011986452,
    "28,9,1": 175.72000011987703,
    "9,36,1": 112.17000011987541,
    "36,1,1": 210.74000011986365,
    "1,31,5": 75.41000011989556,
    "31,10,3": 181.4200001198363,
    "10,11,1": 106.1014979121483,
    "10,11,2": 40.85850219766122,
    "11,19,1": 162.69000011988192,
    "19,12,1": 99.64000011988207,
    "12,4,1": 52.980000119884224,
    "2,18,1": 162.97000011988456,
    "18,10,1": 83.96000011989328,
    "10,32,1": 49.82000011987525,
    "32,27,3": 78.50000011984844,
    "27,16,1": 0.20992940874326832,
    "27,16,2": 99.06007070106621,
    "16,25,1": 82.29000011985293,
    "25,8,1": 147.49000011988014,
    "3,11,1": 197.3200001198796,
    "11,26,1": 83.30000011988265,
    "26,15,1": 113.80000011987946,
    "15,22,1": 80.82000011987753,
    "22,7,1": 340.97000011987814,
    "5,13,1": 77.39000011988232,
    "13,14,1": 112.37000011988194,
    "14,20,1": 37.34000011988982,
    "20,15,1": 108.85000011988086,
    "15,16,1": 182.82000011986187,
    "16,29,1": 136.0200001198752,
    "29,30,1": 56.700000119882226,
    "30,9,1": 124.08000011988052,
    "17,18,1": 234.60000011987842,
    "12,13,1": 203.83000011987943,
    "19,20,1": 248.05000011987948,
    "14,21,1": 65.19000011988422,
    "21,6,1": 210.09000011987956,
    "21,22,1": 147.57000011988123,
    "22,23,1": 103.80000011987808,
    "24,23,1": 210.95000011987952,
    "23,25,1": 75.08000011986523,
    "26,27,1": 180.29000011985212,
    "28,29,1": 149.05000011987815,
    "29,33,1": 215.050000119872,
    "32,33,3": 144.4400001193971,
    "33,34,3": 34.74000011987904,
    "31,34,3": 59.93000011987842,
    "34,35,1": 165.670000119874,
    "30,35,1": 119.97000011987623,
    "35,36,1": 83.17000011988188,
    "37,1,5": 1.0000000099812008
  },
  "D": {
    "1": 0.00049,
    "2": 0.00104,
    "3": 0.00102,
    "4": 0.00081,
    "5": 0.00063,
    "6": 0.00079,
    "7": 0.00026,
    "8": 0.00058,
    "9": 0.00054,
    "10": 0.00111,
    "11": 0.00175,
    "12": 0.00091,
    "13": 0.00116,
    "14": 0.00054,
    "15": 0.0011,
    "16": 0.00121,
    "17": 0.00127,
    "18": 0.00202,
    "19": 0.00188,
    "20": 0.00093,
    "21": 0.00096,
    "22": 0.00097,
    "23": 0.00086,
    "24": 0.00067,
    "25": 0.00077,
    "26": 0.00169,
    "27": 0.00142,
    "28": 0.0003,
    "29": 0.00062,
    "30": 0.00054,
    "31": 0.0009,
    "32": 0.00103,
    "33": 0.00077,
    "34": 0.00074,
    "35": 0.00116,
    "36": 0.00047,
    "37": 0
  },
  "Diameters": {
    "1": 0.06,
    "2": 0.08,
    "3": 0.1,
    "4": 0.125,
    "5": 0.15,
    "6": 0.2,
    "7": 0.25,
    "8": 0.3,
    "9": 0.35,
    "10": 0.4,
    "11": 0.45,
    "12": 0.5,
    "13": 0.6
  },
  "L": {
    "1,17": 132.76,
    "1,31": 75.41,
    "2,3": 119.74,
    "2,18": 162.97,
    "3,4": 312.72,
    "3,11": 197.32,
    "4,5": 289.09,
    "5,6": 336.33,
    "5,13": 77.39,
    "6,7": 135.81,
    "7,24": 201.26,
    "8,28": 144.66,
    "9,36": 112.17,
    "10,11": 146.96,
    "10,32": 49.82,
    "11,19": 162.69,
    "11,26": 83.3,
    "12,4": 52.98,
    "12,13": 203.83,
    "13,14": 112.37,
    "14,20": 37.34,
    "14,21": 65.19,
    "15,16": 182.82,
    "15,22": 80.82,
    "16,25": 82.29,
    "16,29": 136.02,
    "17,2": 374.68,
    "17,18": 234.6,
    "18,10": 83.96,
    "19,12": 99.64,
    "19,20": 248.05,
    "20,15": 108.85,
    "21,6": 210.09,
    "21,22": 147.57,
    "22,7": 340.97,
    "22,23": 103.8,
    "23,25": 75.08,
    "24,8": 132.53,
    "24,23": 210.95,
    "25,8": 147.49,
    "26,15": 113.8,
    "26,27": 180.29,
    "27,16": 99.27,
    "28,9": 175.72,
    "28,29": 149.05,
    "29,30": 56.7,
    "29,33": 215.05,
    "30,9": 124.08,
    "30,35": 119.97,
    "31,10": 181.42,
    "31,34": 59.93,
    "32,27": 78.5,
    "32,33": 144.44,
    "33,34": 34.74,
    "34,35": 165.67,
    "35,36": 83.17,
    "36,1": 210.74,
    "37,1": 1
  },
  "C": {
    "1": 19.8,
    "2": 24.5,
    "3": 27.2,
    "4": 37,
    "5": 39.4,
    "6": 54.4,
    "7": 72.9,
    "8": 90.7,
    "9": 119.5,
    "10": 139.1,
    "11": 164.4,
    "12": 186,
    "13": 241.3
  },
  "hmin": {
    "1": 105.15,
    "2": 104.4,
    "3": 103.35,
    "4": 102.5,
    "5": 101.24000000000001,
    "6": 105.4,
    "7": 107.9,
    "8": 106.5,
    "9": 106,
    "10": 104.17,
    "11": 103.7,
    "12": 102.64,
    "13": 101.9,
    "14": 102.6,
    "15": 103.5,
    "16": 104.3,
    "17": 105.5,
    "18": 104.1,
    "19": 102.9,
    "20": 102.83,
    "21": 102.8,
    "22": 103.9,