{
  "iteration": 1,
  "objective": 172635.35894994487,
  "solve_time": 36.056316614151,
  "q": {
    "1,17": 0.004249810144693105,
    "1,31": 0.026199830474860273,
    "2,3": 0.0026652752183719372,
    "2,18": -0.0020233901330108175,
    "3,4": 0.0015702625851995262,
    "3,11": 7.501263317241117e-05,
    "4,5": 0.00026983575294256036,
    "5,6": -0.0005035183961196182,
    "5,13": 0.00014335414906217848,
    "6,7": -0.00136523393265792,
    "7,24": -0.001257313663697333,
    "8,28": -0.0026801215255713344,
    "9,36": -0.0021091353615024797,
    "10,11": 0.003964078718984785,
    "10,32": 0.0,
    "11,19": 0.0021798494774336284,
    "11,26": 0.00010924187472356799,
    "12,4": -0.0004904268322569658,
    "12,13": 0.00023101780699742724,
    "13,14": -0.0007856280439403943,
    "14,20": -0.0007554528953973013,
    "14,21": -0.000570175148543093,
    "15,16": -0.0027939083814586822,
    "15,22": 0.0011727093710161003,
    "16,25": 0.0030808626480752764,
    "16,29": -0.002085876040375698,
    "17,2": 0.00168188508536112,
    "17,18": 0.0012979250593319858,
    "18,10": -0.002745465073678831,
    "19,12": 0.0006505909747404614,
    "19,20": -0.00035074149730683304,
    "20,15": -0.0020361943927041343,
    "21,6": -7.171553653830187e-05,
    "21,22": -0.001458459612004791,
    "22,7": 0.0003679202689605872,
    "22,23": -0.0016236705099492781,
    "23,25": -0.0025282807978436075,
    "24,8": -0.0018827033758030034,
    "24,23": -4.4610287894329525e-05,
    "25,8": -0.00021741814976833132,
    "26,15": 0.0015149953822615524,
    "26,27": -0.0030957535075379844,
    "27,16": 0.004998894989158261,
    "28,9": -0.0015602988170173423,
    "28,29": -0.0014198227085539922,
    "29,30": -0.0014666066848654936,
    "29,33": -0.0026590920640641967,
    "30,9": -8.836544485137383e-06,
    "30,35": -0.0019977701403803565,
    "31,10": 0.007819543792663617,
    "31,34": 0.017480286682196654,
    "32,27": 0.009514648496696245,
    "32,33": -0.010544648496696245,
    "33,34": -0.013973740560760442,
    "34,35": 0.0027665461214362135,
    "35,36": -0.0003912240189441427,
    "36,1": -0.0029703593804466227,
    "37,1": 0.03391
  },
  "h": {
    "1": 120.97466368386655,
    "2": 111.58884324516278,
    "3": 109.22151601679646,
    "4": 106.90069810853716,
    "5": 106.81847875243203,
    "6": 107.12217733345669,
    "7": 107.8999989210003,
    "8": 110.26605940027565,
    "9": 114.44444693214307,
    "10": 115.27670343198882,
    "11": 109.21627440606005,
    "12": 106.85513638358802,
    "13": 106.81165691451223,
    "14": 107.04293632177774,
    "15": 108.42150488167917,
    "16": 112.36565437769941,
    "17": 114.74660991681853,
    "18": 113.52309000582005,
    "19": 106.99975524580988,
    "20": 107.11441214118533,
    "21": 107.11704226955024,
    "22": 108.07220036532041,
    "23": 108.89176689071803,
    "24": 108.88962657492559,
    "25": 110.23794174315647,
    "26": 109.21183539300807,
    "27": 113.91527643640106,
    "28": 113.15564332305715,
    "29": 114.07358335214407,
    "30": 114.44438418424227,
    "31": 119.78972842833471,
    "32": 115.27670343198882,
    "33": 118.30699399376127,
    "34": 119.34466584372926,
    "35": 115.8350657554481,
    "36": 115.88212917600414,
    "37": 121
  },
  "l": {
    "1,17,1": 132.7600001197967,
    "17,2,1": 374.6800001198728,
    "2,3,1": 119.74000011983074,
    "3,4,1": 312.72000011987063,
    "4,5,1": 289.0900001198781,
    "5,6,1": 336.3300001198791,
    "6,7,1": 135.81000011989232,
    "7,24,1": 201.26000011986312,
    "24,8,1": 132.53000011985944,
    "8,28,1": 144.66000011983039,
    "28,9,1": 175.7200001198717,
    "9,36,1": 112.1700001198657,
    "36,1,1": 210.74000011985027,
    "1,31,5": 75.41000011992186,
    "31,10,2": 98.15394771725897,
    "31,10,3": 83.26605239264275,
    "10,11,1": 146.96000011901407,
    "11,19,1": 162.6900001198567,
    "19,12,1": 99.64000011987763,
    "12,4,1": 52.98000011987801,
    "2,18,1": 162.9700001198654,
    "18,10,1": 83.96000011986182,
    "10,32,1": 49.820000119878294,
    "32,27,3": 78.50000011987177,
    "27,16,2": 99.27000011963644,
    "16,25,1": 82.29000011976935,
    "25,8,1": 147.4900001198783,
    "3,11,1": 197.3200001198783,
    "11,26,1": 83.30000011987822,
    "26,15,1": 113.80000011986067,
    "15,22,1": 80.82000011986413,
    "22,7,1": 340.97000011987643,
    "5,13,1": 77.3900001198783,
    "13,14,1": 112.37000011987938,
    "14,20,1": 37.34000011987538,
    "20,15,1": 108.85000011986979,
    "15,16,1": 182.8200001198352,
    "16,29,1": 136.02000011986274,
    "29,30,1": 56.700000119872236,
    "30,9,1": 124.08000011987829,
    "17,18,1": 234.6000001198768,
    "12,13,1": 203.83000011987812,
    "19,20,1": 248.0500001198787,
    "14,21,1": 65.19000011988051,
    "21,6,1": 210.09000011987837,
    "21,22,1": 147.57000011987859,
    "22,23,1": 103.80000011987138,
    "24,23,1": 210.95000011987833,
    "23,25,1": 75.0800001198211,
    "26,27,1": 180.2900001198431,
    "28,29,1": 149.05000011987363,
    "29,33,1": 215.05000011985567,
    "32,33,3": 144.4400001198706,
    "33,34,3": 28.49621725103754,
    "33,34,5": 6.243782858383043,
    "31,34,5": 59.93000011984601,
    "34,35,1": 165.6700001198568,
    "30,35,1": 119.97000011986736,
    "35,36,1": 83.17000011987828,
    "37,1,5": 1.000000009827802
  },
  "D": {
    "1": 0.00049,
    "2": 0.00104,
    "3": 0.00102,
    "4": 0.00081,
    "5": 0.00063,
    "6": 0.00079,
    "7": 0.00026,
    "8": 0.00058,
    "9": 0.00054,
    "10": 0.00111,
    "11": 0.00175,
    "12": 0.00091,
    "13": 0.00116,
    "14": 0.00054,
    "15": 0.0011,
    "16": 0.00121,
    "17": 0.00127,
    "18": 0.00202,
    "19": 0.00188,
    "20": 0.00093,
    "21": 0.00096,
    "22": 0.00097,
    "23": 0.00086,
    "24": 0.00067,
    "25": 0.00077,
    "26": 0.00169,
    "27": 0.00142,
    "28": 0.0003,
    "29": 0.00062,
    "30": 0.00054,
    "31": 0.0009,
    "32": 0.00103,
    "33": 0.00077,
    "34": 0.00074,
    "35": 0.00116,
    "36": 0.00047,
    "37": 0
  },
  "Diameters": {
    "1": 0.06,
    "2": 0.08,
    "3": 0.1,
    "4": 0.125,
    "5": 0.15,
    "6": 0.2,
    "7": 0.25,
    "8": 0.3,
    "9": 0.35,
    "10": 0.4,
    "11": 0.45,
    "12": 0.5,
    "13": 0.6
  },
  "L": {
    "1,17": 132.76,
    "1,31": 75.41,
    "2,3": 119.74,
    "2,18": 162.97,
    "3,4": 312.72,
    "3,11": 197.32,
    "4,5": 289.09,
    "5,6": 336.33,
    "5,13": 77.39,
    "6,7": 135.81,
    "7,24": 201.26,
    "8,28": 144.66,
    "9,36": 112.17,
    "10,11": 146.96,
    "10,32": 49.82,
    "11,19": 162.69,
    "11,26": 83.3,
    "12,4": 52.98,
    "12,13": 203.83,
    "13,14": 112.37,
    "14,20": 37.34,
    "14,21": 65.19,
    "15,16": 182.82,
    "15,22": 80.82,
    "16,25": 82.29,
    "16,29": 136.02,
    "17,2": 374.68,
    "17,18": 234.6,
    "18,10": 83.96,
    "19,12": 99.64,
    "19,20": 248.05,
    "20,15": 108.85,
    "21,6": 210.09,
    "21,22": 147.57,
    "22,7": 340.97,
    "22,23": 103.8,
    "23,25": 75.08,
    "24,8": 132.53,
    "24,23": 210.95,
    "25,8": 147.49,
    "26,15": 113.8,
    "26,27": 180.29,
    "27,16": 99.27,
    "28,9": 175.72,
    "28,29": 149.05,
    "29,30": 56.7,
    "29,33": 215.05,
    "30,9": 124.08,
    "30,35": 119.97,
    "31,10": 181.42,
    "31,34": 59.93,
    "32,27": 78.5,
    "32,33": 144.44,
    "33,34": 34.74,
    "34,35": 165.67,
    "35,36": 83.17,
    "36,1": 210.74,
    "37,1": 1
  },
  "C": {
    "1": 19.8,
    "2": 24.5,
    "3": 27.2,
    "4": 37,
    "5": 39.4,
    "6": 54.4,
    "7": 72.9,
    "8": 90.7,
    "9": 119.5,
    "10": 139.1,
    "11": 164.4,
    "12": 186,
    "13": 241.3
  },
  "hmin": {
    "1": 105.15,
    "2": 104.4,
    "3": 103.35,
    "4": 102.5,
    "5": 101.24000000000001,
    "6": 105.4,
    "7": 107.9,
    "8": 106.5,
    "9": 106,
    "10": 104.17,
    "11": 103.7,
    "12": 102.64,
    "13": 101.9,
    "14": 102.6,
    "15": 103.5,
    "16": 104.3,
    "17": 105.5,
    "18": 104.1,
    "19": 102.9,
    "20": 102.83,
    "21": 102.8,
    "22": 103.9,