{
  "iteration": 1,
  "objective": 172620.36385573857,
  "solve_time": 16.098224401474,
  "q": {
    "1,17": 0.0063194165586786906,
    "1,31": 0.02402800776228655,
    "2,3": 0.0023582716874181496,
    "2,18": -0.001109640520798619,
    "3,4": 0.0017918077757219577,
    "3,11": -0.0004535360883038084,
    "4,5": 0.0003913694379590684,
    "5,6": -0.00037360341352579447,
    "5,13": 0.00013497285148486284,
    "6,7": -0.0011327464669825718,
    "7,24": -0.0010200065163296268,
    "8,28": -0.0026936919382971954,
    "9,36": -0.002242417919055787,
    "10,11": 0.005951081688502383,
    "10,32": -0.003577021778524726,
    "11,19": 0.0025724822684477845,
    "11,26": 0.00117506333175079,
    "12,4": -0.0005904383377628894,
    "12,13": 0.00037292960620944124,
    "13,14": -0.0006520975423056959,
    "14,20": -0.0009254856613462747,
    "14,21": -0.00026661188095942123,
    "15,16": -0.002137288130970433,
    "15,22": 0.0013615980213003856,
    "16,25": 0.002444925334887635,
    "16,29": -0.002571514425052738,
    "17,2": 0.0022886311666195304,
    "17,18": 0.00276078539205916,
    "18,10": -0.0003688551287394591,
    "19,12": 0.0006924912684465518,
    "19,20": -8.999998767363557e-09,
    "20,15": -0.0018554946613450422,
    "21,6": 3.085694654322274e-05,
    "21,22": -0.001257468827502644,
    "22,7": 0.0003727399506529448,
    "22,23": -0.001238610756855203,
    "23,25": -0.0021288196838521504,
    "24,8": -0.0016597975893326796,
    "24,23": -3.0208926996947346e-05,
    "25,8": -0.00045389434896451564,
    "26,15": 0.0021798045516749948,
    "26,27": -0.0026947412199242043,
    "27,16": 0.0032206990408053305,
    "28,9": -0.0016087528858354906,
    "28,29": -0.0013849390524617046,
    "29,30": -0.001690343799619369,
    "29,33": -0.0028861096778950734,
    "30,9": -9.366503322029634e-05,
    "30,35": -0.0021366787663990726,
    "31,10": 0.003852915038717116,
    "31,34": 0.01927509272356943,
    "32,27": 0.007335440260729535,
    "32,33": -0.01194246203925426,
    "33,34": -0.015598571717149335,
    "34,35": 0.0029365210064200968,
    "35,36": -0.0003601577599789756,
    "36,1": -0.0030725756790347626,
    "37,1": 0.03391000000000001
  },
  "h": {
    "1": 120.97466368386388,
    "2": 112.18916660146128,
    "3": 110.30192378043887,
    "4": 107.33848402136891,
    "5": 107.17478398889122,
    "6": 107.34953319708424,
    "7": 107.89999892100035,
    "8": 109.66172708763877,
    "9": 113.9423712691044,
    "10": 112.86758294438779,
    "11": 110.44873559105933,
    "12": 107.27423419460352,
    "13": 107.16868235766947,
    "14": 107.3324778667983,
    "15": 108.53699954632373,
    "16": 110.9384567942827,
    "17": 117.77566462509157,
    "18": 112.82498053488335,
    "19": 107.4365742716967,
    "20": 107.43657427169919,
    "21": 107.3506102360467,
    "22": 108.07640141398628,
    "23": 108.57283074441102,
    "24": 108.57179098119546,
    "25": 109.55182965109292,
    "26": 110.08737297354102,
    "27": 113.72513249431051,
    "28": 112.57846604693336,
    "29": 113.45507581902255,
    "30": 113.93739838855451,
    "31": 119.96518969680776,
    "32": 114.56610206424261,
    "33": 118.38208704672311,
    "34": 119.43181225661272,
    "35": 115.51244881464196,
    "36": 115.5528260022444,
    "37": 121
  },
  "l": {
    "1,17,2": 132.76000011966843,
    "17,2,1": 374.6800001198681,
    "2,3,1": 119.74000011986183,
    "3,4,1": 312.72000011986785,
    "4,5,1": 289.0900001198793,
    "5,6,1": 336.3300001198792,
    "6,7,1": 135.8100001198903,
    "7,24,1": 201.26000011987125,
    "24,8,1": 132.53000011986936,
    "8,28,1": 144.66000011984323,
    "28,9,1": 175.72000011987387,
    "9,36,1": 112.1700001198688,
    "36,1,1": 210.74000011985459,
    "1,31,5": 75.41000011991389,
    "31,10,1": 181.4200001198082,
    "10,11,2": 94.49459785999801,
    "10,11,3": 52.4654022499038,
    "11,19,1": 162.69000011982112,
    "19,12,1": 99.64000011988371,
    "12,4,1": 52.98000011988312,
    "2,18,1": 162.9700001198785,
    "18,10,1": 83.96000011988185,
    "10,32,1": 49.82000011984446,
    "32,27,3": 78.50000011976334,
    "27,16,1": 99.27000011981879,
    "16,25,1": 82.29000011984989,
    "25,8,1": 147.49000011988002,
    "3,11,1": 197.32000011987958,
    "11,26,1": 83.30000011988011,
    "26,15,1": 113.80000011985916,
    "15,22,1": 80.82000011986821,
    "22,7,1": 340.9700001198775,
    "5,13,1": 77.39000011988203,
    "13,14,1": 112.37000011987953,
    "14,20,1": 37.34000011987996,
    "20,15,1": 108.85000011988045,
    "15,16,1": 182.82000011986608,
    "16,29,1": 136.02000011985683,
    "29,30,1": 56.70000011987747,
    "30,9,1": 124.08000011988044,
    "17,18,1": 234.6000001198598,
    "12,13,1": 203.83000011987988,
    "19,20,1": 248.05000011987934,
    "14,21,1": 65.19000011988362,
    "21,6,1": 210.09000011987948,
    "21,22,1": 147.570000119881,
    "22,23,1": 103.80000011987863,
    "24,23,1": 210.9500001198795,
    "23,25,1": 75.0800001198574,
    "26,27,1": 180.29000011985624,
    "28,29,1": 149.05000011987644,
    "29,33,1": 215.0500001198546,
    "32,33,3": 144.44000011987288,
    "33,34,3": 22.535097481584163,
    "33,34,5": 12.20490262783642,
    "31,34,5": 59.930000119857375,
    "34,35,1": 165.67000011985894,
    "30,35,1": 119.97000011987002,
    "35,36,1": 83.17000011988169,
    "37,1,5": 1.0000000099509527
  },
  "D": {
    "1": 0.00049,
    "2": 0.00104,
    "3": 0.00102,
    "4": 0.00081,
    "5": 0.00063,
    "6": 0.00079,
    "7": 0.00026,
    "8": 0.00058,
    "9": 0.00054,
    "10": 0.00111,
    "11": 0.00175,
    "12": 0.00091,
    "13": 0.00116,
    "14": 0.00054,
    "15": 0.0011,
    "16": 0.00121,
    "17": 0.00127,
    "18": 0.00202,
    "19": 0.00188,
    "20": 0.00093,
    "21": 0.00096,
    "22": 0.00097,
    "23": 0.00086,
    "24": 0.00067,
    "25": 0.00077,
    "26": 0.00169,
    "27": 0.00142,
    "28": 0.0003,
    "29": 0.00062,
    "30": 0.00054,
    "31": 0.0009,
    "32": 0.00103,
    "33": 0.00077,
    "34": 0.00074,
    "35": 0.00116,
    "36": 0.00047,
    "37": 0
  },
  "Diameters": {
    "1": 0.06,
    "2": 0.08,
    "3": 0.1,
    "4": 0.125,
    "5": 0.15,
    "6": 0.2,
    "7": 0.25,
    "8": 0.3,
    "9": 0.35,
    "10": 0.4,
    "11": 0.45,
    "12": 0.5,
    "13": 0.6
  },
  "L": {
    "1,17": 132.76,
    "1,31": 75.41,
    "2,3": 119.74,
    "2,18": 162.97,
    "3,4": 312.72,
    "3,11": 197.32,
    "4,5": 289.09,
    "5,6": 336.33,
    "5,13": 77.39,
    "6,7": 135.81,
    "7,24": 201.26,
    "8,28": 144.66,
    "9,36": 112.17,
    "10,11": 146.96,
    "10,32": 49.82,
    "11,19": 162.69,
    "11,26": 83.3,
    "12,4": 52.98,
    "12,13": 203.83,
    "13,14": 112.37,
    "14,20": 37.34,
    "14,21": 65.19,
    "15,16": 182.82,
    "15,22": 80.82,
    "16,25": 82.29,
    "16,29": 136.02,
    "17,2": 374.68,
    "17,18": 234.6,
    "18,10": 83.96,
    "19,12": 99.64,
    "19,20": 248.05,
    "20,15": 108.85,
    "21,6": 210.09,
    "21,22": 147.57,
    "22,7": 340.97,
    "22,23": 103.8,
    "23,25": 75.08,
    "24,8": 132.53,
    "24,23": 210.95,
    "25,8": 147.49,
    "26,15": 113.8,
    "26,27": 180.29,
    "27,16": 99.27,
    "28,9": 175.72,
    "28,29": 149.05,
    "29,30": 56.7,
    "29,33": 215.05,
    "30,9": 124.08,
    "30,35": 119.97,
    "31,10": 181.42,
    "31,34": 59.93,
    "32,27": 78.5,
    "32,33": 144.44,
    "33,34": 34.74,
    "34,35": 165.67,
    "35,36": 83.17,
    "36,1": 210.74,
    "37,1": 1
  },
  "C": {
    "1": 19.8,
    "2": 24.5,
    "3": 27.2,
    "4": 37,
    "5": 39.4,
    "6": 54.4,
    "7": 72.9,
    "8": 90.7,
    "9": 119.5,
    "10": 139.1,
    "11": 164.4,
    "12": 186,
    "13": 241.3
  },
  "hmin": {
    "1": 105.15,
    "2": 104.4,
    "3": 103.35,
    "4": 102.5,
    "5": 101.24000000000001,
    "6": 105.4,
    "7": 107.9,
    "8": 106.5,
    "9": 106,
    "10": 104.17,
    "11": 103.7,
    "12": 102.64,
    "13": 101.9,
    "14": 102.6,
    "15": 103.5,
    "16": 104.3,
    "17": 105.5,
    "18": 104.1,
    "19": 102.9,
    "20": 102.83,
    "21": 102.8,