{
  "iteration": 5,
  "objective": 171729.97603298043,
  "solve_time": 52.26246452331543,
  "q": {
    "1,17": 0.004327997347844493,
    "1,31": 0.02586709616755152,
    "2,3": 0.0017699250515816306,
    "2,18": -0.001305889445876212,
    "3,4": 0.0018893162657387713,
    "3,11": -0.0011393912141571408,
    "4,5": 0.0004671707948506283,
    "5,6": -0.000288274788822001,
    "5,13": 0.000125445583672629,
    "6,7": -0.000969730753816811,
    "7,24": -0.0008748727978275409,
    "8,28": -0.00263117338690894,
    "9,36": -0.0022409958284598645,
    "10,11": 0.00821023848410382,
    "10,32": 0.002843691255992725,
    "11,19": 0.002977226654790612,
    "11,26": 0.0023436206151560674,
    "12,4": -0.0006121454708881432,
    "12,13": 0.00047288527972886495,
    "13,14": -0.0005616691365985063,
    "14,20": -0.001074100222089396,
    "14,21": -2.7568914509107443e-05,
    "15,16": -0.0017916178321185255,
    "15,22": 0.0014034336516541178,
    "16,25": 0.0021412366647680504,
    "16,29": -0.0026635649873193775,
    "17,2": 0.0015040356057054185,
    "17,18": 0.0015539617421390743,
    "18,10": -0.0017719277037371378,
    "19,12": 0.0007707398088407206,
    "19,20": 0.00032648684594989094,
    "20,15": -0.0016776133761395053,
    "21,6": 0.00010854403500519,
    "21,22": -0.0010961129495142975,
    "22,7": 0.0003548579559892701,
    "22,23": -0.00101753725384945,
    "23,25": -0.0018956348209380547,
    "24,8": -0.0015267752307389357,
    "24,23": -1.8097567088605027e-05,
    "25,8": -0.000524398156170004,
    "26,15": 0.002389429195675098,
    "26,27": -0.0017358085805190306,
    "27,16": 0.0024792895095671983,
    "28,9": -0.0015826215827006711,
    "28,29": -0.0013485518042082685,
    "29,30": -0.0016879425575330833,
    "29,33": -0.0029441742339945624,
    "30,9": -0.00011837424575919185,
    "30,35": -0.002109568311773891,
    "31,10": 0.013935857443833683,
    "31,34": 0.011031238723717838,
    "32,27": 0.005635098090086228,
    "32,33": -0.0038214068340935033,
    "33,34": -0.007535581068088066,
    "34,35": 0.0027556576556297726,
    "35,36": -0.0005139106561441184,
    "36,1": -0.003224906484603983,
    "37,1": 0.033909999999999996
  },
  "h": {
    "1": 120.99375845194047,
    "2": 111.9844730824316,
    "3": 110.8753073941558,
    "4": 107.6062944823758,
    "5": 107.3790743652167,
    "6": 107.48718596356464,
    "7": 107.90000000000022,
    "8": 109.33927998309308,
    "9": 113.45504802745303,
    "10": 113.62346401055451,
    "11": 111.68379617319732,
    "12": 107.53760163954303,
    "13": 107.37374630733851,
    "14": 107.49797820526126,
    "15": 108.54820073016063,
    "16": 110.28032434715136,
    "17": 114.55183613551607,
    "18": 112.84410212965446,
    "19": 107.73554078421692,
    "20": 107.63513396072203,
    "21": 107.49824945901962,
    "22": 108.0610504458864,
    "23": 108.40597593191502,
    "24": 108.40557336896607,
    "25": 109.19569144359959,
    "26": 110.38595651667185,
    "27": 111.99687576603942,
    "28": 112.13188823334497,
    "29": 112.96632144412871,
    "30": 113.44737584536766,
    "31": 119.83654216013045,
    "32": 112.51291239444454,
    "33": 118.07848340697556,
    "34": 118.46967666314201,
    "35": 114.98561525960773,
    "36": 115.06361179664674,
    "37": 121
  },
  "l": {
    "1,17,1": 132.759999999055,
    "17,2,1": 374.6799999998402,
    "2,3,1": 119.73999999982749,
    "3,4,1": 312.7199999998185,
    "4,5,1": 289.0899999998467,
    "5,6,1": 336.32999999984844,
    "6,7,1": 135.80999999986471,
    "7,24,1": 201.2599999998327,
    "24,8,1": 132.52999999982495,
    "8,28,1": 144.65999999973081,
    "28,9,1": 175.7199999998337,
    "9,36,1": 112.16999999981525,
    "36,1,1": 210.739999999751,
    "1,31,5": 75.40999999989513,
    "31,10,3": 174.29326195838317,
    "31,10,4": 7.126738041607143,
    "10,11,3": 146.95999999984355,
    "11,19,1": 162.6899999996464,
    "19,12,1": 99.6399999998461,
    "12,4,1": 52.9799999998467,
    "2,18,1": 162.96999999984314,
    "18,10,1": 83.95999999984943,
    "10,32,1": 49.819999999775774,
    "32,27,3": 78.49999999917168,
    "27,16,1": 99.26999999975617,
    "16,25,1": 82.28999999977846,
    "25,8,1": 147.48999999984753,
    "3,11,1": 197.31999999984612,
    "11,26,1": 83.29999999980004,
    "26,15,1": 113.79999999973437,
    "15,22,1": 80.819999999814,
    "22,7,1": 340.969999999845,
    "5,13,1": 77.38999999984786,
    "13,14,1": 112.3699999998493,
    "14,20,1": 37.33999999983384,
    "20,15,1": 108.84999999983577,
    "15,16,1": 182.81999999982332,
    "16,29,1": 136.0199999997642,
    "29,30,1": 56.69999999983013,
    "30,9,1": 124.07999999984783,
    "17,18,1": 234.59999999983918,
    "12,13,1": 203.8299999998465,
    "19,20,1": 248.04999999984705,
    "14,21,1": 65.18999999984786,
    "21,6,1": 210.0899999998477,
    "21,22,1": 147.56999999985004,
    "22,23,1": 103.79999999984398,
    "24,23,1": 210.94999999984785,
    "23,25,1": 75.07999999979032,
    "26,27,1": 180.289999999833,
    "28,29,1": 149.04999999983932,
    "29,33,1": 215.0499999997619,
    "32,33,1": 144.4399999993444,
    "33,34,3": 34.739999999800375,
    "31,34,3": 59.92999999982714,
    "34,35,1": 165.6699999997983,
    "30,35,1": 119.96999999982026,
    "35,36,1": 83.16999999984775,
    "37,1,6": 0.9999999998759765
  },
  "D": {
    "1": 0.00049,
    "2": 0.00104,
    "3": 0.00102,
    "4": 0.00081,
    "5": 0.00063,
    "6": 0.00079,
    "7": 0.00026,
    "8": 0.00058,
    "9": 0.00054,
    "10": 0.00111,
    "11": 0.00175,
    "12": 0.00091,
    "13": 0.00116,
    "14": 0.00054,
    "15": 0.0011,
    "16": 0.00121,
    "17": 0.00127,
    "18": 0.00202,
    "19": 0.00188,
    "20": 0.00093,
    "21": 0.00096,
    "22": 0.00097,
    "23": 0.00086,
    "24": 0.00067,
    "25": 0.00077,
    "26": 0.00169,
    "27": 0.00142,
    "28": 0.0003,
    "29": 0.00062,
    "30": 0.00054,
    "31": 0.0009,
    "32": 0.00103,
    "33": 0.00077,
    "34": 0.00074,
    "35": 0.00116,
    "36": 0.00047,
    "37": 0
  },
  "Diameters": {
    "1": 0.06,
    "2": 0.08,
    "3": 0.1,
    "4": 0.125,
    "5": 0.15,
    "6": 0.2,
    "7": 0.25,
    "8": 0.3,
    "9": 0.35,
    "10": 0.4,
    "11": 0.45,
    "12": 0.5,
    "13": 0.6
  },
  "L": {
    "1,17": 132.76,
    "1,31": 75.41,
    "2,3": 119.74,
    "2,18": 162.97,
    "3,4": 312.72,
    "3,11": 197.32,
    "4,5": 289.09,
    "5,6": 336.33,
    "5,13": 77.39,
    "6,7": 135.81,
    "7,24": 201.26,
    "8,28": 144.66,
    "9,36": 112.17,
    "10,11": 146.96,
    "10,32": 49.82,
    "11,19": 162.69,
    "11,26": 83.3,
    "12,4": 52.98,
    "12,13": 203.83,
    "13,14": 112.37,
    "14,20": 37.34,
    "14,21": 65.19,
    "15,16": 182.82,
    "15,22": 80.82,
    "16,25": 82.29,
    "16,29": 136.02,
    "17,2": 374.68,
    "17,18": 234.6,
    "18,10": 83.96,
    "19,12": 99.64,
    "19,20": 248.05,
    "20,15": 108.85,
    "21,6": 210.09,
    "21,22": 147.57,
    "22,7": 340.97,
    "22,23": 103.8,
    "23,25": 75.08,
    "24,8": 132.53,
    "24,23": 210.95,
    "25,8": 147.49,
    "26,15": 113.8,
    "26,27": 180.29,
    "27,16": 99.27,
    "28,9": 175.72,
    "28,29": 149.05,
    "29,30": 56.7,
    "29,33": 215.05,
    "30,9": 124.08,
    "30,35": 119.97,
    "31,10": 181.42,
    "31,34": 59.93,
    "32,27": 78.5,
    "32,33": 144.44,
    "33,34": 34.74,
    "34,35": 165.67,
    "35,36": 83.17,
    "36,1": 210.74,
    "37,1": 1
  },
  "C": {
    "1": 19.8,
    "2": 24.5,
    "3": 27.2,
    "4": 37,
    "5": 39.4,
    "6": 54.4,
    "7": 72.9,
    "8": 90.7,
    "9": 119.5,
    "10": 139.1,
    "11": 164.4,
    "12": 186,
    "13": 241.3
  },
  "hmin": {
    "1": 105.15,
    "2": 104.4,
    "3": 103.35,
    "4": 102.5,
    "5": 101.24000000000001,
    "6": 105.4,
    "7": 107.9,
    "8": 106.5,
    "9": 106,
    "10": 104.17,
    "11": 103.7,
    "12": 102.64,
    "13": 101.9,
    "14": 102.6,
    "15": 103.5,
    "16": 104.3,
    "17": 105.5,
    "18": 104.1,
    "19": 102.9,
    "20": 102.83,
    "21": 102.8,
    "22": 103.9,
    "23": 104.2,