{
  "iteration": 6,
  "objective": 171724.33254827728,
  "solve_time": 52.93232321739197,
  "q": {
    "1,17": 0.004260463569942917,
    "1,31": 0.025929731562922515,
    "2,3": 0.0017951901971296241,
    "2,18": -0.0013474792433861155,
    "3,4": 0.0019333817763051847,
    "3,11": -0.001158191579170015,
    "4,5": 0.0004924566883963097,
    "5,6": -0.00026539154117786074,
    "5,13": 0.00012784822955208056,
    "6,7": -0.0009368736355763241,
    "7,24": -0.0008492009638715114,
    "8,28": -0.002635664644003874,
    "9,36": -0.0022513497053755598,
    "10,11": 0.008510205609595988,
    "10,32": 0.0026469418452713038,
    "11,19": 0.003044269308608099,
    "11,26": 0.002557744721824833,
    "12,4": -0.0006309250878902595,
    "12,13": 0.0005025404882889956,
    "13,14": -0.0005296112821809971,
    "14,20": -0.0010877134539657937,
    "14,21": 1.8102171760870315e-05,
    "15,16": -0.0017303429434211816,
    "15,22": 0.0013951314826443281,
    "16,25": 0.0020764932429575915,
    "16,29": -0.0027058387747923482,
    "17,2": 0.0014877109537303564,
    "17,18": 0.0015027526162372572,
    "18,10": -0.0018647266271322835,
    "19,12": 0.0007816154004175082,
    "19,20": 0.0003826539081728169,
    "20,15": -0.0016350595458147392,
    "21,6": 0.00011851790562647189,
    "21,22": -0.0010604157338887047,
    "22,7": 0.00034767267174578165,
    "22,23": -0.000982956923015981,
    "23,25": -0.0018536497976397311,
    "24,8": -0.0015085080892941294,
    "24,23": -1.0692874600428994e-05,
    "25,8": -0.0005471565546966655,
    "26,15": 0.0023998480850552745,
    "26,27": -0.001532103363231518,
    "27,16": 0.002310997411591424,
    "28,9": -0.001588036640657201,
    "28,29": -0.0013476280033398777,
    "29,30": -0.0017046429012114001,
    "29,33": -0.0029688238769089124,
    "30,9": -0.00012331306473352242,
    "30,35": -0.0021213298364627267,
    "31,10": 0.01413187408198422,
    "31,34": 0.010897857480980235,
    "32,27": 0.005263100774817423,
    "32,33": -0.0036461589295336922,
    "33,34": -0.0073849828064067955,
    "34,35": 0.0027728746746102924,
    "35,36": -0.0005084551618289132,
    "36,1": -0.0032298048671807736,
    "37,1": 0.033909999999999996
  },
  "h": {
    "1": 120.99375845177737,
    "2": 112.22076533843173,
    "3": 111.08209873749523,
    "4": 107.67047888819243,
    "5": 107.41995830081319,
    "6": 107.51271583914571,
    "7": 107.9,
    "8": 109.29156512638745,
    "9": 113.42456449468452,
    "10": 113.98842036410099,
    "11": 111.91546737934509,
    "12": 107.59783224101879,
    "13": 107.4144397099746,
    "14": 107.52585990365286,
    "15": 108.53688987210948,
    "16": 110.16090195069829,
    "17": 114.73675949118218,
    "18": 113.13178407018209,
    "19": 107.80097516353666,
    "20": 107.66625240434567,
    "21": 107.52573545079512,
    "22": 108.05506321316402,
    "23": 108.3785942598308,
    "24": 108.37844235122887,
    "25": 109.1362227259046,
    "26": 110.38951397642676,
    "27": 111.66792315006427,
    "28": 112.09300794023184,
    "29": 112.92638283213711,
    "30": 113.41628897341226,
    "31": 119.8313472817392,
    "32": 113.01596182759259,
    "33": 118.11809444663646,
    "34": 118.49493219309736,
    "35": 114.97044918920977,
    "36": 115.04691923857062,
    "37": 121
  },
  "l": {
    "1,17,1": 132.7599999884452,
    "17,2,1": 374.67999999563705,
    "2,3,1": 119.73999999529836,
    "3,4,1": 312.7199999950372,
    "4,5,1": 289.08999999577344,
    "5,6,1": 336.32999999582074,
    "6,7,1": 135.80999999619513,
    "7,24,1": 201.25999999546121,
    "24,8,1": 132.5299999952756,
    "8,28,1": 144.65999999324396,
    "28,9,1": 175.71999999546793,
    "9,36,1": 112.1699999950445,
    "36,1,1": 210.73999999374087,
    "1,31,5": 75.40999999728866,
    "31,10,3": 158.78487345998823,
    "31,10,5": 22.635126524040057,
    "10,11,3": 146.95999999567562,
    "11,19,1": 162.6899999909341,
    "19,12,1": 99.63999999575427,
    "12,4,1": 52.97999999577951,
    "2,18,1": 162.96999999567643,
    "18,10,1": 83.95999999582162,
    "10,32,1": 49.8199999944301,
    "32,27,2": 78.49999999807615,
    "27,16,1": 99.26999999414384,
    "16,25,1": 82.28999999432793,
    "25,8,1": 147.48999999579797,
    "3,11,1": 197.31999999575956,
    "11,26,1": 83.29999999419967,
    "26,15,1": 113.7999999931509,
    "15,22,1": 80.81999999500356,
    "22,7,1": 340.96999999573717,
    "5,13,1": 77.38999999580767,
    "13,14,1": 112.36999999583746,
    "14,20,1": 37.33999999544882,
    "20,15,1": 108.84999999551387,
    "15,16,1": 182.81999999527477,
    "16,29,1": 136.01999999383878,
    "29,30,1": 56.6999999953738,
    "30,9,1": 124.07999999580653,
    "17,18,1": 234.59999999563487,
    "12,13,1": 203.82999999576577,
    "19,20,1": 248.049999995778,
    "14,21,1": 65.18999999580645,
    "21,6,1": 210.08999999580035,
    "21,22,1": 147.56999999586142,
    "22,23,1": 103.79999999572532,
    "24,23,1": 210.94999999580662,
    "23,25,1": 75.07999999455009,
    "26,27,1": 180.28999999556783,
    "28,29,1": 149.04999999560394,
    "29,33,1": 215.04999999387496,
    "32,33,1": 144.43999999114334,
    "33,34,3": 34.73999999174386,
    "31,34,3": 59.92999999573884,
    "34,35,1": 165.66999999467677,
    "30,35,1": 119.96999999515741,
    "35,36,1": 83.16999999580462,
    "37,1,6": 0.9999999916773542
  },
  "D": {
    "1": 0.00049,
    "2": 0.00104,
    "3": 0.00102,
    "4": 0.00081,
    "5": 0.00063,
    "6": 0.00079,
    "7": 0.00026,
    "8": 0.00058,
    "9": 0.00054,
    "10": 0.00111,
    "11": 0.00175,
    "12": 0.00091,
    "13": 0.00116,
    "14": 0.00054,
    "15": 0.0011,
    "16": 0.00121,
    "17": 0.00127,
    "18": 0.00202,
    "19": 0.00188,
    "20": 0.00093,
    "21": 0.00096,
    "22": 0.00097,
    "23": 0.00086,
    "24": 0.00067,
    "25": 0.00077,
    "26": 0.00169,
    "27": 0.00142,
    "28": 0.0003,
    "29": 0.00062,
    "30": 0.00054,
    "31": 0.0009,
    "32": 0.00103,
    "33": 0.00077,
    "34": 0.00074,
    "35": 0.00116,
    "36": 0.00047,
    "37": 0
  },
  "Diameters": {
    "1": 0.06,
    "2": 0.08,
    "3": 0.1,
    "4": 0.125,
    "5": 0.15,
    "6": 0.2,
    "7": 0.25,
    "8": 0.3,
    "9": 0.35,
    "10": 0.4,
    "11": 0.45,
    "12": 0.5,
    "13": 0.6
  },
  "L": {
    "1,17": 132.76,
    "1,31": 75.41,
    "2,3": 119.74,
    "2,18": 162.97,
    "3,4": 312.72,
    "3,11": 197.32,
    "4,5": 289.09,
    "5,6": 336.33,
    "5,13": 77.39,
    "6,7": 135.81,
    "7,24": 201.26,
    "8,28": 144.66,
    "9,36": 112.17,
    "10,11": 146.96,
    "10,32": 49.82,
    "11,19": 162.69,
    "11,26": 83.3,
    "12,4": 52.98,
    "12,13": 203.83,
    "13,14": 112.37,
    "14,20": 37.34,
    "14,21": 65.19,
    "15,16": 182.82,
    "15,22": 80.82,
    "16,25": 82.29,
    "16,29": 136.02,
    "17,2": 374.68,
    "17,18": 234.6,
    "18,10": 83.96,
    "19,12": 99.64,
    "19,20": 248.05,
    "20,15": 108.85,
    "21,6": 210.09,
    "21,22": 147.57,
    "22,7": 340.97,
    "22,23": 103.8,
    "23,25": 75.08,
    "24,8": 132.53,
    "24,23": 210.95,
    "25,8": 147.49,
    "26,15": 113.8,
    "26,27": 180.29,
    "27,16": 99.27,
    "28,9": 175.72,
    "28,29": 149.05,
    "29,30": 56.7,
    "29,33": 215.05,
    "30,9": 124.08,
    "30,35": 119.97,
    "31,10": 181.42,
    "31,34": 59.93,
    "32,27": 78.5,
    "32,33": 144.44,
    "33,34": 34.74,
    "34,35": 165.67,
    "35,36": 83.17,
    "36,1": 210.74,
    "37,1": 1
  },
  "C": {
    "1": 19.8,
    "2": 24.5,
    "3": 27.2,
    "4": 37,
    "5": 39.4,
    "6": 54.4,
    "7": 72.9,
    "8": 90.7,
    "9": 119.5,
    "10": 139.1,
    "11": 164.4,
    "12": 186,
    "13": 241.3
  },
  "hmin": {
    "1": 105.15,
    "2": 104.4,
    "3": 103.35,
    "4": 102.5,
    "5": 101.24000000000001,
    "6": 105.4,
    "7": 107.9,
    "8": 106.5,
    "9": 106,
    "10": 104.17,
    "11": 103.7,
    "12": 102.64,
    "13": 101.9,
    "14": 102.6,
    "15": 103.5,
    "16": 104.3,
    "17": 105.5,
    "18": 104.1,
    "19": 102.9,
    "20": 102.83,
    "21": 102.8,
    "22": 103.9,
    "23": 104.2,