{
  "iteration": 2,
  "objective": 171926.93179303914,
  "solve_time": 20.270453929901123,
  "q": {
    "1,17": 0.004190487894462462,
    "1,31": 0.025971722551522466,
    "2,3": 0.0021741623124749867,
    "2,18": -0.0016663747171734205,
    "3,4": 0.0018426026349189055,
    "3,11": -0.0006884403224439187,
    "4,5": 0.00042035146758001406,
    "5,6": -0.0003399406755883295,
    "5,13": 0.00013029214316834342,
    "6,7": -0.0010581989775007028,
    "7,24": -0.0009456204555313979,
    "8,28": -0.0025621527320074462,
    "9,36": -0.00219496791637063,
    "10,11": 0.006687802679184784,
    "10,32": 0.0020830863827131325,
    "11,19": 0.00272011669698026,
    "11,26": 0.0015292456597606053,
    "12,4": -0.0006122511673388916,
    "12,13": 0.00040656496480886626,
    "13,14": -0.0006231428920227903,
    "14,20": -0.001003845922879005,
    "14,21": -0.00015929696914378528,
    "15,16": -0.0019998929102485485,
    "15,22": 0.001416824398482674,
    "16,25": 0.0023802605142419944,
    "16,29": -0.0024119592609709996,
    "17,2": 0.0015477875953015662,
    "17,18": 0.0013727002991608958,
    "18,10": -0.0023136744180125247,
    "19,12": 0.0007043137974699747,
    "19,20": 0.00013580289951028483,
    "20,15": -0.0017980430233687202,
    "21,6": 7.174169808762668e-05,
    "21,22": -0.001191038667231412,
    "22,7": 0.00037257852196930495,
    "22,23": -0.001116792790718043,
    "23,25": -0.0020219279103235455,
    "24,8": -0.0015704853359258953,
    "24,23": -4.513511960550242e-05,
    "25,8": -0.00041166739608155097,
    "26,15": 0.002314974511602846,
    "26,27": -0.002475728851842241,
    "27,16": 0.003178194163519543,
    "28,9": -0.001540032269267203,
    "28,29": -0.0013221204627402435,
    "29,30": -0.0016209823595147513,
    "29,33": -0.0027330973641964914,
    "30,9": -0.00011493564710342695,
    "30,35": -0.0020460467124113245,
    "31,10": 0.01219456347991044,
    "31,34": 0.012877159071612026,
    "32,27": 0.007073923015361784,
    "32,33": -0.006020836632648652,
    "33,34": -0.009523933996845143,
    "34,35": 0.0026132250747668835,
    "35,36": -0.0005928216376444408,
    "36,1": -0.0032577895540150704,
    "37,1": 0.03391
  },
  "h": {
    "1": 120.9746636838618,
    "2": 112.19926838729668,
    "3": 110.57578177438765,
    "4": 107.45488154520267,
    "5": 107.26802501207469,
    "6": 107.4147381316597,
    "7": 107.89999892100047,
    "8": 109.46770288043092,
    "9": 113.38413273799938,
    "10": 114.826733111234,
    "11": 110.89379430663072,
    "12": 107.38616673423623,
    "13": 107.26230946064744,
    "14": 107.41289089942389,
    "15": 108.57205349934694,
    "16": 110.69545896267566,
    "17": 114.90665760597317,
    "18": 113.54939776748864,
    "19": 107.55367701110917,
    "20": 107.53389677281001,
    "21": 107.41987666536704,
    "22": 108.07625995181225,
    "23": 108.48607448349077,
    "24": 108.4838872999627,
    "25": 109.37598639919544,
    "26": 110.30516534988617,
    "27": 113.41440702992533,
    "28": 112.12616018693664,
    "29": 112.9305575980794,
    "30": 113.37686818813536,
    "31": 119.80876387289281,
    "32": 114.20271908991701,
    "33": 117.38475479289781,
    "34": 117.98834067740475,
    "35": 114.83042827627672,
    "36": 114.93204537197374,
    "37": 121
  },
  "l": {
    "1,17,1": 132.76000011984047,
    "17,2,1": 374.68000011987635,
    "2,3,1": 119.74000011986982,
    "3,4,1": 312.7200001198712,
    "4,5,1": 289.09000011987894,
    "5,6,1": 336.3300001198793,
    "6,7,1": 135.81000011988692,
    "7,24,1": 201.26000011987438,
    "24,8,1": 132.53000011987308,
    "8,28,1": 144.66000011985784,
    "28,9,1": 175.72000011987583,
    "9,36,1": 112.17000011987258,
    "36,1,1": 210.74000011985802,
    "1,31,5": 75.41000011990846,
    "31,10,3": 181.42000011987633,
    "10,11,2": 146.96000011954587,
    "11,19,1": 162.69000011985366,
    "19,12,1": 99.64000011988087,
    "12,4,1": 52.98000011988447,
    "2,18,1": 162.97000011987657,
    "18,10,1": 83.96000011988015,
    "10,32,1": 49.82000011987927,
    "32,27,2": 0.10283807257521994,
    "32,27,3": 78.39716203732654,
    "27,16,1": 99.27000011983952,
    "16,25,1": 82.29000011986108,
    "25,8,1": 147.49000011988005,
    "3,11,1": 197.32000011987958,
    "11,26,1": 83.30000011987791,
    "26,15,1": 113.80000011985877,
    "15,22,1": 80.82000011987236,
    "22,7,1": 340.9700001198781,
    "5,13,1": 77.39000011988222,
    "13,14,1": 112.3700001198812,
    "14,20,1": 37.34000011988632,
    "20,15,1": 108.85000011987691,
    "15,16,1": 182.8200001198706,
    "16,29,1": 136.02000011986624,
    "29,30,1": 56.700000119880016,
    "30,9,1": 124.0800001198805,
    "17,18,1": 234.60000011987776,
    "12,13,1": 203.83000011987926,
    "19,20,1": 248.0500001198793,
    "14,21,1": 65.19000011988335,
    "21,6,1": 210.09000011987948,
    "21,22,1": 147.57000011988066,
    "22,23,1": 103.80000011987948,
    "24,23,1": 210.9500001198795,
    "23,25,1": 75.08000011986697,
    "26,27,1": 180.2900001198675,
    "28,29,1": 149.05000011987764,
    "29,33,1": 215.0500001198642,
    "32,33,2": 144.440000119666,
    "33,34,3": 34.740000119860056,
    "31,34,3": 59.93000011988062,
    "34,35,1": 165.67000011986931,
    "30,35,1": 119.97000011987363,
    "35,36,1": 83.17000011988179,
    "37,1,5": 1.000000009973867
  },
  "D": {
    "1": 0.00049,
    "2": 0.00104,
    "3": 0.00102,
    "4": 0.00081,
    "5": 0.00063,
    "6": 0.00079,
    "7": 0.00026,
    "8": 0.00058,
    "9": 0.00054,
    "10": 0.00111,
    "11": 0.00175,
    "12": 0.00091,
    "13": 0.00116,
    "14": 0.00054,
    "15": 0.0011,
    "16": 0.00121,
    "17": 0.00127,
    "18": 0.00202,
    "19": 0.00188,
    "20": 0.00093,
    "21": 0.00096,
    "22": 0.00097,
    "23": 0.00086,
    "24": 0.00067,
    "25": 0.00077,
    "26": 0.00169,
    "27": 0.00142,
    "28": 0.0003,
    "29": 0.00062,
    "30": 0.00054,
    "31": 0.0009,
    "32": 0.00103,
    "33": 0.00077,
    "34": 0.00074,
    "35": 0.00116,
    "36": 0.00047,
    "37": 0
  },
  "Diameters": {
    "1": 0.06,
    "2": 0.08,
    "3": 0.1,
    "4": 0.125,
    "5": 0.15,
    "6": 0.2,
    "7": 0.25,
    "8": 0.3,
    "9": 0.35,
    "10": 0.4,
    "11": 0.45,
    "12": 0.5,
    "13": 0.6
  },
  "L": {
    "1,17": 132.76,
    "1,31": 75.41,
    "2,3": 119.74,
    "2,18": 162.97,
    "3,4": 312.72,
    "3,11": 197.32,
    "4,5": 289.09,
    "5,6": 336.33,
    "5,13": 77.39,
    "6,7": 135.81,
    "7,24": 201.26,
    "8,28": 144.66,
    "9,36": 112.17,
    "10,11": 146.96,
    "10,32": 49.82,
    "11,19": 162.69,
    "11,26": 83.3,
    "12,4": 52.98,
    "12,13": 203.83,
    "13,14": 112.37,
    "14,20": 37.34,
    "14,21": 65.19,
    "15,16": 182.82,
    "15,22": 80.82,
    "16,25": 82.29,
    "16,29": 136.02,
    "17,2": 374.68,
    "17,18": 234.6,
    "18,10": 83.96,
    "19,12": 99.64,
    "19,20": 248.05,
    "20,15": 108.85,
    "21,6": 210.09,
    "21,22": 147.57,
    "22,7": 340.97,
    "22,23": 103.8,
    "23,25": 75.08,
    "24,8": 132.53,
    "24,23": 210.95,
    "25,8": 147.49,
    "26,15": 113.8,
    "26,27": 180.29,
    "27,16": 99.27,
    "28,9": 175.72,
    "28,29": 149.05,
    "29,30": 56.7,
    "29,33": 215.05,
    "30,9": 124.08,
    "30,35": 119.97,
    "31,10": 181.42,
    "31,34": 59.93,
    "32,27": 78.5,
    "32,33": 144.44,
    "33,34": 34.74,
    "34,35": 165.67,
    "35,36": 83.17,
    "36,1": 210.74,
    "37,1": 1
  },
  "C": {
    "1": 19.8,
    "2": 24.5,
    "3": 27.2,
    "4": 37,
    "5": 39.4,
    "6": 54.4,
    "7": 72.9,
    "8": 90.7,
    "9": 119.5,
    "10": 139.1,
    "11": 164.4,
    "12": 186,
    "13": 241.3
  },
  "hmin": {
    "1": 105.15,
    "2": 104.4,
    "3": 103.35,
    "4": 102.5,
    "5": 101.24000000000001,
    "6": 105.4,
    "7": 107.9,
    "8": 106.5,
    "9": 106,
    "10": 104.17,
    "11": 103.7,
    "12": 102.64,
    "13": 101.9,
    "14": 102.6,
    "15": 103.5,
    "16": 104.3,
    "17": 105.5,
    "18": 104.1,
    "19": 102.9,
    "20": 102.83,
    "21": 102.8,
    "22": 103.9,
    "23": 104.2,