{
  "iteration": 1,
  "objective": 124360369.44472688,
  "q": {
    "1,3": 1.6729077639524998,
    "2,14": 1.4139922360475001,
    "3,4": 1.3662077639524999,
    "4,5": 0.1605939669072789,
    "4,9": 1.130613797045221,
    "5,6": 0.052293966907278895,
    "6,7": -0.008093455072449558,
    "6,10": -0.009612578020271543,
    "7,8": -0.05979345507244956,
    "8,13": 0.283660041450988,
    "8,14": -0.44675349652343754,
    "9,10": 0.7254848922942958,
    "9,15": 0.2634289047509253,
    "10,11": 0.36313611861998824,
    "10,19": 0.16103619565403596,
    "11,12": 0.22643611861998825,
    "12,13": -0.0002638813800117596,
    "13,16": 0.010188801015124805,
    "13,20": 0.026507359055851432,
    "14,17": 0.7905387395240625,
    "15,18": 0.08842890475092531,
    "16,21": -0.13981119898487518,
    "17,21": 0.5835674145318626,
    "17,22": 0.09367132499219986,
    "18,23": 0.03172890475092531,
    "19,20": 0.007184803719877484,
    "19,24": 0.07715139193415847,
    "20,21": -0.20201212259109455,
    "20,25": 0.059004285366823485,
    "21,26": 0.031744092955892866,
    "22,26": 0.003671324992199872,
    "23,24": -0.0015710952490746955,
    "24,25": 0.0005802966850837801,
    "25,26": 0.0012845820519072689
  },
  "h": {
    "1": 100,
    "2": 95,
    "3": 98.31355686196419,
    "4": 95.14565892137442,
    "5": 88.42822003961734,
    "6": 85.00000000000146,
    "7": 87.89038708666516,
    "8": 91.5018844106181,
    "9": 91.28269075244741,
    "10": 88.4349813912878,
    "11": 86.63292772631439,
    "12": 85.00000000000057,
    "13": 85.0061699544947,
    "14": 94.13537558523626,
    "15": 87.05135783425354,
    "16": 82.00000000000155,
    "17": 91.43173891284843,
    "18": 85.00000000000122,
    "19": 83.67433814361416,
    "20": 82.00000000000188,
    "21": 85.21204387169392,
    "22": 81.34125743630317,
    "23": 80.00000000000348,
    "24": 80.10026048923699,
    "25": 80.07790723234946,
    "26": 80.00000000000111
  },
  "l": {
    "1,3,13": 299.9999999773816,
    "3,4,13": 819.9999999985791,
    "4,5,5": 902.0512418415055,
    "4,5,6": 37.94875815622718,
    "5,6,3": 729.9999998648573,
    "6,7,1": 1619.999999996358,
    "7,8,3": 599.9999999922709,
    "4,9,12": 799.9999999965933,
    "6,10,1": 1399.9999999963195,
    "8,13,7": 880.8427814511396,
    "8,13,8": 294.1572185473059,
    "8,14,9": 749.999999987412,
    "2,14,13": 209.99999999857553,
    "9,10,10": 699.9999999960563,
    "10,11,8": 309.9999999932616,
    "11,12,7": 259.03352841056955,
    "11,12,8": 240.96647158787584,
    "12,13,1": 1959.999999996794,
    "9,15,7": 624.9623324772951,
    "9,15,8": 275.03766752115024,
    "15,18,5": 849.9999999947104,
    "10,19,5": 649.9999999943665,
    "13,20,2": 759.9999999934086,
    "13,16,1": 1099.999999996543,
    "14,17,10": 333.6433949211328,
    "14,17,11": 326.35660507744376,
    "19,20,1": 1169.9999999967526,
    "20,21,7": 979.9999999663927,
    "16,21,5": 460.3844914857508,
    "16,21,6": 209.61550851198186,
    "17,21,9": 1079.9999998562525,
    "18,23,1": 51.00680740531807,
    "18,23,2": 698.9931925921219,
    "19,24,4": 899.9999999930573,
    "20,25,3": 101.6137866040702,
    "20,25,4": 548.3862133933529,
    "21,26,2": 640.0612878488752,
    "21,26,3": 899.938712148513,
    "17,22,3": 729.9999999790484,
    "23,24,1": 1169.9999999967642,
    "24,25,1": 1649.9999999967956,
    "25,26,1": 1319.999999996753,
    "22,26,1": 3249.9999999966926
  },
  "D": {
    "1": 0,
    "2": 0,
    "3": 0.3067,
    "4": 0.075,
    "5": 0.1083,
    "6": 0.07,
    "7": 0.0517,
    "8": 0.1033,
    "9": 0.1417,
    "10": 0.1917,
    "11": 0.1367,
    "12": 0.2267,
    "13": 0.2467,
    "14": 0.1767,
    "15": 0.175,
    "16": 0.15,
    "17": 0.1133,
    "18": 0.0567,
    "19": 0.0767,
    "20": 0.1767,
    "21": 0.21,
    "22": 0.09,
    "23": 0.0333,
    "24": 0.075,
    "25": 0.0583,
    "26": 0.0367
  },
  "L": {
    "1,3": 300,
    "2,14": 210,
    "3,4": 820,
    "4,5": 940,
    "4,9": 800,
    "5,6": 730,
    "6,7": 1620,
    "6,10": 1400,
    "7,8": 600,
    "8,13": 1175,
    "8,14": 750,
    "9,10": 700,
    "9,15": 900,
    "10,11": 310,
    "10,19": 650,
    "11,12": 500,
    "12,13": 1960,
    "13,16": 1100,
    "13,20": 760,
    "14,17": 660,
    "15,18": 850,
    "16,21": 670,
    "17,21": 1080,
    "17,22": 730,
    "18,23": 750,
    "19,20": 1170,
    "19,24": 900,
    "20,21": 980,
    "20,25": 650,
    "21,26": 1540,
    "22,26": 3250,
    "23,24": 1170,
    "24,25": 1650,
    "25,26": 1320
  },
  "C": {
    "1": 1115,
    "2": 1600,
    "3": 2154,
    "4": 2780,
    "5": 3475,
    "6": 4255,
    "7": 5172,
    "8": 6092,
    "9": 8189,
    "10": 10670,
    "11": 11874,
    "12": 13261,
    "13": 16151,
    "14": 19395
  },
  "hmin": {
    "1": 100,
    "2": 95,
    "3": 85,
    "4": 85,
    "5": 85,
    "6": 85,
    "7": 85,
    "8": 82,
    "9": 85,
    "10": 85,
    "11": 85,
    "12": 85,
    "13": 82,
    "14": 82,
    "15": 82,
    "16": 82,
    "17": 82,
    "18": 85,
    "19": 82,
    "20": 82,
    "21": 82,
    "22": 80,
    "23": 80,
    "24": 80,
    "25": 80,
    "26": 80
  },
  "nodes": [
    1,
    2,
    3,
    4,
    5,
    6,
    7,
    8,
    9,
    10,
    11,
    12,
    13,
    14,
    15,
    16,
    17,
    18,
    19,
    20,
    21,
    22,
    23,
    24,
    25,
    26
  ],
  "arcs": [
    [
      1,
      3
    ],
    [
      3,
      4
    ],
    [
      4,
      5
    ],
    [
      5,
      6
    ],
    [
      6,
      7
    ],
    [
      7,
      8
    ],
    [
      4,
      9
    ],
    [
      6,
      10
    ],
    [
      8,
      13
    ],
    [
      8,
      14
    ],
    [
      2,
      14
    ],
    [
      9,
      10
    ],
    [
      10,
      11
    ],
    [
      11,
      12
    ],
    [
      12,
      13
    ],
    [
      9,
      15
    ],
    [
      15,
      18
    ],
    [
      10,
      19
    ],
    [
      13,
      20
    ],
    [
      13,
      16
    ],
    [
      14,
      17
    ],
    [
      19,
      20
    ],
    [
      20,
      21
    ],
    [
      16,
      21
    ],
    [
      17,
      21
    ],
    [
      18,
      23
    ],
    [
      19,
      24
    ],
    [
      20,
      25
    ],
    [
      21,
      26
    ],
    [
      17,
      22
    ],
    [
      23,
      24
    ],
    [
      24,
      25
    ],
    [
      25,
      26
    ],
    [
      22,
      26
    ]
  ]
}