{
  "iteration": 0,
  "objective": 58370926.155038975,
  "solve_time": 0.7581861019134521,
  "q": {
    "1,2": 24.511764770214732,
    "1,15": 32.61748012978527,
    "2,3": 21.895287830214734,
    "3,4": 19.278810890214736,
    "4,5": 16.781264720214736,
    "5,6": 14.283718550214735,
    "6,7": 11.786172380214735,
    "7,8": 9.288626210214735,
    "8,9": 6.791080040214735,
    "9,10": 1.6565357299999999,
    "9,16": 4.065749308617201,
    "10,17": 1.62821888,
    "11,9": 3.745069498402468,
    "11,20": 5.5619796913828,
    "12,11": 14.120913689785269,
    "12,18": 6.631806279999999,
    "13,12": 24.068623109785268,
    "14,13": 27.38452624978527,
    "15,14": 30.00100318978527,
    "18,19": 3.31590314,
    "20,16": 0.7481151913827992
  },
  "h": {
    "1": 91.44,
    "2": 89.78252267588789,
    "3": 87.48709980317086,
    "4": 86.81850949324128,
    "5": 86.23058468349966,
    "6": 85.77859052535476,
    "7": 85.07538233685763,
    "8": 84.07937223076004,
    "9": 83.35325494384927,
    "10": 83.3439202674205,
    "11": 83.38026250398326,
    "12": 83.78870718443666,
    "13": 84.71133610394452,
    "14": 87.02604441643584,
    "15": 89.42574811891868,
    "16": 79.25000000000006,
    "17": 83.15,
    "18": 79.58988432022538,
    "19": 77.72000000000006,
    "20": 80.45627145614404
  },
  "l": {
    "1,2,1": 3535.6899999979246,
    "2,3,1": 6035.0599999979895,
    "3,4,1": 2225.0499999980416,
    "4,5,1": 2529.8499999980827,
    "5,6,1": 2621.2899999981173,
    "6,7,1": 5821.699999998147,
    "7,8,1": 2926.0899999976714,
    "8,9,1": 3810.009999997958,
    "9,10,1": 2926.0899999982016,
    "11,9,1": 3413.7699999982005,
    "12,11,1": 4419.609999998152,
    "13,12,1": 3718.569999998022,
    "14,13,1": 7345.699999997962,
    "15,14,1": 6431.299999997906,
    "1,15,2": 4724.419999997031,
    "10,17,6": 1311.9344587166852,
    "10,17,7": 6734.815541281159,
    "12,18,6": 9065.572594033774,
    "12,18,7": 444.2174059640707,
    "18,19,5": 7315.219999995843,
    "11,20,5": 4389.129999995288,
    "20,16,1": 11704.359999998163,
    "9,16,3": 3097.2180417286536,
    "9,16,4": 4949.5319582694665
  },
  "D": {
    "1": 0,
    "2": 2.61647694,
    "3": 2.61647694,
    "4": 2.49754617,
    "5": 2.49754617,
    "6": 2.49754617,
    "7": 2.49754617,
    "8": 2.49754617,
    "9": 4.8138645,
    "10": 0.02831685,
    "11": 4.8138645,
    "12": 3.31590314,
    "13": 3.31590314,
    "14": 2.61647694,
    "15": 2.61647694,
    "16": 4.8138645,
    "17": 1.62821888,
    "18": 3.31590314,
    "19": 3.31590314,
    "20": 4.8138645
  },
  "Diameters": {
    "1": 0.9144,
    "2": 1.2192,
    "3": 1.524,
    "4": 1.8288,
    "5": 2.1336,
    "6": 2.4384,
    "7": 2.7432,
    "8": 3.048,
    "9": 3.3528,
    "10": 3.6576,
    "11": 3.9624,
    "12": 4.2672,
    "13": 4.572,
    "14": 4.8768,
    "15": 5.1816
  },
  "L": {
    "1,2": 3535.69,
    "1,15": 4724.42,
    "2,3": 6035.06,
    "3,4": 2225.05,
    "4,5": 2529.85,
    "5,6": 2621.29,
    "6,7": 5821.7,
    "7,8": 2926.09,
    "8,9": 3810.01,
    "9,10": 2926.09,
    "9,16": 8046.75,
    "10,17": 8046.75,
    "11,9": 3413.77,
    "11,20": 4389.13,
    "12,11": 4419.61,
    "12,18": 9509.79,
    "13,12": 3718.57,
    "14,13": 7345.7,
    "15,14": 6431.3,
    "18,19": 7315.22,
    "20,16": 11704.36
  },
  "C": {
    "1": 306.75,
    "2": 439.63,
    "3": 577.43,
    "4": 725.07,
    "5": 875.98,
    "6": 1036.75,
    "7": 1197.51,
    "8": 1368.11,
    "9": 1538.71,
    "10": 1712.6,
    "11": 1893.04,
    "12": 2073.49,
    "13": 2260.5,
    "14": 2447.51,
    "15": 2637.8
  },
  "hmin": {
    "2": 77.72,
    "3": 77.72,
    "4": 77.72,
    "5": 77.72,
    "6": 77.72,
    "7": 77.72,
    "8": 77.72,
    "9": 77.72,
    "10": 77.72,
    "11": 77.72,
    "12": 77.72,
    "13": 77.72,
    "14": 77.72,
    "15": 77.72,
    "16": 79.25,
    "17": 83.15,
    "18": 77.72,
    "19": 77.72,
    "20": 77.72,
    "1": 91.44
  },
  "nodes": [
    2,
    3,
    4,
    5,
    6,
    7,
    8,
    9,
    10,
    11,
    12,
    13,
    14,
    15,
    16,
    17,
    18,
    19,
    20,
    1
  ],
  "arcs": [
    [
      1,
      2
    ],
    [
      2,
      3
    ],
    [
      3,
      4
    ],
    [
      4,
      5
    ],
    [
      5,
      6
    ],
    [
      6,
      7
    ],
    [
      7,
      8
    ],
    [
      8,
      9
    ],
    [
      9,
      10
    ],
    [
      11,
      9
    ],
    [
      12,
      11
    ],
    [
      13,
      12
    ],
    [
      14,
      13
    ],
    [
      15,
      14
    ],
    [
      1,
      15
    ],
    [
      10,
      17
    ],
    [
      12,
      18
    ],
    [
      18,
      19
    ],
    [
      11,
      20
    ],
    [
      20,
      16
    ],
    [
      9,
      16
    ]
  ],
  "source": [
    1
  ]
}