{
  "iteration": 0,
  "objective": 117914.94188668566,
  "solve_time": 0.8256468772888184,
  "q": {
    "0,1": 0.053812889035724246,
    "0,4": 0.04389050096427575,
    "1,2": 0.047049167017565945,
    "1,8": 0.0034760920181583013,
    "2,3": 0.01845210918471213,
    "2,11": 0.013430807832853815,
    "2,13": 0.01197515,
    "3,17": 0.0005325991847121297,
    "3,18": 0.01629368,
    "4,5": 0.04301733096427575,
    "5,6": 0.03570139096427575,
    "5,21": 0.00393115,
    "6,7": 0.03243773096427575,
    "7,8": 0.00047965798184169847,
    "7,29": 0.019303442982434055,
    "8,30": 0.00323968,
    "9,10": 0.00328763,
    "9,12": 0.0012987529824340547,
    "9,25": 0.00325167,
    "11,15": 0.00666158081528787,
    "12,11": -0.00041162701756594525,
    "13,14": 0.0016820597892316775,
    "14,23": 5.622978923167756e-05,
    "15,16": 0.00328763,
    "15,17": 0.00012228081528787028,
    "18,19": 0.009580645112683117,
    "18,24": 0.00017373488731688415,
    "21,20": 0.00069147,
    "22,13": -0.003935490210768323,
    "23,22": -0.0031954402107683224,
    "24,19": -0.006293015112683116,
    "26,9": 0.008517532982434054,
    "26,27": 0.00321508,
    "26,28": 0.00161385,
    "29,26": 0.016658702982434055
  },
  "h": {
    "0": 715.56,
    "1": 709.0129442279698,
    "2": 702.1511081676714,
    "3": 699.7658765576069,
    "4": 712.9665829584284,
    "5": 698.8245976363957,
    "6": 692.8390758800939,
    "7": 687.61326212674,
    "8": 679.5725157951912,
    "9": 676.5304396920118,
    "10": 676.4808000001525,
    "11": 685.0263521405415,
    "12": 673.1280000057302,
    "13": 687.4455623830501,
    "14": 687.4395556056039,
    "15": 685.0221342953466,
    "16": 685.0152000019634,
    "17": 683.4816236734879,
    "18": 697.3104030058049,
    "19": 694.208738161291,
    "20": 694.4618721007714,
    "21": 698.7309510691512,
    "22": 687.3378514902571,
    "23": 687.301200002076,
    "24": 693.8544000000115,
    "25": 676.485574097447,
    "26": 681.6152407722159,
    "27": 681.581761394974,
    "28": 681.6027466275385,
    "29": 683.2378026194418,
    "30": 677.0904000022259
  },
  "l": {
    "0,1,6": 415.4437999978604,
    "0,4,5": 59.131399995932284,
    "1,2,6": 558.3953999975444,
    "1,8,1": 10.72910386608204,
    "1,8,2": 35.295796128542314,
    "2,3,5": 270.6632999977261,
    "2,11,2": 11.674067758966487,
    "2,11,3": 35.570132237330924,
    "2,13,2": 5.303897480237208,
    "2,13,3": 88.87960251606063,
    "3,17,1": 213.0558999885644,
    "3,18,5": 350.82599999768973,
    "4,5,5": 334.67149999555596,
    "5,6,4": 3.848910739758536,
    "5,6,5": 172.3260892587458,
    "6,7,4": 28.956099990322542,
    "7,8,1": 127.71159998662289,
    "7,29,4": 63.39859999616835,
    "8,30,2": 33.527999990864274,
    "9,12,1": 8.207693048874411,
    "9,12,2": 9.775506945749475,
    "12,11,1": 250.86789998850512,
    "14,23,1": 116.433599987772,
    "15,17,1": 307.53639998771604,
    "18,19,4": 140.5723339577938,
    "18,19,5": 172.20066604071056,
    "18,24,1": 360.01679998700945,
    "21,20,1": 34.44239998777145,
    "26,9,3": 82.59099998608436
  },
  "D": {
    "0": 0,
    "1": 0.00328763,
    "2": 0.0031911,
    "3": 0.00162583,
    "4": 0.00087317,
    "5": 0.00338479,
    "6": 0.00326366,
    "7": 0.01265463,
    "8": 0.00071607,
    "9": 0.00067948,
    "10": 0.00328763,
    "11": 0.0063576,
    "12": 0.00171038,
    "13": 0.0063576,
    "14": 0.00162583,
    "15": 0.00325167,
    "16": 0.00328763,
    "17": 0.00065488,
    "18": 0.0065393,
    "19": 0.00328763,
    "20": 0.00069147,
    "21": 0.00323968,
    "22": 0.00074005,
    "23": 0.00325167,
    "24": 0.00646675,
    "25": 0.00325167,
    "26": 0.00331224,
    "27": 0.00321508,
    "28": 0.00161385,
    "29": 0.00264474,
    "30": 0.00323968
  },
  "Diameters": {
    "1": 0.0254,
    "2": 0.0508,
    "3": 0.0762,
    "4": 0.1016,
    "5": 0.1524,
    "6": 0.2032,
    "7": 0.254,
    "8": 0.3048,
    "9": 0.3556,
    "10": 0.4064,
    "11": 0.4572,
    "12": 0.508,
    "13": 0.5588,
    "14": 0.6096
  },
  "L": {
    "0,1": 415.4438,
    "0,4": 59.1314,
    "1,2": 558.3954,
    "1,8": 46.0249,
    "2,3": 270.6633,
    "2,11": 47.2442,
    "2,13": 94.1835,
    "3,17": 213.0559,
    "3,18": 350.826,
    "4,5": 334.6715,
    "5,6": 176.175,
    "5,21": 186.2334,
    "6,7": 28.9561,
    "7,8": 127.7116,
    "7,29": 63.3986,
    "8,30": 33.528,
    "9,10": 137.4605,
    "9,12": 17.9832,
    "9,25": 126.7968,
    "11,15": 92.3544,
    "12,11": 250.8679,
    "13,14": 233.5882,
    "14,23": 116.4336,
    "15,16": 231.0758,
    "15,17": 307.5364,
    "18,19": 312.773,
    "18,24": 360.0168,
    "21,20": 34.4424,
    "22,13": 213.7656,
    "23,22": 106.9835,
    "24,19": 294.8136,
    "26,9": 82.591,
    "26,27": 96.6216,
    "26,28": 129.229,
    "29,26": 222.504
  },
  "C": {
    "1": 0.52,
    "2": 2.1,
    "3": 4.72,
    "4": 8.4,
    "5": 18.9,
    "6": 33.6,
    "7": 52.5,
    "8": 75.59,
    "9": 102.89,
    "10": 134.39,
    "11": 170.09,
    "12": 209.98,
    "13": 254.08,
    "14": 302.37
  },
  "hmin": {
    "1": 682.5768,
    "2": 679.8336,
    "3": 676.4808,
    "4": 686.3868,
    "5": 682.7292,
    "6": 678.9192,
    "7": 678.3096,
    "8": 678.3096,
    "9": 672.9756,
    "10": 676.4808,
    "11": 681.9672,
    "12": 673.128,
    "13": 681.2052,
    "14": 683.1864,
    "15": 683.6436,
    "16": 685.0152,
    "17": 672.8232,
    "18": 683.4912,
    "19": 685.1676,
    "20": 682.272,
    "21": 682.7292,
    "22": 683.4912,
    "23": 687.3012,
    "24": 693.8544,
    "25": 675.5664,
    "26": 669.9276,
    "27": 670.6896,
    "28": 669.6228,
    "29": 676.176,
    "30": 677.0904,
    "0": 715.56
  },
  "nodes": [
    1,
    2,
    3,
    4,
    5,
    6,
    7,
    8,
    9,
    10,
    11,
    12,
    13,
    14,
    15,
    16,
    17,
    18,
    19,
    20,
    21,
    22,
    23,
    24,
    25,
    26,
    27,
    28,
    29,
    30,
    0
  ],
  "arcs": [
    [
      0,
      1
    ],
    [
      0,
      4
    ],
    [
      1,
      2
    ],
    [
      1,
      8
    ],
    [
      2,
      3
    ],
    [
      2,
      11
    ],
    [
      2,
      13
    ],
    [
      3,
      17
    ],
    [
      3,
      18
    ],
    [
      4,
      5
    ],
    [
      5,
      6
    ],
    [
      5,
      21
    ],
    [
      6,
      7
    ],
    [
      7,
      8
    ],
    [
      7,
      29
    ],
    [
      8,
      30
    ],
    [
      9,
      10
    ],
    [
      9,
      12
    ],
    [
      9,
      25
    ],
    [
      11,
      15
    ],
    [
      12,
      11
    ],
    [
      13,
      14
    ],
    [
      14,
      23
    ],
    [
      15,
      16
    ],
    [
      15,
      17
    ],
    [
      18,
      19
    ],
    [
      18,
      24
    ],
    [
      21,
      20
    ],
    [
      22,
      13
    ],
    [
      23,
      22
    ],
    [
      24,
      19
    ],
    [
      26,
      9
    ],
    [
      26,
      27
    ],
    [
      26,
      28
    ],
    [
      29,
      26
    ]
  ],
  "source": [
    0
  ]
}