{
  "iteration": 1,
  "objective": 1786231.7087413059,
  "q": {
    "1,2": -0.004396969355630527,
    "2,4": 0.0024142153747583922,
    "3,1": 0.005613030644369473,
    "3,4": -0.013478392168360564,
    "3,5": -0.0006346384760089096,
    "4,59": -0.01956417679360217,
    "5,86": 0.0012362085992952954,
    "6,7": 0,
    "6,8": -0.0009330650795499285,
    "8,29": 0.05240064172007963,
    "9,6": -0.0057746813661670405,
    "9,40": 0.0008586897020056768,
    "10,11": -0.0164,
    "12,39": 0.020150854228316556,
    "13,17": -0.0638126926137193,
    "14,24": 0.15428406823996485,
    "15,14": 0.16034406823996486,
    "18,13": -0.056322692613719305,
    "18,19": 0.041349639951956736,
    "19,20": 0.005125248625745203,
    "19,38": 0.03141439132621153,
    "20,18": -0.00994305266176257,
    "20,27": -0.011281797632733865,
    "21,20": -0.005310098920241637,
    "21,22": -0.0049691142453924435,
    "22,23": -0.006092098721033897,
    "22,85": -0.009287015524358547,
    "23,21": 0.00666078683436592,
    "24,17": 0.11054939132621154,
    "24,25": 0.03718467691375332,
    "25,12": 0.020640854228316557,
    "26,17": -0.04396669871249223,
    "26,27": 0.03152468318813369,
    "26,83": 0.009662015524358547,
    "27,23": 0.014922885555399817,
    "28,29": -0.015064464405516405,
    "28,30": 0.005730236009278326,
    "29,35": 0.004336177314563231,
    "30,28": -0.005704228396238078,
    "30,33": 0.0031709205662650195,
    "31,11": -0.007691400785077832,
    "31,32": 0.007425792111289359,
    "32,49": -0.0015515720190372396,
    "33,9": -0.0005359916641613633,
    "34,30": -0.0022635438392513856,
    "34,41": 0.003099517463141072,
    "35,25": -0.0061338226854367696,
    "35,36": 0.00168,
    "37,31": 0.006134391326211528,
    "37,38": -0.018774391326211528,
    "39,34": 0.003925973623889687,
    "40,39": -0.003584880604426868,
    "40,41": -0.0011164296935674551,
    "41,33": -0.000616912230426383,
    "42,11": 0.05386140078507784,
    "43,42": 0.21952560867378845,
    "43,87": 0.025,
    "44,42": -0.16109420788871062,
    "44,57": 0.14445904131020812,
    "45,46": -0.0018600790818924797,
    "45,52": -0.002010235733193418,
    "46,32": -0.006017364130326598,
    "47,48": 0.0685382766033723,
    "48,49": 0.009063281163298501,
    "49,50": 0.004101709144261262,
    "50,46": -0.0010672850484341192,
    "50,51": -0.00845359791981008,
    "51,48": -0.046844995440073804,
    "51,53": 0.01618486910720606,
    "52,50": -0.0004125921125054635,
    "52,53": -0.008027643620687955,
    "54,55": 0.005275215064292628,
    "54,84": -0.005275215064292628,
    "55,61": 0.0006402773139569661,
    "55,86": 0.0075634765856188065,
    "55,88": -0.006350326016272789,
    "55,89": -0.007878212819010352,
    "56,44": -0.009075166578502523,
    "56,47": 0.0691282766033723,
    "57,56": 0.06404311002486979,
    "58,57": -0.07266593128533833,
    "58,60": 0.010873458778292993,
    "59,60": 0.012757110983054244,
    "59,62": -0.033201287776656416,
    "60,61": 0.01849056976134724,
    "61,5": 0.013990847075304206,
    "62,2": 0.019241184730388917,
    "62,58": -0.059882472507045335,
    "65,6": 0.006471616286617112,
    "65,76": 0.08693370679962956,
    "76,8": 0.08693370679962956,
    "82,83": -0.004806311562406346,
    "82,85": 0.004801311562406346,
    "83,85": 0.004855703961952201,
    "84,88": -0.005815215064292628,
    "86,45": 0.0023396851849141025,
    "88,51": -0.018336528413057666,
    "88,89": 0.004020987332492247,
    "89,53": -0.005607225486518105
  },
  "h": {
    "1": 22.90000000000015,
    "2": 26.95803754266702,
    "3": 24.659506747806248,
    "4": 26.692973110498315,
    "5": 24.822015380613628,
    "6": 40.18332780897797,
    "7": 40.18332780897797,
    "8": 40.23108542266894,
    "9": 24.3000000000002,
    "10": 25.200000000001136,
    "11": 48.00000000000024,
    "12": 37.15880285179933,
    "13": 40.98159993451155,
    "14": 56.32317677383475,
    "15": 57,
    "17": 52.050536168852915,
    "18": 31.101719381553355,
    "19": 28.02765740055444,
    "20": 24.667847722225098,
    "21": 22.11066834448613,
    "22": 26.015125729020905,
    "23": 27.842414821561302,
    "24": 53.871692270483045,
    "25": 40.85470090780084,
    "26": 51.903394142787825,
    "27": 44.723709904021725,
    "28": 29.147381023177896,
    "29": 30.15685984640004,
    "30": 25.276258996417837,
    "31": 25.734455184685753,
    "32": 22.99172479631754,
    "33": 24.27426075093131,
    "34": 24.35078377148721,
    "35": 30.022318674648623,
    "36": 29.23612772967589,
    "37": 26.70000000000019,
    "38": 27.72795537221349,
    "39": 25.396844714135764,
    "40": 24.18826774892383,
    "41": 24.2121379690198,
    "42": 50.8207154289721,
    "43": 53.08,
    "44": 47.73976097206912,
    "45": 22.07725169796318,
    "46": 22.50000000000021,
    "47": 35.01857177287491,
    "48": 33.219946298573,
    "49": 22.995000093850127,
    "50": 22.429975833155588,
    "51": 31.42730618918083,
    "52": 22.419250629687372,
    "53": 30.41792624466393,
    "54": 26.953007138885834,
    "55": 26.064047790208438,
    "56": 35.430952608527676,
    "57": 42.73201635145936,
    "58": 34.9616507988468,
    "59": 33.398397064434505,
    "60": 27.472485524271185,
    "61": 25.93335319068623,
    "62": 33.91691962209628,
    "65": 55,
    "76": 53.14399956838484,
    "82": 41.14445435074709,
    "83": 41.168935229926014,
    "84": 28.000142030332523,
    "85": 39.97139076077709,
    "86": 24.188415256459855,
    "87": 52.04216998435208,
    "88": 28.789981225777332,
    "89": 28.25931134763433
  },
  "l": {
    "1,2,1": 977.3599999998498,
    "3,4,3": 443.1699999997166,
    "3,5,1": 1410.7699999998729,
    "3,1,1": 269.6099999996577,
    "6,7,1": 116.51999999987328,
    "6,8,1": 203.059999999873,
    "9,6,1": 2309.1399999998594,
    "10,11,1": 318.3786004373344,
    "10,11,3": 1161.6013995618143,
    "15,14,6": 43.96999999989184,
    "13,17,4": 529.9325266719859,
    "13,17,5": 59.22747332794925,
    "18,13,4": 618.5299999997903,
    "18,19,4": 341.09999999989014,
    "20,18,1": 341.9199999998866,
    "21,20,1": 434.23999999988126,
    "22,23,1": 240.58999999987205,
    "24,25,3": 261.74964023943824,
    "24,25,4": 695.690359760492,
    "14,24,6": 171.03999999990074,
    "24,17,6": 235.56999999976983,
    "26,17,3": 3.5899999995761345,
    "26,27,3": 324.359999999838,
    "21,22,1": 749.7399999998694,
    "23,21,1": 639.6999999998662,
    "27,23,1": 422.9499999998189,
    "20,27,1": 843.5199999998283,
    "19,20,1": 609.2299999998834,
    "28,29,3": 179.03999999978726,
    "28,30,1": 570.8999999998483,
    "30,28,1": 575.7299999998486,
    "31,32,1": 250.27999999984945,
    "30,33,1": 442.10999999986353,
    "34,30,1": 762.3499999998708,
    "35,36,1": 1124.8999999998732,
    "31,11,1": 1903.7499999998518,
    "37,31,1": 125.5099999998715,
    "37,38,3": 121.26999999970639,
    "19,38,4": 55.31999999989249,
    "40,39,1": 424.8599999998668,
    "40,41,1": 72.79999999987275,
    "9,40,1": 554.079999999874,
    "33,9,1": 305.5299999998738,
    "41,33,1": 568.3499999998736,
    "34,41,1": 63.8099999998639,
    "39,34,1": 310.7599999998663,
    "12,39,3": 1217.1699999998173,
    "25,12,3": 365.8199999998228,
    "35,25,1": 1408.3299999998712,
    "29,35,1": 33.249999999874234,
    "8,29,4": 720.8999999998944,
    "42,11,4": 64.6367569687777,
    "42,11,5": 377.0532430311574,
    "43,42,8": 332.98999999989013,
    "44,42,6": 170.34351647603822,
    "44,42,7": 59.50648352386405,
    "45,46,1": 500.91999999987473,
    "47,48,5": 232.06999999982645,
    "32,49,1": 5.429999999871715,
    "46,32,1": 66.23999999982661,
    "50,46,1": 232.12999999987483,
    "49,50,1": 154.7799999998727,
    "48,49,1": 645.0999999997995,
    "51,48,4": 157.86999999989018,
    "50,51,1": 645.7899999998175,
    "52,50,1": 206.68999999987344,
    "51,53,3": 156.74999999955483,
    "54,55,1": 152.8099999998679,
    "56,47,5": 52.36999999983265,
    "44,57,6": 394.6699999998607,
    "56,44,1": 774.6899999998451,
    "57,56,4": 321.99202136654355,