{
  "iteration": 0,
  "objective": 12069768.506366225,
  "solve_time": 2.3047287464141846,
  "q": {
    "1,2": 10.830579999999996,
    "2,3": 5.2916799999999995,
    "2,33": 5.2916799999999995,
    "3,4": 2.1726218984125003,
    "3,20": 2.2008512158675737,
    "4,5": 2.136511898412501,
    "5,6": 1.9351218984124967,
    "6,7": 1.655951898412497,
    "7,8": 1.2809518984124981,
    "8,9": 1.1281718984124973,
    "9,10": 0.9823418984124976,
    "10,11": 0.55556,
    "10,14": 0.2809518984124982,
    "11,12": 0.41667,
    "12,13": 0.26111,
    "14,15": 0.11012189841249839,
    "15,16": 0.03234189841249837,
    "16,17": -0.051536885719927296,
    "17,18": -0.2918168857199273,
    "18,19": -0.6654268857199264,
    "19,3": -0.6820968857199234,
    "20,21": 0.39305,
    "20,23": 1.4536312158675742,
    "21,22": 0.13472,
    "23,24": 0.955721188240332,
    "23,28": 0.20763002762724256,
    "24,25": 0.7279411882403315,
    "25,26": 0.3550112158675737,
    "26,27": 0.1050112158675742,
    "27,16": 0.002231215867574168,
    "28,29": 0.1270700276272423,
    "29,30": 0.027070027627242328,
    "30,31": -0.0729299723727576,
    "31,32": -0.10209997237275752,
    "32,25": -0.32570997237275745,
    "33,34": 2.2132342435705934,
    "33,49": 0.6669608689023712,
    "33,50": 2.1753748875270333,
    "34,35": 2.1771242435705944,
    "35,36": 1.9757342435705965,
    "36,37": 1.696564243570598,
    "37,38": 1.3215642435705983,
    "38,39": 1.1687842435705975,
    "39,40": 1.0229542435705956,
    "40,41": 0.55556,
    "40,44": 0.3215642435705961,
    "41,42": 0.41667,
    "42,43": 0.26111,
    "44,45": 0.15073424357059576,
    "45,46": 0.0729542435705959,
    "46,57": 0.02324511247296947,
    "47,46": 0.03640086890237352,
    "48,47": 0.2766808689023734,
    "49,48": 0.6502908689023733,
    "50,51": 0.39305,
    "50,53": 1.4281548875270305,
    "51,52": 0.13472,
    "53,54": 0.9724316737020012,
    "53,58": 0.1654432138250288,
    "54,55": 0.744651673702001,
    "55,62": 0.3678967861749708,
    "56,55": -0.3295348875270303,
    "57,56": -0.07953488752703047,
    "58,59": 0.08488321382502897,
    "59,60": -0.015116786174971005,
    "60,61": -0.11511678617497144,
    "62,61": 0.14428678617497095
  },
  "h": {
    "1": 100,
    "2": 97.13818344616837,
    "3": 61.657004659019485,
    "4": 57.10810734476477,
    "5": 51.47327422700968,
    "6": 45.55873661212169,
    "7": 44.18324527478189,
    "8": 42.56837111719051,
    "9": 41.291970771145664,
    "10": 39.194492471476295,
    "11": 37.63499031064474,
    "12": 34.20724263705358,
    "13": 30.000000000000302,
    "14": 33.95634268000577,
    "15": 30.404051640370298,
    "16": 30.000000000000423,
    "17": 34.75328618717353,
    "18": 53.372415103186135,
    "19": 58.81047776976327,
    "20": 50.26842403378224,
    "21": 35.16020159229858,
    "22": 30.00000000000305,
    "23": 43.905157702314625,
    "24": 38.390746585594776,
    "25": 34.870554939717934,
    "26": 30.484719841106326,
    "27": 30.003895370110193,
    "28": 35.40847394932263,
    "29": 30.84542973001699,
    "30": 30.000000000000416,
    "31": 30.12238553125406,
    "32": 31.430816224950696,
    "33": 61.657004659019464,
    "34": 56.94937606105045,
    "35": 51.11456865075028,
    "36": 44.968092402243244,
    "37": 43.52947370454361,
    "38": 41.818499771075594,
    "39": 40.45570043953794,
    "40": 39.194492471478256,
    "41": 37.6349903106463,
    "42": 34.207242637054335,
    "43": 30.000000000000316,
    "44": 33.686750475350124,
    "45": 32.12160285042906,
    "46": 30.29887937435708,
    "47": 32.79537075992626,
    "48": 49.665570110932876,
    "49": 58.92635344448793,
    "50": 50.51136938723295,
    "51": 35.160201592298584,
    "52": 30.00000000000305,
    "53": 44.35309944058559,
    "54": 38.6587937498112,
    "55": 34.98748217412437,
    "56": 31.166655209500174,
    "57": 30.00000000000062,
    "58": 38.77397633275627,
    "59": 30.000000000000338,
    "60": 30.287387175453855,
    "61": 30.572395054560076,
    "62": 32.83261487790619
  },
  "l": {
    "1,2,6": 28.899999999999544,
    "2,3,6": 1349.9999999999966,
    "3,4,6": 899.9999999999527,
    "4,5,6": 1149.999999999951,
    "5,6,6": 1449.9999999999372,
    "6,7,6": 449.99999999990445,
    "7,8,6": 849.9999999997615,
    "8,9,6": 849.9999999994932,
    "9,10,5": 328.4799865894839,
    "9,10,6": 471.52001341046866,
    "10,11,5": 949.9999999992988,
    "11,12,4": 1199.999999998036,
    "12,13,4": 3499.9999999982247,
    "10,14,2": 389.8008197612392,
    "10,14,3": 410.19918023824346,
    "14,15,1": 499.99999999225605,
    "15,16,1": 549.9999999991528,
    "16,17,1": 2729.9999999990655,
    "17,18,2": 1749.9999999909257,
    "18,19,4": 799.9999999972571,
    "19,3,4": 399.9999999978567,
    "3,20,6": 2199.9999999999545,
    "20,21,2": 470.85508390512535,
    "20,21,3": 1029.1449160943573,
    "21,22,1": 499.99999999771285,
    "20,23,6": 2649.999999999831,
    "23,24,5": 1229.9999999994634,
    "24,25,5": 1299.999999999605,
    "25,26,3": 849.9999999970034,
    "26,27,2": 299.99999999864065,
    "27,16,1": 749.9999999992172,
    "23,28,2": 1499.9999999983318,
    "28,29,2": 1999.9999999980023,
    "29,30,1": 1599.999999999166,
    "30,31,2": 149.99999999695777,
    "31,32,2": 859.9999999987496,
    "32,25,3": 664.4302663243802,
    "32,25,4": 285.5697336752719,
    "2,33,6": 1349.9999999999964,
    "33,34,6": 899.9999999999502,
    "34,35,6": 1149.9999999999482,
    "35,36,6": 1449.999999999934,
    "36,37,6": 449.9999999998998,
    "37,38,6": 849.9999999997509,
    "38,39,6": 849.9999999994716,
    "39,40,5": 67.6128429587041,
    "39,40,6": 732.3871570412484,
    "40,41,5": 949.9999999992004,
    "41,42,4": 1199.9999999984102,
    "42,43,4": 3499.999999997839,
    "40,44,2": 245.41585171726553,
    "40,44,3": 554.5841482822171,
    "44,45,2": 499.99999999766254,
    "45,46,1": 549.9999999989119,
    "47,46,1": 2729.999999999155,
    "48,47,2": 1749.999999997675,
    "49,48,3": 434.7260481830664,
    "49,48,4": 365.27395181658585,
    "33,49,4": 399.99999999042996,
    "33,50,6": 2199.999999999953,
    "50,51,2": 490.7047734841447,
    "50,51,3": 1009.2952265153381,
    "51,52,1": 499.99999999771285,
    "50,53,6": 2649.9999999998186,
    "53,54,5": 1229.9999999994984,
    "54,55,5": 1299.999999999599,
    "56,55,3": 849.9999999984192,
    "57,56,1": 299.99999999852014,
    "46,57,1": 749.9999999991636,
    "53,58,2": 1499.9999999986178,
    "58,59,1": 1999.9999999966378,
    "59,60,1": 1599.999999999164,
    "60,61,2": 149.99999999826656,
    "62,61,2": 743.7077726074201,
    "62,61,3": 116.29222739206261,
    "55,62,4": 949.9999999988952
  },
  "D": {
    "1": 0,
    "2": 0.24722,
    "3": 0.23611,
    "4": 0.03611,
    "5": 0.20139,
    "6": 0.27917,
    "7": 0.375,
    "8": 0.15278,
    "9": 0.14583,
    "10": 0.14583,
    "11": 0.13889,
    "12": 0.15556,
    "13": 0.26111,
    "14": 0.17083,
    "15": 0.07778,
    "16": 0.08611,
    "17": 0.24028,
    "18": 0.37361,
    "19": 0.01667,
    "20": 0.35417,
    "21": 0.25833,
    "22": 0.13472,
    "23": 0.29028,
    "24": 0.22778,
    "25": 0.04722,
    "26": 0.25,
    "27": 0.10278,
    "28": 0.08056,
    "29": 0.1,
    "30": 0.1,
    "31": 0.02917,
    "32": 0.22361,
    "33": 0.23611,
    "34": 0.03611,
    "35": 0.20139,
    "36": 0.27917,
    "37": 0.375,
    "38": 0.15278,
    "39": 0.14583,
    "40": 0.14583,
    "41": 0.13889,
    "42": 0.15556,
    "43": 0.26111,
    "44": 0.17083,
    "45": 0.07778,
    "46": 0.08611,
    "47": 0.24028,
    "48": 0.37361,
    "49": 0.01667,
    "50": 0.35417,
    "51": 0.25833,
    "52": 0.13472,
    "53": 0.29028,
    "54": 0.22778,
    "55": 0.04722,
    "56": 0.25,
    "57": 0.10278,
    "58": 0.08056,
    "59": 0.1,
    "60": 0.1,
    "61": 0.02917,
    "62": 0.22361
  },
  "Diameters": {
    "1": 0.3048,
    "2": 0.4064,
    "3": 0.508,
    "4": 0.6096,
    "5": 0.762,
    "6": 1.016
  },
  "L": {
    "1,2": 28.9,
    "2,3": 1350,
    "2,33": 1350,
    "3,4": 900,
    "3,20": 2200,