{
  "iteration": 1,
  "objective": 172716.55371352984,
  "q": {
    "1,17": 0.006157680187283001,
    "1,31": 0.024310950949610288,
    "2,3": 0.002962679297840118,
    "2,18": -0.0016854904994257336,
    "3,4": 0.001603916973357851,
    "3,11": 0.0003387623620877775,
    "4,5": 0.00028354735704220677,
    "5,6": -0.0004922443847502362,
    "5,13": 0.00014579187386137214,
    "6,7": -0.0013519894632989238,
    "7,24": -0.0012464501628438752,
    "8,28": -0.00272971307351816,
    "9,36": -0.0020934373077101916,
    "10,11": 0.0038598899457368244,
    "10,32": -0.0025819196878461743,
    "11,19": 0.0021899321722811086,
    "11,26": 0.0002587201911797512,
    "12,4": -0.0005103697378385271,
    "12,13": 0.00024399263182055833,
    "13,14": -0.0007702153632656139,
    "14,20": -0.0007554472800714447,
    "14,21": -0.000554767943063673,
    "15,16": -0.00274361558264258,
    "15,22": 0.001172152702864111,
    "16,25": 0.0030051454453111468,
    "16,29": -0.0022473900467959826,
    "17,2": 0.0023171888670966414,
    "17,18": 0.0025704911304633084,
    "18,10": -0.0011349994844375851,
    "19,12": 0.0006436227705044695,
    "19,20": -0.00033369048058936424,
    "20,15": -0.002019137627490047,
    "21,6": -6.974524675480346e-05,
    "21,22": -0.0014450225397759987,
    "22,7": 0.0003655390350331247,
    "22,23": -0.0016084087140263788,
    "23,25": -0.002507166094345607,
    "24,8": -0.0018776925297202195,
    "24,23": -3.8757506097940007e-05,
    "25,8": -0.00027202059613487425,
    "26,15": 0.0015476746408438539,
    "26,27": -0.0029789544000104256,
    "27,16": 0.004711371017928826,
    "28,9": -0.0015744528065739921,
    "28,29": -0.0014552603290650952,
    "29,30": -0.00142165894869015,
    "29,33": -0.0029009915217881,
    "30,9": 2.101560616553927e-05,
    "30,35": -0.0019826746621815898,
    "31,10": 0.00352296985871542,
    "31,34": 0.019887980873059794,
    "32,27": 0.009110325502420255,
    "32,33": -0.012722245309449055,
    "33,34": -0.016393237035847396,
    "34,35": 0.0027547436293029605,
    "35,36": -0.0003879311762575012,
    "36,1": -0.002951368627472612,
    "37,1": 0.033909999999999996
  },
  "h": {
    "1": 120.99375845190889,
    "2": 112.2284499290378,
    "3": 109.34877176114935,
    "4": 106.9349941934188,
    "5": 106.8448701997343,
    "6": 107.13609552306208,
    "7": 107.90000000000688,
    "8": 110.2435061066271,
    "9": 114.5434306289088,
    "10": 113.9489648227924,
    "11": 109.26324900854247,
    "12": 106.88594187279614,
    "13": 106.8378319659777,
    "14": 107.06077857667343,
    "15": 108.41914055715009,
    "16": 112.23281068639298,
    "17": 117.9447343239917,
    "18": 113.60740314227974,
    "19": 107.02770517272536,
    "20": 107.13225341191465,
    "21": 107.13121867555812,
    "22": 108.07014305895756,
    "23": 108.87549972920917,
    "24": 108.87385020341763,
    "25": 110.20092765849895,
    "26": 109.24133350261886,
    "27": 113.62141953031033,
    "28": 113.23289134635553,
    "29": 114.1937132183239,
    "30": 114.54374294104419,
    "31": 119.96215913439298,
    "32": 114.87764547802723,
    "33": 119.16787872520548,
    "34": 119.3969474364424,
    "35": 115.91502595950263,
    "36": 115.96135839356462,
    "37": 121
  },
  "l": {
    "1,17,2": 132.7599999666585,
    "17,2,1": 374.67999999418873,
    "2,3,1": 119.73999999019446,
    "3,4,1": 312.7199999944441,
    "4,5,1": 289.08999999497826,
    "5,6,1": 336.3299999950565,
    "6,7,1": 135.80999999580703,
    "7,24,1": 201.259999993814,
    "24,8,1": 132.52999999335918,
    "8,28,1": 144.65999999008864,
    "28,9,1": 175.71999999448659,
    "9,36,1": 112.16999999410137,
    "36,1,1": 210.73999999334657,
    "1,31,5": 75.40999999678155,
    "31,10,1": 181.41999999080286,
    "10,11,1": 110.35133879798474,
    "10,11,2": 36.60866119527397,
    "11,19,1": 162.68999999338794,
    "19,12,1": 99.63999999479469,
    "12,4,1": 52.979999994588624,
    "2,18,1": 162.969999994534,
    "18,10,1": 83.95999999481643,
    "10,32,1": 49.819999993647,
    "32,27,3": 78.49999999485983,
    "27,16,2": 99.26999997327886,
    "16,25,1": 82.28999998281729,
    "25,8,1": 147.48999999491434,
    "3,11,1": 197.319999994942,
    "11,26,1": 83.2999999947812,
    "26,15,1": 113.79999999364942,
    "15,22,1": 80.81999999359192,
    "22,7,1": 340.9699999948751,
    "5,13,1": 77.38999999476853,
    "13,14,1": 112.36999999493666,
    "14,20,1": 37.339999994149004,
    "20,15,1": 108.84999999427873,
    "15,16,1": 182.81999999056467,
    "16,29,1": 136.01999999372111,
    "29,30,1": 56.69999999432017,
    "30,9,1": 124.07999999488523,
    "17,18,1": 234.59999999394236,
    "12,13,1": 203.82999999494638,
    "19,20,1": 248.04999999500225,
    "14,21,1": 65.18999999485979,
    "21,6,1": 210.08999999496555,
    "21,22,1": 147.56999999496293,
    "22,23,1": 103.79999999434702,
    "24,23,1": 210.94999999496355,
    "23,25,1": 75.07999998921143,
    "26,27,1": 180.28999999115925,
    "28,29,1": 149.04999999456467,
    "29,33,1": 215.04999999255364,
    "32,33,3": 144.4399999863915,
    "33,34,5": 34.73999999101582,
    "31,34,5": 59.92999999603457,
    "34,35,1": 165.66999999357037,
    "30,35,1": 119.96999999421593,
    "35,36,1": 83.1699999947884,
    "37,1,6": 0.999999997283959
  },
  "D": {
    "1": 0.00049,
    "2": 0.00104,
    "3": 0.00102,
    "4": 0.00081,
    "5": 0.00063,
    "6": 0.00079,
    "7": 0.00026,
    "8": 0.00058,
    "9": 0.00054,
    "10": 0.00111,
    "11": 0.00175,
    "12": 0.00091,
    "13": 0.00116,
    "14": 0.00054,
    "15": 0.0011,
    "16": 0.00121,
    "17": 0.00127,
    "18": 0.00202,
    "19": 0.00188,
    "20": 0.00093,
    "21": 0.00096,
    "22": 0.00097,
    "23": 0.00086,
    "24": 0.00067,
    "25": 0.00077,
    "26": 0.00169,
    "27": 0.00142,
    "28": 0.0003,
    "29": 0.00062,
    "30": 0.00054,
    "31": 0.0009,
    "32": 0.00103,
    "33": 0.00077,
    "34": 0.00074,
    "35": 0.00116,
    "36": 0.00047,
    "37": 0
  },
  "L": {
    "1,17": 132.76,
    "1,31": 75.41,
    "2,3": 119.74,
    "2,18": 162.97,
    "3,4": 312.72,
    "3,11": 197.32,
    "4,5": 289.09,
    "5,6": 336.33,
    "5,13": 77.39,
    "6,7": 135.81,
    "7,24": 201.26,
    "8,28": 144.66,
    "9,36": 112.17,
    "10,11": 146.96,
    "10,32": 49.82,
    "11,19": 162.69,
    "11,26": 83.3,
    "12,4": 52.98,
    "12,13": 203.83,
    "13,14": 112.37,
    "14,20": 37.34,
    "14,21": 65.19,
    "15,16": 182.82,
    "15,22": 80.82,
    "16,25": 82.29,
    "16,29": 136.02,
    "17,2": 374.68,
    "17,18": 234.6,
    "18,10": 83.96,
    "19,12": 99.64,
    "19,20": 248.05,
    "20,15": 108.85,
    "21,6": 210.09,
    "21,22": 147.57,
    "22,7": 340.97,
    "22,23": 103.8,
    "23,25": 75.08,
    "24,8": 132.53,
    "24,23": 210.95,
    "25,8": 147.49,
    "26,15": 113.8,
    "26,27": 180.29,
    "27,16": 99.27,
    "28,9": 175.72,
    "28,29": 149.05,
    "29,30": 56.7,
    "29,33": 215.05,
    "30,9": 124.08,
    "30,35": 119.97,
    "31,10": 181.42,
    "31,34": 59.93,
    "32,27": 78.5,
    "32,33": 144.44,
    "33,34": 34.74,
    "34,35": 165.67,
    "35,36": 83.17,
    "36,1": 210.74,
    "37,1": 1
  },
  "C": {
    "1": 19.8,
    "2": 24.5,
    "3": 27.2,
    "4": 37,
    "5": 39.4,
    "6": 54.4,
    "7": 72.9,
    "8": 90.7,
    "9": 119.5,
    "10": 139.1,
    "11": 164.4,
    "12": 186,
    "13": 241.3
  },
  "hmin": {
    "1": 105.15,
    "2": 104.4,
    "3": 103.35,
    "4": 102.5,
    "5": 101.24000000000001,
    "6": 105.4,
    "7": 107.9,
    "8": 106.5,
    "9": 106,
    "10": 104.17,
    "11": 103.7,
    "12": 102.64,
    "13": 101.9,
    "14": 102.6,
    "15": 103.5,
    "16": 104.3,
    "17": 105.5,
    "18": 104.1,
    "19": 102.9,
    "20": 102.83,
    "21": 102.8,
    "22": 103.9,
    "23": 104.2,
    "24": 107.5,
    "25": 104.4,
    "26": 103.4,
    "27": 103.9,
    "28": 105.65,
    "29": 104.5,
    "30": 104.1,
    "31": 104.4,
    "32": 104.2,
    "33": 104.6,
    "34": 104.7,
    "35": 105.43,
    "36": 105.9,
    "37": 121
  },