{
  "iteration": 1,
  "objective": 18380237.569180205,
  "q": {
    "1,2": 15.886150000000395,
    "2,3": 5.055570000002744,
    "2,33": 5.291679999998947,
    "2,63": 5.291679999998703,
    "3,4": 2.2134567080719325,
    "3,20": 2.175304896497196,
    "4,5": 2.177346708071707,
    "5,6": 1.9759567080705223,
    "6,7": 1.6967867080705403,
    "7,8": 1.3217867080704515,
    "8,9": 1.1690067080704758,
    "9,10": 1.0231767080703782,
    "10,11": 0.55556,
    "10,14": 0.3217867080705968,
    "11,12": 0.41667,
    "12,13": 0.26111,
    "14,15": 0.15095670807057704,
    "15,16": 0.07317670807053314,
    "16,17": -0.03624839543256975,
    "17,18": -0.2765283954325729,
    "18,19": -0.6501383954325793,
    "19,3": -0.6668083954325832,
    "20,21": 0.39305,
    "20,23": 1.4280848964972759,
    "21,22": 0.13472,
    "23,24": 0.9723792166724872,
    "23,28": 0.1654256798246603,
    "24,25": 0.7445992166724905,
    "25,26": 0.3294648964968961,
    "26,27": 0.07946489649692913,
    "27,16": -0.0233151035030622,
    "28,29": 0.08486567982456003,
    "29,30": -0.01513432017543862,
    "30,31": -0.11513432017550859,
    "31,32": -0.1443043201754615,
    "32,25": -0.36791432017549336,
    "33,34": 2.1727268357651135,
    "33,49": 0.6820783202173494,
    "33,50": 2.200764844016499,
    "34,35": 2.136616835765436,
    "35,36": 1.9352268357658686,
    "36,37": 1.6560568357654641,
    "37,38": 1.281056835765405,
    "38,39": 1.1282768357654351,
    "39,40": 0.9824468357652865,
    "40,41": 0.55556,
    "40,44": 0.28105683576532436,
    "41,42": 0.41667,
    "42,43": 0.26111,
    "44,45": 0.1102268357654042,
    "45,46": 0.032446835765411054,
    "46,57": -0.002144844016987115,
    "47,46": 0.05151832021759609,
    "48,47": 0.2917983202175919,
    "49,48": 0.665408320217251,
    "50,51": 0.39305,
    "50,53": 1.453544844016792,
    "51,52": 0.13472,
    "53,54": 0.9556561101228837,
    "53,58": 0.2076087338942019,
    "54,55": 0.7278761101227487,
    "55,62": 0.3257312661058604,
    "56,55": -0.3549248440169639,
    "57,56": -0.10492484401699124,
    "58,59": 0.12704873389415242,
    "59,60": 0.027048733894159592,
    "60,61": -0.07295126610585943,
    "62,61": 0.1021212661058815,
    "63,64": 2.172726835764253,
    "63,79": 0.6820783202177568,
    "63,80": 2.2007648440176832,
    "64,65": 2.1366168357636175,
    "65,66": 1.9352268357640934,
    "66,67": 1.6560568357642143,
    "67,68": 1.2810568357643515,
    "68,69": 1.1282768357643558,
    "69,70": 0.9824468357643936,
    "70,71": 0.55556,
    "70,74": 0.2810568357644231,
    "71,72": 0.41667,
    "72,73": 0.26111,
    "74,75": 0.1102268357644555,
    "75,76": 0.03244683576445075,
    "76,87": -0.0021448440175041825,
    "77,76": 0.0515183202177268,
    "78,77": 0.2917983202177197,
    "79,78": 0.6654083202179331,
    "80,81": 0.39305,
    "80,83": 1.4535448440179322,
    "81,82": 0.13472,
    "83,84": 0.9556561101235637,
    "83,88": 0.207608733894281,
    "84,85": 0.7278761101231551,
    "85,92": 0.325731266105628,
    "86,85": -0.3549248440175104,
    "87,86": -0.10492484401752118,
    "88,89": 0.12704873389433705,
    "89,90": 0.027048733894341377,
    "90,91": -0.07295126610563217,
    "92,91": 0.10212126610565297
  },
  "h": {
    "1": 105,
    "2": 104.79869455150866,
    "3": 61.6513303111807,
    "4": 56.94282532786163,
    "5": 51.10691367643546,
    "6": 44.95915562809412,
    "7": 43.520187547734245,
    "8": 41.80868017134773,
    "9": 40.44540040499319,
    "10": 39.1944924714729,
    "11": 37.63499031064393,
    "12": 34.20724263705046,
    "13": 30.00000000000001,
    "14": 33.70300708701059,
    "15": 32.13357873024375,
    "16": 30.300548174335592,
    "17": 32.77770751570728,
    "18": 49.63069316078454,
    "19": 58.921835099432705,
    "20": 50.50635916179765,
    "21": 35.160201592313676,
    "22": 30.00000000000011,
    "23": 44.34864814552408,
    "24": 38.65491132913402,
    "25": 34.98407871396932,
    "26": 31.16475454539021,
    "27": 30.00000000000002,
    "28": 38.770620050938106,
    "29": 30.00000000000001,
    "30": 30.288004828286663,
    "31": 30.57309310967828,
    "32": 32.82902121125527,
    "33": 61.65121573443319,
    "34": 57.1019115067702,
    "35": 51.4665658157915,
    "36": 45.55143419113279,
    "37": 44.17578142055849,
    "38": 42.56066224828863,
    "39": 41.284042015056194,
    "40": 39.19449247147282,
    "41": 37.63499031064387,
    "42": 34.207242637050435,
    "43": 30.00000000000001,
    "44": 33.96504565611696,
    "45": 30.406482960964784,
    "46": 30.000000000000014,
    "47": 34.75011547496378,
    "48": 53.36705065253679,
    "49": 58.80483233197503,
    "50": 50.26346283189745,
    "51": 35.160201592313676,
    "52": 30.00000000000011,
    "53": 43.90089671005399,
    "54": 38.387180987899036,
    "55": 34.86757215530383,
    "56": 30.483713017909018,
    "57": 30.003620716833115,
    "58": 35.40582669535368,
    "59": 30.84419850893379,
    "60": 30.000000000000014,
    "61": 30.12245171796398,
    "62": 31.43138783637076,
    "63": 61.65121573448076,
    "64": 57.101911506821104,
    "65": 51.46656581585129,
    "66": 45.551434191200585,
    "67": 44.175781420628205,
    "68": 42.560662248362526,
    "69": 41.28404201513235,
    "70": 39.19449247147282,
    "71": 37.63499031064387,
    "72": 34.207242637050435,
    "73": 30.00000000000001,
    "74": 33.96504565603567,
    "75": 30.40648296094248,
    "76": 30.000000000000014,
    "77": 34.75011547498623,
    "78": 53.367050652569496,
    "79": 58.80483233201945,
    "80": 50.26346283193368,
    "81": 35.160201592313676,
    "82": 30.00000000000011,
    "83": 43.9008967100833,
    "84": 38.38718098792106,
    "85": 34.86757215532223,
    "86": 30.48371301791447,
    "87": 30.00362071683473,
    "88": 35.405826695376994,
    "89": 30.844198508944295,
    "90": 30.000000000000014,
    "91": 30.122451717962285,
    "92": 31.431387836363733
  },
  "l": {
    "1,2,6": 0.9999999999999966,
    "2,3,6": 1786.5,
    "3,4,6": 899.9999999999982,
    "4,5,6": 1149.9999999999982,
    "5,6,6": 1449.9999999999975,
    "6,7,6": 449.99999999999636,
    "7,8,6": 849.999999999991,
    "8,9,6": 849.9999999999808,
    "9,10,5": 64.79363678810014,
    "9,10,6": 735.2063632118982,
    "10,11,5": 949.999999999971,
    "11,12,4": 1199.9999999999422,
    "12,13,4": 3499.9999999999213,
    "10,14,2": 242.65660321354005,
    "10,14,3": 557.3433967864412,
    "14,15,2": 499.9999999999158,
    "15,16,1": 549.9999999999604,
    "16,17,1": 2729.9999999999695,
    "17,18,2": 1749.9999999999159,
    "18,19,3": 438.4183277635762,
    "18,19,4": 361.5816722364113,
    "19,3,4": 399.99999999965286,
    "3,20,6": 2199.999999999998,
    "20,21,2": 490.29541632440635,
    "20,21,3": 1009.7045836755751,
    "21,22,1": 499.999999999917,
    "20,23,6": 2649.9999999999936,
    "23,24,5": 1229.9999999999818,
    "24,25,5": 1299.9999999999854,
    "25,26,3": 849.9999999999425,
    "26,27,1": 299.99999999994657,
    "27,16,1": 749.9999999999696,
    "23,28,2": 1499.99999999995,
    "28,29,1": 1999.9999999998786,
    "29,30,1": 1599.9999999999698,
    "30,31,2": 149.9999999999371,
    "31,32,2": 741.1990234051092,
    "31,32,3": 118.80097659487203,
    "32,25,4": 949.9999999999599,
    "2,33,6": 1641.6899999999998,
    "33,34,6": 899.9999999999983,
    "34,35,6": 1149.9999999999982,
    "35,36,6": 1449.9999999999977,
    "36,37,6": 449.99999999999653,
    "37,38,6": 849.9999999999914,
    "38,39,6": 849.9999999999816,
    "39,40,5": 326.1335306343894,
    "39,40,6": 473.86646936560885,
    "40,41,5": 949.9999999999745,
    "41,42,4": 1199.9999999999286,
    "42,43,4": 3499.9999999999354,
    "40,44,2": 387.92646572392545,
    "40,44,3": 412.0735342760558,
    "44,45,1": 499.99999999971584,
    "45,46,1": 549.9999999999693,
    "47,46,1": 2729.999999999966,
    "48,47,2": 1749.9999999996735,
    "49,48,4": 799.9999999999003,
    "33,49,4": 399.99999999992207,
    "33,50,6": 2199.999999999998,
    "50,51,2": 470.44973218218865,