{
  "iteration": 0,
  "objective": 403389.780167256,
  "solve_time": 0.28230857849121094,
  "q": {
    "1,2": 0.31109,
    "2,3": 0.10230658140772451,
    "2,4": 0.18101341859227546,
    "3,5": 0.07453658140772453,
    "4,5": 0.0002710063721648828,
    "4,6": 0.1474124122201106,
    "5,7": -0.0001924122201105739,
    "6,7": 0.055742412220110574
  },
  "h": {
    "1": 210,
    "2": 203.25085128967942,
    "3": 190.0000000000093,
    "4": 198.85728521223018,
    "5": 180.00000000002544,
    "6": 195.0000000000014,
    "7": 190.00000000001464
  },
  "l": {
    "1,2,11": 999.9999999939902,
    "2,3,7": 795.4614089575582,
    "2,3,8": 204.53859103714944,
    "2,4,10": 999.9999999969614,
    "4,5,1": 999.9999999855626,
    "4,6,9": 310.1829423653483,
    "4,6,10": 689.8170576334637,
    "6,7,6": 11.177148033347446,
    "6,7,7": 988.8228519641539,
    "3,5,6": 98.42576324950524,
    "3,5,7": 901.5742367479961,
    "5,7,1": 999.9999999858051
  },
  "D": {
    "1": -0.31109,
    "2": 0.02777,
    "3": 0.02777,
    "4": 0.03333,
    "5": 0.075,
    "6": 0.09167,
    "7": 0.05555
  },
  "Diameters": {
    "1": 0.0254,
    "2": 0.0508,
    "3": 0.0762,
    "4": 0.1016,
    "5": 0.1524,
    "6": 0.2032,
    "7": 0.254,
    "8": 0.3048,
    "9": 0.3556,
    "10": 0.4064,
    "11": 0.4572,
    "12": 0.508,
    "13": 0.5588,
    "14": 0.6096
  },
  "L": {
    "1,2": 1000,
    "2,3": 1000,
    "2,4": 1000,
    "3,5": 1000,
    "4,5": 1000,
    "4,6": 1000,
    "5,7": 1000,
    "6,7": 1000
  },
  "C": {
    "1": 2,
    "2": 5,
    "3": 8,
    "4": 11,
    "5": 16,
    "6": 23,
    "7": 32,
    "8": 50,
    "9": 60,
    "10": 90,
    "11": 130,
    "12": 170,
    "13": 300,
    "14": 550
  },
  "hmin": {
    "1": 210,
    "2": 180,
    "3": 190,
    "4": 185,
    "5": 180,
    "6": 195,
    "7": 190
  },
  "nodes": [
    1,
    2,
    3,
    4,
    5,
    6,
    7
  ],
  "arcs": [
    [
      1,
      2
    ],
    [
      2,
      3
    ],
    [
      2,
      4
    ],
    [
      4,
      5
    ],
    [
      4,
      6
    ],
    [
      6,
      7
    ],
    [
      3,
      5
    ],
    [
      5,
      7
    ]
  ],
  "source": [
    1
  ]
}