{
  "iteration": 0,
  "objective": 67378875.57392937,
  "solve_time": 1.1504273414611816,
  "q": {
    "1,17": 0.005166893395417332,
    "1,31": 0.025633874241088216,
    "2,3": 0.0019525628274349692,
    "2,18": -0.001176362742440298,
    "3,4": 0.001431680179850132,
    "3,11": -0.0004991173529344876,
    "4,5": 0.00020635347687564953,
    "5,6": -0.0005518651349660425,
    "5,13": 0.00012821866922377772,
    "6,7": -0.0013740622239624156,
    "7,24": -0.0011692838577841732,
    "8,28": -0.001596088671232447,
    "9,36": -0.0015479547729389926,
    "10,11": 0.004880422807416555,
    "10,32": -0.001359086243611582,
    "11,19": 0.002072264654535992,
    "11,26": 0.0005590408103911095,
    "12,4": -0.00041532675907475665,
    "12,13": 0.0001602662838545767,
    "13,14": -0.000871514996321703,
    "14,20": -0.0008013799918648875,
    "14,21": -0.0006101349677441103,
    "15,16": -0.003841063154076903,
    "15,22": 0.001333049459966921,
    "16,25": 0.004092861113084845,
    "16,29": -0.0011707811589382188,
    "17,2": 0.0018162001517608945,
    "17,18": 0.002080692990584461,
    "18,10": -0.0011156698325661216,
    "19,12": 0.0006549394681096329,
    "19,20": -0.00046267476669452687,
    "20,15": -0.002194054709202213,
    "21,6": -3.219727450174632e-05,
    "21,22": -0.0015379376464562367,
    "22,7": 0.0004647781640577929,
    "22,23": -0.0016396662275528807,
    "23,25": -0.0030635133121695943,
    "24,8": -0.0012754365908113662,
    "24,23": -0.0005638471669282335,
    "25,8": 0.00025934785898363156,
    "26,15": 0.0007860409504237619,
    "26,27": -0.0019170001020276154,
    "27,16": 0.00797314309220235,
    "28,9": -0.0009826737700492636,
    "28,29": -0.000913414886988912,
    "29,30": -0.0008715220447070929,
    "29,33": -0.001832674001896131,
    "30,9": -2.528099082613061e-05,
    "30,35": -0.0013862410655400765,
    "31,10": 0.0057470064556974345,
    "31,34": 0.018986867458354033,
    "32,27": 0.011310143194292905,
    "32,33": -0.013699229459079497,
    "33,34": -0.01630190349166561,
    "34,35": 0.0019449639314990178,
    "35,36": -0.0006012771778670173,
    "36,1": -0.002619232008764581,
    "37,1": 0.033909999999999996
  },
  "h": {
    "1": 120.95881234617904,
    "2": 111.45881669159846,
    "3": 109.29606044327926,
    "4": 106.11662286533773,
    "5": 106.03529077476786,
    "6": 106.62036110487092,
    "7": 107.90000000000317,
    "8": 110.39424666321528,
    "9": 113.0829053965315,
    "10": 113.1483286012319,
    "11": 109.5810377518214,
    "12": 106.06218038498181,
    "13": 106.02627135881816,
    "14": 106.48189605908391,
    "15": 109.05149136538658,
    "16": 111.89951749012666,
    "17": 117.37715147249344,
    "18": 112.61045979521121,
    "19": 106.30019635758092,
    "20": 106.61150979738265,
    "21": 106.61846678162024,
    "22": 108.3315419958342,
    "23": 109.68826840815605,
    "24": 109.30641358766613,
    "25": 110.45761044724377,
    "26": 109.43262260800172,
    "27": 112.58004959761699,
    "28": 112.19302596960337,
    "29": 112.85228654447147,
    "30": 113.08219049969014,
    "31": 119.10889247091332,
    "32": 113.60831503989613,
    "33": 116.30643582296204,
    "34": 117.20202293382806,
    "35": 114.23120596085262,
    "36": 114.40078841383956,
    "37": 121
  },
  "l": {
    "1,17,2": 132.7599999984159,
    "17,2,1": 374.67999999748497,
    "2,3,1": 119.73999999685194,
    "3,4,1": 312.71999999750244,
    "4,5,1": 289.0899999979104,
    "5,6,1": 336.32999999797045,
    "6,7,1": 135.80999999863442,
    "7,24,1": 201.2599999963942,
    "24,8,1": 132.52999999713177,
    "8,28,1": 144.65999999701526,
    "28,9,1": 175.71999999777617,
    "9,36,1": 112.16999999754518,
    "36,1,1": 210.73999999590202,
    "1,31,4": 75.40999999931219,
    "31,10,2": 181.41999999843247,
    "10,11,2": 146.95999999854575,
    "11,19,1": 162.68999999636486,
    "19,12,1": 99.63999999786928,
    "12,4,1": 52.9799999979052,
    "2,18,1": 162.96999999780292,
    "18,10,1": 83.95999999797756,
    "10,32,1": 49.81999999797091,
    "32,27,3": 78.49999999908597,
    "27,16,3": 99.26999999904403,
    "16,25,2": 82.28999999847483,
    "25,8,1": 147.48999999790874,
    "3,11,1": 197.3199999979225,
    "11,26,1": 83.29999999785038,
    "26,15,1": 113.79999999768272,
    "15,22,1": 80.8199999960661,
    "22,7,1": 340.96999999771367,
    "5,13,1": 77.38999999791764,
    "13,14,1": 112.36999999799735,
    "14,20,1": 37.3399999976835,
    "20,15,1": 108.8499999963842,
    "15,16,2": 182.81999999837606,
    "16,29,1": 136.01999999769237,
    "29,30,1": 56.699999997804696,
    "30,9,1": 124.07999999791664,
    "17,18,1": 234.59999999721416,
    "12,13,1": 203.8299999979114,
    "19,20,1": 248.04999999794435,
    "14,21,1": 65.18999999807103,
    "21,6,1": 210.08999999791757,
    "21,22,1": 147.56999999776755,
    "22,23,1": 103.79999999679445,
    "24,23,1": 210.94999999781754,
    "23,25,2": 75.07999999820042,
    "26,27,1": 180.28999999730817,
    "28,29,1": 149.0499999978098,
    "29,33,1": 215.049999997392,
    "32,33,3": 144.43999999894328,
    "33,34,3": 34.739999998232264,
    "31,34,3": 52.863629685453134,
    "31,34,4": 7.066370314287948,
    "34,35,1": 165.66999999744522,
    "30,35,1": 119.96999999763528,
    "35,36,1": 83.16999999790723,
    "37,1,4": 0.9999999978418048
  },
  "D": {
    "1": 0.00049,
    "2": 0.00104,
    "3": 0.00102,
    "4": 0.00081,
    "5": 0.00063,
    "6": 0.00079,
    "7": 0.00026,
    "8": 0.00058,
    "9": 0.00054,
    "10": 0.00111,
    "11": 0.00175,
    "12": 0.00091,
    "13": 0.00116,
    "14": 0.00054,
    "15": 0.0011,
    "16": 0.00121,
    "17": 0.00127,
    "18": 0.00202,
    "19": 0.00188,
    "20": 0.00093,
    "21": 0.00096,
    "22": 0.00097,
    "23": 0.00086,
    "24": 0.00067,
    "25": 0.00077,
    "26": 0.00169,
    "27": 0.00142,
    "28": 0.0003,
    "29": 0.00062,
    "30": 0.00054,
    "31": 0.0009,
    "32": 0.00103,
    "33": 0.00077,
    "34": 0.00074,
    "35": 0.00116,
    "36": 0.00047,
    "37": 0
  },
  "Diameters": {
    "1": 0.06,
    "2": 0.08,
    "3": 0.125,
    "4": 0.15,
    "5": 0.2,
    "6": 0.25,
    "7": 0.3
  },
  "L": {
    "1,17": 132.76,
    "1,31": 75.41,
    "2,3": 119.74,
    "2,18": 162.97,
    "3,4": 312.72,
    "3,11": 197.32,
    "4,5": 289.09,
    "5,6": 336.33,
    "5,13": 77.39,
    "6,7": 135.81,
    "7,24": 201.26,
    "8,28": 144.66,
    "9,36": 112.17,
    "10,11": 146.96,
    "10,32": 49.82,
    "11,19": 162.69,
    "11,26": 83.3,
    "12,4": 52.98,
    "12,13": 203.83,
    "13,14": 112.37,
    "14,20": 37.34,
    "14,21": 65.19,
    "15,16": 182.82,
    "15,22": 80.82,
    "16,25": 82.29,
    "16,29": 136.02,
    "17,2": 374.68,
    "17,18": 234.6,
    "18,10": 83.96,
    "19,12": 99.64,
    "19,20": 248.05,
    "20,15": 108.85,
    "21,6": 210.09,
    "21,22": 147.57,
    "22,7": 340.97,
    "22,23": 103.8,
    "23,25": 75.08,
    "24,8": 132.53,
    "24,23": 210.95,
    "25,8": 147.49,
    "26,15": 113.8,
    "26,27": 180.29,
    "27,16": 99.27,
    "28,9": 175.72,
    "28,29": 149.05,
    "29,30": 56.7,
    "29,33": 215.05,
    "30,9": 124.08,
    "30,35": 119.97,
    "31,10": 181.42,
    "31,34": 59.93,
    "32,27": 78.5,
    "32,33": 144.44,
    "33,34": 34.74,
    "34,35": 165.67,
    "35,36": 83.17,
    "36,1": 210.74,
    "37,1": 1
  },
  "C": {
    "1": 6890,
    "2": 9980,
    "3": 19210,
    "4": 30100,
    "5": 60790,
    "6": 69790,
    "7": 110750
  },
  "hmin": {
    "1": 105.15,
    "2": 104.4,
    "3": 103.35,
    "4": 102.5,
    "5": 101.24000000000001,
    "6": 105.4,
    "7": 107.9,
    "8": 106.5,
    "9": 106,
    "10": 104.17,
    "11": 103.7,
    "12": 102.64,
    "13": 101.9,
    "14": 102.6,
    "15": 103.5,
    "16": 104.3,
    "17": 105.5,
    "18": 104.1,
    "19": 102.9,
    "20": 102.83,
    "21": 102.8,
    "22": 103.9,
    "23": 104.2,
    "24": 107.5,
    "25": 104.4,
    "26": 103.4,
    "27": 103.9,
    "28": 105.65,
    "29": 104.5,
    "30": 104.1,
    "31": 104.4,
    "32": 104.2,
    "33": 104.6,