{
  "iteration": 0,
  "objective": 6056039.501446829,
  "solve_time": 1.3248882293701172,
  "q": {
    "1,2": 5.538899999999999,
    "2,3": 5.291679999999999,
    "3,4": 2.213168827589892,
    "3,20": 2.1753953967824877,
    "4,5": 2.1770588275898914,
    "5,6": 1.9756688275898926,
    "6,7": 1.6964988275898927,
    "7,8": 1.3214988275898925,
    "8,9": 1.1687188275898925,
    "9,10": 1.0228888275898922,
    "10,11": 0.55556,
    "10,14": 0.3214988275898922,
    "11,12": 0.41667,
    "12,13": 0.26111,
    "14,15": 0.15066882758989217,
    "15,16": 0.07288882758989217,
    "16,17": -0.03644577562761995,
    "17,18": -0.27672577562761996,
    "18,19": -0.65033577562762,
    "19,3": -0.6670057756276196,
    "20,21": 0.39305,
    "20,23": 1.428175396782488,
    "21,22": 0.13472,
    "23,24": 0.9724470442882487,
    "23,28": 0.16544835249423936,
    "24,25": 0.7446670442882484,
    "25,26": 0.329555396782488,
    "26,27": 0.07955539678248791,
    "27,16": -0.023224603217512105,
    "28,29": 0.08488835249423934,
    "29,30": -0.015111647505760661,
    "30,31": -0.1151116475057607,
    "31,32": -0.14428164750576067,
    "32,25": -0.36789164750576075
  },
  "h": {
    "1": 100,
    "2": 97.13984650798174,
    "3": 61.658667720832824,
    "4": 56.951296810856206,
    "5": 51.116814085830086,
    "6": 44.9707147288673,
    "7": 43.5321987601761,
    "8": 41.82138167174994,
    "9": 40.45872359788529,
    "10": 39.19449247147824,
    "11": 37.634990310646295,
    "12": 34.207242637054335,
    "13": 30.000000000000316,
    "14": 33.68197882772497,
    "15": 32.118088934250856,
    "16": 30.29839118096348,
    "17": 32.8005894480577,
    "18": 49.67586014782903,
    "19": 58.92767599564953,
    "20": 50.512837839859685,
    "21": 35.160201592298584,
    "22": 30.00000000000305,
    "23": 44.354404107148646,
    "24": 38.65993172388938,
    "25": 34.98847980114656,
    "26": 31.167212425315647,
    "27": 30.00000000000062,
    "28": 38.77496006631824,
    "29": 30.000000000000338,
    "30": 30.287206276247275,
    "31": 30.572190593926205,
    "32": 32.83366824706304
  },
  "l": {
    "1,2,6": 99.99999999999675,
    "2,3,6": 1349.9999999999964,
    "3,4,6": 899.9999999999502,
    "4,5,6": 1149.9999999999482,
    "5,6,6": 1449.999999999934,
    "6,7,6": 449.9999999998998,
    "7,8,6": 849.9999999997509,
    "8,9,6": 849.9999999994716,
    "9,10,5": 68.44080535408695,
    "9,10,6": 731.5591946458655,
    "10,11,5": 949.9999999992006,
    "11,12,4": 1199.9999999984095,
    "12,13,4": 3499.99999999784,
    "10,14,2": 246.2274415410336,
    "10,14,3": 553.7725584584491,
    "14,15,2": 499.99999999765896,
    "15,16,1": 549.9999999989125,
    "16,17,1": 2729.9999999991546,
    "17,18,2": 1749.9999999976742,
    "18,19,3": 433.63637237732115,
    "18,19,4": 366.363627622331,
    "19,3,4": 399.99999999042933,
    "3,20,6": 2199.999999999953,
    "20,21,2": 490.8247524357411,
    "20,21,3": 1009.1752475637417,
    "21,22,1": 499.9999999977128,
    "20,23,6": 2649.999999999819,
    "23,24,5": 1229.9999999994982,
    "24,25,5": 1299.999999999599,
    "25,26,3": 849.9999999984203,
    "26,27,1": 299.99999999851906,
    "27,16,1": 749.9999999991638,
    "23,28,2": 1499.9999999986178,
    "28,29,1": 1999.9999999966349,
    "29,30,1": 1599.999999999164,
    "30,31,2": 149.9999999982666,
    "31,32,2": 744.4432488950675,
    "31,32,3": 115.55675110441506,
    "32,25,4": 949.9999999988952
  },
  "D": {
    "1": 0,
    "2": 0.24722,
    "3": 0.23611,
    "4": 0.03611,
    "5": 0.20139,
    "6": 0.27917,
    "7": 0.375,
    "8": 0.15278,
    "9": 0.14583,
    "10": 0.14583,
    "11": 0.13889,
    "12": 0.15556,
    "13": 0.26111,
    "14": 0.17083,
    "15": 0.07778,
    "16": 0.08611,
    "17": 0.24028,
    "18": 0.37361,
    "19": 0.01667,
    "20": 0.35417,
    "21": 0.25833,
    "22": 0.13472,
    "23": 0.29028,
    "24": 0.22778,
    "25": 0.04722,
    "26": 0.25,
    "27": 0.10278,
    "28": 0.08056,
    "29": 0.1,
    "30": 0.1,
    "31": 0.02917,
    "32": 0.22361
  },
  "Diameters": {
    "1": 0.3048,
    "2": 0.4064,
    "3": 0.508,
    "4": 0.6096,
    "5": 0.762,
    "6": 1.016
  },
  "L": {
    "1,2": 100,
    "2,3": 1350,
    "3,4": 900,
    "3,20": 2200,
    "4,5": 1150,
    "5,6": 1450,
    "6,7": 450,
    "7,8": 850,
    "8,9": 850,
    "9,10": 800,
    "10,11": 950,
    "10,14": 800,
    "11,12": 1200,
    "12,13": 3500,
    "14,15": 500,
    "15,16": 550,
    "16,17": 2730,
    "17,18": 1750,
    "18,19": 800,
    "19,3": 400,
    "20,21": 1500,
    "20,23": 2650,
    "21,22": 500,
    "23,24": 1230,
    "23,28": 1500,
    "24,25": 1300,
    "25,26": 850,
    "26,27": 300,
    "27,16": 750,
    "28,29": 2000,
    "29,30": 1600,
    "30,31": 150,
    "31,32": 860,
    "32,25": 950
  },
  "C": {
    "1": 45.73,
    "2": 70.4,
    "3": 98.39,
    "4": 129.33,
    "5": 180.75,
    "6": 278.28
  },
  "hmin": {
    "1": 100,
    "2": 30,
    "3": 30,
    "4": 30,
    "5": 30,
    "6": 30,
    "7": 30,
    "8": 30,
    "9": 30,
    "10": 30,
    "11": 30,
    "12": 30,
    "13": 30,
    "14": 30,
    "15": 30,
    "16": 30,
    "17": 30,
    "18": 30,
    "19": 30,
    "20": 30,
    "21": 30,
    "22": 30,
    "23": 30,
    "24": 30,
    "25": 30,
    "26": 30,
    "27": 30,
    "28": 30,
    "29": 30,
    "30": 30,
    "31": 30,
    "32": 30
  },
  "nodes": [
    1,
    2,
    3,
    4,
    5,
    6,
    7,
    8,
    9,
    10,
    11,
    12,
    13,
    14,
    15,
    16,
    17,
    18,
    19,
    20,
    21,
    22,
    23,
    24,
    25,
    26,
    27,
    28,
    29,
    30,
    31,
    32
  ],
  "arcs": [
    [
      1,
      2
    ],
    [
      2,
      3
    ],
    [
      3,
      4
    ],
    [
      4,
      5
    ],
    [
      5,
      6
    ],
    [
      6,
      7
    ],
    [
      7,
      8
    ],
    [
      8,
      9
    ],
    [
      9,
      10
    ],
    [
      10,
      11
    ],
    [
      11,
      12
    ],
    [
      12,
      13
    ],
    [
      10,
      14
    ],
    [
      14,
      15
    ],
    [
      15,
      16
    ],
    [
      16,
      17
    ],
    [
      17,
      18
    ],
    [
      18,
      19
    ],
    [
      19,
      3
    ],
    [
      3,
      20
    ],
    [
      20,
      21
    ],
    [
      21,
      22
    ],
    [
      20,
      23
    ],
    [
      23,
      24
    ],
    [
      24,
      25
    ],
    [
      25,
      26
    ],
    [
      26,
      27
    ],
    [
      27,
      16
    ],
    [
      23,
      28
    ],
    [
      28,
      29
    ],
    [
      29,
      30
    ],
    [
      30,
      31
    ],
    [
      31,
      32
    ],
    [
      32,
      25
    ]
  ],
  "source": [
    1
  ]
}