{
  "iteration": 1,
  "objective": 123882.61448108449,
  "q": {
    "1,2": 0.4204299999999994,
    "2,3": 0.29221072281285915,
    "2,6": 0.12821927721027657,
    "3,4": 0.24877072280816176,
    "4,5": 0.20848072281247085,
    "6,7": 0.08043927721877721,
    "7,5": 0.0001192771340213947
  },
  "h": {
    "1": 54,
    "2": 45.17260234373906,
    "3": 43.81211425636379,
    "4": 38.317698899841886,
    "5": 29.500000001522977,
    "6": 36.69525266453785,
    "7": 29.507279323111575
  },
  "l": {
    "1,2,9": 191.0741199877431,
    "1,2,10": 2348.9258793183544,
    "2,3,9": 349.99997984154373,
    "3,4,8": 1139.9999840810065,
    "4,5,7": 1429.9999926283115,
    "2,6,5": 1019.99999259873,
    "6,7,4": 448.1856989537715,
    "6,7,5": 961.814297464731,
    "7,5,1": 1709.9999971005584
  },
  "D": {
    "1": -0.42043,
    "2": 0,
    "3": 0.04344,
    "4": 0.04029,
    "5": 0.2086,
    "6": 0.04778,
    "7": 0.08032
  },
  "L": {
    "1,2": 2540,
    "2,3": 350,
    "2,6": 1020,
    "3,4": 1140,
    "4,5": 1430,
    "6,7": 1410,
    "7,5": 1710
  },
  "C": {
    "1": 1.629,
    "2": 4.054,
    "3": 5.769,
    "4": 7.769,
    "5": 9.237,
    "6": 11.012,
    "7": 12.397,
    "8": 15.501,
    "9": 17.696,
    "10": 23.132
  },
  "hmin": {
    "1": 54,
    "2": 30,
    "3": 30,
    "4": 29,
    "5": 29.5,
    "6": 29.5,
    "7": 29.5
  },
  "nodes": [
    1,
    2,
    3,
    4,
    5,
    6,
    7
  ],
  "arcs": [
    [
      1,
      2
    ],
    [
      2,
      3
    ],
    [
      3,
      4
    ],
    [
      4,
      5
    ],
    [
      2,
      6
    ],
    [
      6,
      7
    ],
    [
      7,
      5
    ]
  ]
}