{
  "iteration": 1,
  "objective": 20688.913306000817,
  "q": {
    "1,17": 0.0013573710382804778,
    "1,31": 0.030473602067907165,
    "2,3": 3.601320056017837e-05,
    "2,18": -0.000996437106164719,
    "3,4": 4.442448185122843e-05,
    "3,11": -0.00102841128129105,
    "4,5": 4.205751609590534e-05,
    "5,6": -9.524913892394798e-05,
    "5,13": -0.0004926933449801467,
    "6,7": 1.8716580626701862e-06,
    "7,24": -1.0526659216155092e-05,
    "8,28": 0.00010319195508767058,
    "9,36": -0.0009199300444631741,
    "10,11": 0.015437630511299679,
    "10,32": 0.006666389144866989,
    "11,19": 0.0035864596132295142,
    "11,26": 0.009072759616779115,
    "12,4": 0.0008076330342446767,
    "12,13": 2.696968965454578e-05,
    "13,14": -0.001625723655325601,
    "14,20": -0.003936476866917869,
    "14,21": 0.0017707532115922677,
    "15,16": -1.3128895378466811e-05,
    "15,22": 0.001402486839226002,
    "16,25": 0.002885201043193349,
    "16,29": 0.00013812735476164182,
    "17,2": 7.957609439545946e-05,
    "17,18": 7.794943885018358e-06,
    "18,10": -0.0030086421622797007,
    "19,12": 0.0017446027238992223,
    "19,20": -3.814311066970941e-05,
    "20,15": -0.004904619977587578,
    "21,6": 0.0008871207969866182,
    "21,22": -7.636758539435053e-05,
    "22,7": 0.0002476016827211747,
    "22,23": 0.00010851757111047676,
    "23,25": -0.0007667428833663656,
    "24,8": -0.0006652662047393129,
    "24,23": -1.5260454476842288e-05,
    "25,8": 0.0013484581598269835,
    "26,15": 0.007393977921435114,
    "26,27": -1.1218304655998606e-05,
    "27,16": 0.004246457293333458,
    "28,9": -0.00015657790785516965,
    "28,29": -4.023013705715973e-05,
    "29,30": 0.00013519494452815824,
    "29,33": -0.000657297726823676,
    "30,9": -0.00022335213660800457,
    "30,35": -0.0001814529188638372,
    "31,10": 0.026222661818446368,
    "31,34": 0.0033509402494607977,
    "32,27": 0.005677675597989456,
    "32,33": -4.128645312246731e-05,
    "33,34": -0.0014685841799461433,
    "34,35": 0.0011423560695146546,
    "35,36": -0.00019909684934918263,
    "36,1": -0.0015890268938123567,
    "37,1": 0.033909999999999996
  },
  "h": {
    "1": 120.97869412181493,
    "2": 104.40000000000703,
    "3": 104.00845160264696,
    "4": 102.50000000000932,
    "5": 101.24000000000858,
    "6": 107.90185812198858,
    "7": 107.9000000000004,
    "8": 108.97353035659043,
    "9": 108.32674220542545,
    "10": 116.48469745055473,
    "11": 114.01715397957928,
    "12": 104.21769525140694,
    "13": 103.82754718930319,
    "14": 109.19878663561386,
    "15": 111.5187356283219,
    "16": 111.61098457159436,
    "17": 109.71972296456961,
    "18": 109.67464702759433,
    "19": 108.72777411302094,
    "20": 109.62997023398968,
    "21": 108.78437388632734,
    "22": 110.72581734539143,
    "23": 108.10810111753018,
    "24": 107.96745570475942,
    "25": 110.3190021532691,
    "26": 113.10431132882776,
    "27": 113.17229677635434,
    "28": 105.65000000000722,
    "29": 106.24832957876598,
    "30": 104.10000000001692,
    "31": 119.66047327106261,
    "32": 114.9585458362822,
    "33": 115.56687999058224,
    "34": 116.7099027803048,
    "35": 106.50130874591518,
    "36": 112.95507213768238,
    "37": 121
  },
  "l": {
    "1,17,4": 132.75999999733784,
    "17,2,1": 374.67999999712123,
    "2,3,1": 119.7399999974707,
    "3,4,1": 312.7199999972606,
    "4,5,1": 289.08999999717264,
    "5,6,1": 336.32999999782646,
    "6,7,1": 135.80999999738071,
    "7,24,1": 201.25999999712747,
    "24,8,5": 132.52999999886774,
    "8,28,1": 144.6599999970206,
    "28,9,2": 175.7199999969447,
    "9,36,4": 112.1699999981964,
    "36,1,5": 210.73999999888113,
    "1,31,13": 75.40999999967435,
    "31,10,12": 75.27634413744316,
    "31,10,13": 106.14365586240824,
    "10,11,11": 146.9599999996034,
    "11,19,6": 45.377175794198486,
    "11,19,7": 117.31282420547251,
    "19,12,5": 99.6399999982003,
    "12,4,4": 52.97999999783843,
    "2,18,4": 83.65862249907758,
    "2,18,5": 79.31137750036117,
    "18,10,5": 40.8330816402181,
    "18,10,6": 43.12691835931882,
    "10,32,8": 49.819999999483805,
    "32,27,8": 78.49999999952384,
    "27,16,7": 12.862865598436112,
    "27,16,8": 86.407134401298,
    "16,25,7": 82.28999999930396,
    "25,8,6": 147.48999999857145,
    "3,11,4": 197.31999999690018,
    "11,26,10": 83.29999999934475,
    "26,15,9": 113.79999999804232,
    "15,22,6": 80.81999999823363,
    "22,7,3": 217.74671526253076,
    "22,7,4": 123.22328473664471,
    "5,13,3": 60.68883289020754,
    "5,13,4": 16.701167108967834,
    "13,14,4": 11.534580708758874,
    "13,14,5": 100.83541929067985,
    "14,20,8": 37.33999999948508,
    "20,15,8": 108.84999999620756,
    "15,16,1": 182.8199999973729,
    "16,29,1": 136.01999999724273,
    "29,30,1": 56.6999999973485,
    "30,9,1": 8.674580569144641,
    "30,9,2": 115.40541942955798,
    "17,18,1": 234.59999999740208,
    "12,13,1": 203.82999999725683,
    "19,20,1": 248.04999999759156,
    "14,21,7": 65.18999999935899,
    "21,6,6": 210.08999999906894,
    "21,22,1": 147.5699999964082,
    "22,23,1": 103.79999999753944,
    "24,23,1": 210.94999999732315,
    "23,25,4": 75.0799999983732,
    "26,27,1": 180.28999999739554,
    "28,29,1": 149.049999996997,
    "29,33,3": 102.45439043475858,
    "29,33,4": 112.59560956441683,
    "32,33,1": 144.43999999727743,
    "33,34,5": 34.739999998305244,
    "31,34,6": 59.929999999103174,
    "34,35,4": 165.66999999830904,
    "30,35,2": 119.96999999663626,
    "35,36,1": 83.1699999968181,
    "37,1,13": 0.9999999995848938
  },
  "D": {
    "1": 0.00049,
    "2": 0.00104,
    "3": 0.00102,
    "4": 0.00081,
    "5": 0.00063,
    "6": 0.00079,
    "7": 0.00026,
    "8": 0.00058,
    "9": 0.00054,
    "10": 0.00111,
    "11": 0.00175,
    "12": 0.00091,
    "13": 0.00116,
    "14": 0.00054,
    "15": 0.0011,
    "16": 0.00121,
    "17": 0.00127,
    "18": 0.00202,
    "19": 0.00188,
    "20": 0.00093,
    "21": 0.00096,
    "22": 0.00097,
    "23": 0.00086,
    "24": 0.00067,
    "25": 0.00077,
    "26": 0.00169,
    "27": 0.00142,
    "28": 0.0003,
    "29": 0.00062,
    "30": 0.00054,
    "31": 0.0009,
    "32": 0.00103,
    "33": 0.00077,
    "34": 0.00074,
    "35": 0.00116,
    "36": 0.00047,
    "37": 0
  },
  "L": {
    "1,17": 132.76,
    "1,31": 75.41,
    "2,3": 119.74,
    "2,18": 162.97,
    "3,4": 312.72,
    "3,11": 197.32,
    "4,5": 289.09,
    "5,6": 336.33,
    "5,13": 77.39,
    "6,7": 135.81,
    "7,24": 201.26,
    "8,28": 144.66,
    "9,36": 112.17,
    "10,11": 146.96,
    "10,32": 49.82,
    "11,19": 162.69,
    "11,26": 83.3,
    "12,4": 52.98,
    "12,13": 203.83,
    "13,14": 112.37,
    "14,20": 37.34,
    "14,21": 65.19,
    "15,16": 182.82,
    "15,22": 80.82,
    "16,25": 82.29,
    "16,29": 136.02,
    "17,2": 374.68,
    "17,18": 234.6,
    "18,10": 83.96,
    "19,12": 99.64,
    "19,20": 248.05,
    "20,15": 108.85,
    "21,6": 210.09,
    "21,22": 147.57,
    "22,7": 340.97,
    "22,23": 103.8,
    "23,25": 75.08,
    "24,8": 132.53,
    "24,23": 210.95,
    "25,8": 147.49,
    "26,15": 113.8,
    "26,27": 180.29,
    "27,16": 99.27,
    "28,9": 175.72,
    "28,29": 149.05,
    "29,30": 56.7,
    "29,33": 215.05,
    "30,9": 124.08,
    "30,35": 119.97,
    "31,10": 181.42,
    "31,34": 59.93,
    "32,27": 78.5,
    "32,33": 144.44,
    "33,34": 34.74,
    "34,35": 165.67,
    "35,36": 83.17,
    "36,1": 210.74,
    "37,1": 1
  },
  "C": {
    "1": 0.38,
    "2": 0.56,
    "3": 0.88,
    "4": 1.35,
    "5": 2.02,
    "6": 3.21,
    "7": 4.44,
    "8": 6.45,
    "9": 9.59,
    "10": 11.98,
    "11": 14.93,
    "12": 19.61,
    "13": 24.78,
    "14": 30.55,
    "15": 38.71,
    "16": 47.63,
    "17": 59.7,
    "18": 75.61,
    "19": 99.58,
    "20": 126.48,
    "21": 160.29,
    "22": 197.71
  },
  "hmin": {
    "1": 105.15,
    "2": 104.4,
    "3": 103.35,
    "4": 102.5,
    "5": 101.24000000000001,
    "6": 105.4,
    "7": 107.9,
    "8": 106.5,
    "9": 106,