{
  "iteration": 4,
  "objective": 20266.5187477621,
  "solve_time": 97.33204889297485,
  "q": {
    "1,17": 0.00136095487295245,
    "1,31": 0.030571681760751347,
    "2,3": 6.134529882011086e-05,
    "2,18": -0.0010222154447718647,
    "3,4": 3.2592105208900635e-05,
    "3,11": -0.0009912468063887898,
    "4,5": 4.205751609909755e-05,
    "5,6": -7.386501422025715e-05,
    "5,13": -0.0005140774696806453,
    "6,7": -9.155431468085037e-05,
    "7,24": -3.643856282706131e-06,
    "8,28": 0.00010208586341817045,
    "9,36": -0.0008048683374369035,
    "10,11": 0.0153319728299268,
    "10,32": 0.006720929971042071,
    "11,19": 0.003648016135917445,
    "11,26": 0.008942709887620566,
    "12,4": 0.0008194654108901968,
    "12,13": 2.9375127060362976e-05,
    "13,14": -0.0016447023426202825,
    "14,20": -0.003835729305178959,
    "14,21": 0.001651026962558676,
    "15,16": -4.72183861486943e-05,
    "15,22": 0.0014849833620666384,
    "16,25": 0.002899940553013113,
    "16,29": 0.00010693243885466081,
    "17,2": 7.912985404824604e-05,
    "17,18": 1.1825018904204055e-05,
    "18,10": -0.0030303904258676606,
    "19,12": 0.0017588405379505598,
    "19,20": 9.175597966885002e-06,
    "20,15": -0.004756553707212074,
    "21,6": 0.0007723106995394068,
    "21,22": -8.12837369807306e-05,
    "22,7": 0.00034791045839814425,
    "22,23": 8.578916668776354e-05,
    "23,25": -0.0007853339079707041,
    "24,8": -0.0006625207816242385,
    "24,23": -1.112307465846759e-05,
    "25,8": 0.001344606645042409,
    "26,15": 0.007294318683130017,
    "26,27": -4.1608795509450934e-05,
    "27,16": 0.004264091378016468,
    "28,9": -0.00010967809070091174,
    "28,29": -8.823604588091781e-05,
    "29,30": 0.00020331837574036216,
    "29,33": -0.0008046219827666191,
    "30,9": -0.00015519024673599184,
    "30,35": -0.000181491377523646,
    "31,10": 0.02619329322683653,
    "31,34": 0.003478388533914815,
    "32,27": 0.005725700173525919,
    "32,33": -3.477020248384766e-05,
    "33,34": -0.0016093921852504667,
    "34,35": 0.0011289963486643486,
    "35,36": -0.00021249502885929748,
    "36,1": -0.001487363366296201,
    "37,1": 0.033909999999999996
  },
  "h": {
    "1": 120.97869412177513,
    "2": 104.40000000020618,
    "3": 103.35000002706008,
    "4": 102.50000000024144,
    "5": 101.2400000003167,
    "6": 105.40000000003577,
    "7": 107.90000000001483,
    "8": 108.907855786245,
    "9": 110.1696240088696,
    "10": 116.19634058003629,
    "11": 113.75998296811537,
    "12": 104.26459226350535,
    "13": 103.80756121969861,
    "14": 108.367641567698,
    "15": 110.56313477508736,
    "16": 111.55045180232071,
    "17": 109.66460702593211,
    "18": 109.56707749975621,
    "19": 108.84307465963029,
    "20": 108.77861066883065,
    "21": 107.50244514751758,
    "22": 109.68167957378485,
    "23": 107.9877578350511,
    "24": 107.90945688202945,
    "25": 110.24621903587439,
    "26": 112.10935865049706,
    "27": 112.87969717506337,
    "28": 105.65000000086941,
    "29": 108.21240359208535,
    "30": 104.1000000003315,
    "31": 119.65260499795498,
    "32": 114.69402884019567,
    "33": 115.13659921838557,
    "34": 116.49084048931569,
    "35": 106.50225141393598,
    "36": 113.78333008297355,
    "37": 121
  },
  "l": {
    "1,17,4": 132.7599999393354,
    "17,2,1": 374.6799999206655,
    "2,3,1": 119.73999993170622,
    "3,4,1": 312.7199999267655,
    "4,5,1": 289.08999992312687,
    "5,6,1": 336.32999994200986,
    "6,7,1": 135.80999995505337,
    "7,24,1": 201.2599999268171,
    "24,8,5": 132.5299999709176,
    "8,28,1": 144.65999994483832,
    "28,9,1": 175.71999987148712,
    "9,36,4": 112.16999985093223,
    "36,1,4": 1.4444551366664478,
    "36,1,5": 209.29554484786283,
    "1,31,13": 75.40999999110555,
    "31,10,12": 103.2288829855799,
    "31,10,13": 78.19111701032404,
    "10,11,11": 146.9599999870869,
    "11,19,6": 29.14384986366787,
    "11,19,7": 133.54615012726316,
    "19,12,5": 99.63999997277364,
    "12,4,4": 52.97999995483539,
    "2,18,4": 72.76856047727348,
    "2,18,5": 90.20143950725569,
    "18,10,5": 37.62971740960906,
    "18,10,6": 46.33028257762535,
    "10,32,8": 47.39793487016062,
    "10,32,9": 2.4220651221790006,
    "32,27,8": 78.49999998199361,
    "27,16,8": 99.26999998549276,
    "16,25,7": 82.28999997365818,
    "25,8,6": 147.48999997401816,
    "3,11,3": 11.143244921814343,
    "3,11,4": 186.17675505545515,
    "11,26,9": 83.29999999825071,
    "26,15,9": 113.79999997952268,
    "15,22,6": 80.81999995754295,
    "22,7,4": 221.30649935207109,
    "22,7,5": 119.66350063245824,
    "5,13,3": 52.47358561723004,
    "5,13,4": 24.9164143600395,
    "13,14,5": 112.36999991334956,
    "14,20,8": 37.339999968056496,
    "20,15,8": 108.84999998546076,
    "15,16,1": 182.81999992723632,
    "16,29,1": 136.01999993987613,
    "29,30,1": 48.449753362382175,
    "29,30,2": 8.250246601856219,
    "30,9,1": 124.07999983669417,
    "17,18,1": 234.59999992811785,
    "12,13,1": 203.82999992515104,
    "19,20,1": 248.04999992773185,
    "14,21,6": 65.18999992401089,
    "21,6,5": 210.08999994761606,
    "21,22,1": 147.56999992179468,
    "22,23,1": 103.7999999168542,
    "24,23,1": 210.94999992563277,
    "23,25,4": 72.50220462826785,
    "23,25,5": 2.5777953562613947,
    "26,27,1": 180.2899999278669,
    "28,29,1": 149.0499999003286,
    "29,33,4": 215.04999994048035,
    "32,33,1": 144.4399999248406,
    "33,34,5": 34.739999970692025,
    "31,34,6": 59.92999997416473,
    "34,35,4": 165.6699999519555,
    "30,35,2": 119.96999991274782,
    "35,36,1": 83.16999986150529,
    "37,1,13": 0.9999999887991007
  },
  "D": {
    "1": 0.00049,
    "2": 0.00104,
    "3": 0.00102,
    "4": 0.00081,
    "5": 0.00063,
    "6": 0.00079,
    "7": 0.00026,
    "8": 0.00058,
    "9": 0.00054,
    "10": 0.00111,
    "11": 0.00175,
    "12": 0.00091,
    "13": 0.00116,
    "14": 0.00054,
    "15": 0.0011,
    "16": 0.00121,
    "17": 0.00127,
    "18": 0.00202,
    "19": 0.00188,
    "20": 0.00093,
    "21": 0.00096,
    "22": 0.00097,
    "23": 0.00086,
    "24": 0.00067,
    "25": 0.00077,
    "26": 0.00169,
    "27": 0.00142,
    "28": 0.0003,
    "29": 0.00062,
    "30": 0.00054,
    "31": 0.0009,
    "32": 0.00103,
    "33": 0.00077,
    "34": 0.00074,
    "35": 0.00116,
    "36": 0.00047,
    "37": 0
  },
  "Diameters": {
    "1": 0.016,
    "2": 0.0204,
    "3": 0.026,
    "4": 0.0326,
    "5": 0.0408,
    "6": 0.0514,
    "7": 0.0614,
    "8": 0.0736,
    "9": 0.09,
    "10": 0.1022,
    "11": 0.1146,
    "12": 0.1308,
    "13": 0.1472,
    "14": 0.1636,
    "15": 0.184,
    "16": 0.2046,
    "17": 0.2292,
    "18": 0.2578,
    "19": 0.2906,
    "20": 0.3274,
    "21": 0.3682,
    "22": 0.4092
  },
  "L": {
    "1,17": 132.76,
    "1,31": 75.41,
    "2,3": 119.74,
    "2,18": 162.97,
    "3,4": 312.72,
    "3,11": 197.32,
    "4,5": 289.09,
    "5,6": 336.33,
    "5,13": 77.39,
    "6,7": 135.81,
    "7,24": 201.26,
    "8,28": 144.66,
    "9,36": 112.17,
    "10,11": 146.96,
    "10,32": 49.82,
    "11,19": 162.69,
    "11,26": 83.3,
    "12,4": 52.98,
    "12,13": 203.83,
    "13,14": 112.37,
    "14,20": 37.34,
    "14,21": 65.19,
    "15,16": 182.82,
    "15,22": 80.82,
    "16,25": 82.29,
    "16,29": 136.02,
    "17,2": 374.68,
    "17,18": 234.6,
    "18,10": 83.96,
    "19,12": 99.64,
    "19,20": 248.05,
    "20,15": 108.85,
    "21,6": 210.09,
    "21,22": 147.57,
    "22,7": 340.97,
    "22,23": 103.8,
    "23,25": 75.08,
    "24,8": 132.53,
    "24,23": 210.95,
    "25,8": 147.49,
    "26,15": 113.8,
    "26,27": 180.29,
    "27,16": 99.27,
    "28,9": 175.72,
    "28,29": 149.05,
    "29,30": 56.7,
    "29,33": 215.05,
    "30,9": 124.08,
    "30,35": 119.97,
    "31,10": 181.42,
    "31,34": 59.93,
    "32,27": 78.5,
    "32,33": 144.44,
    "33,34": 34.74,
    "34,35": 165.67,
    "35,36": 83.17,
    "36,1": 210.74,
    "37,1": 1
  },
  "C": {
    "1": 0.38,
    "2": 0.56,
    "3": 0.88,
    "4": 1.35,
    "5": 2.02,