{
  "iteration": 3,
  "objective": 20678.895971196347,
  "solve_time": 96.61056303977966,
  "q": {
    "1,17": 0.0013559684178155568,
    "1,31": 0.030585147763723418,
    "2,3": 2.8358304938112354e-05,
    "2,18": -0.0009886084047163084,
    "3,4": 4.660560513593947e-05,
    "3,11": -0.001038247292211056,
    "4,5": 4.205751609744918e-05,
    "5,6": -7.386501420120942e-05,
    "5,13": -0.0005140774597936952,
    "6,7": -9.155431466845175e-05,
    "7,24": -1.0721180474785794e-05,
    "8,28": 0.00010362995271767918,
    "9,36": -0.0007998374816378264,
    "10,11": 0.01535071968747686,
    "10,32": 0.006768255997533743,
    "11,19": 0.003694769097519491,
    "11,26": 0.008867703294658701,
    "12,4": 0.0008054519160272512,
    "12,13": 5.635386837552937e-05,
    "13,14": -0.0016177235731500705,
    "14,20": -0.003818944832964614,
    "14,21": 0.0016612212746504513,
    "15,16": -7.325992105988746e-05,
    "15,22": 0.0014329508065530608,
    "16,25": 0.002943322444028969,
    "16,29": 0.00010869652758987351,
    "17,2": 7.974989002161176e-05,
    "17,18": 6.2185347366391936e-06,
    "18,10": -0.0030023898732006076,
    "19,12": 0.001771805785424427,
    "19,20": 4.2963315590353006e-05,
    "20,15": -0.0047059815033074085,
    "21,6": 0.0007723105837297842,
    "21,22": -7.108929278450863e-05,
    "22,7": 0.00034083301547357427,
    "22,23": 5.1028524275240686e-05,
    "23,25": -0.0008159580658779593,
    "24,8": -0.0006737344910179738,
    "24,23": -6.9866200952232905e-06,
    "25,8": 0.001357364407999344,
    "26,15": 0.007165672376830541,
    "26,27": 1.2030916173117223e-05,
    "27,16": 0.00433527886625529,
    "28,9": -0.00010722517155327028,
    "28,29": -8.914538038736096e-05,
    "29,30": 0.00020629627754665817,
    "29,33": -0.0008067451845306172,
    "30,9": -0.00015261218667706464,
    "30,35": -0.0001810913827444425,
    "31,10": 0.0262313655636422,
    "31,34": 0.0034537822016402547,
    "32,27": 0.005743247953366902,
    "32,33": -4.991963551484269e-06,
    "33,34": -0.0015817371183109367,
    "34,35": 0.0011320451009065127,
    "35,36": -0.00020904624069866188,
    "36,1": -0.0014788838191487263,
    "37,1": 0.033909999999999996
  },
  "h": {
    "1": 120.97869412181629,
    "2": 104.40000000000674,
    "3": 104.14847439485997,
    "4": 102.50000000001285,
    "5": 101.24000000000973,
    "6": 105.40000000000101,
    "7": 107.90000000000063,
    "8": 108.99970320584909,
    "9": 109.98420917699993,
    "10": 116.77706092821975,
    "11": 114.33518332255966,
    "12": 104.20911396829257,
    "13": 102.68169580534388,
    "14": 107.3180081425089,
    "15": 109.47519781862633,
    "16": 111.70227595999043,
    "17": 109.74126020484793,
    "18": 109.71159704615681,
    "19": 108.85029787932096,
    "20": 107.72565294935183,
    "21": 106.94981463833196,
    "22": 108.65008716032219,
    "23": 108.00287579086506,
    "24": 107.9697823943568,
    "25": 110.36167913614604,
    "26": 113.4601818116081,
    "27": 113.38279553984154,
    "28": 105.650000000016,
    "29": 108.26152464791069,
    "30": 104.10000000001254,
    "31": 119.6515230297718,
    "32": 115.20743860864255,
    "33": 115.21959669426403,
    "34": 116.53105643365079,
    "35": 106.49245538996895,
    "36": 113.55619445197469,
    "37": 121
  },
  "l": {
    "1,17,4": 132.7599999971629,
    "17,2,1": 374.6799999971258,
    "2,3,1": 119.7399999974628,
    "3,4,1": 312.71999999728155,
    "4,5,1": 289.0899999971135,
    "5,6,1": 336.3299999978594,
    "6,7,1": 135.8099999977508,
    "7,24,1": 201.2599999971565,
    "24,8,5": 132.52999999859378,
    "8,28,1": 144.6599999973,
    "28,9,1": 175.71999999532005,
    "9,36,4": 112.16999999473214,
    "36,1,4": 6.029300776923739,
    "36,1,5": 204.71069922251507,
    "1,31,13": 75.40999999967936,
    "31,10,12": 45.82634660450675,
    "31,10,13": 135.59365339534463,
    "10,11,11": 146.95999999960392,
    "11,19,6": 42.330230894500424,
    "11,19,7": 120.35976910517059,
    "19,12,5": 99.63999999870181,
    "12,4,4": 52.97999999824047,
    "2,18,4": 87.27856234782567,
    "2,18,5": 75.69143765161311,
    "18,10,5": 44.204079779882676,
    "18,10,6": 39.75592021965419,
    "10,32,8": 49.819999999518934,
    "32,27,8": 78.4999999995222,
    "27,16,7": 15.836520966643185,
    "27,16,8": 83.43347903309098,
    "16,25,7": 82.28999999932768,
    "25,8,6": 147.48999999563725,
    "3,11,4": 197.31999999711817,
    "11,26,10": 83.29999999934503,
    "26,15,8": 113.7999999999743,
    "15,22,6": 80.8199999967527,
    "22,7,5": 340.96999999794554,
    "5,13,3": 12.57412772026905,
    "5,13,4": 64.81587227890631,
    "13,14,4": 2.7404206809356872,
    "13,14,5": 109.62957931850306,
    "14,20,8": 37.33999999938357,
    "20,15,8": 108.84999999952853,
    "15,16,1": 182.81999999650773,
    "16,29,1": 136.01999999756944,
    "29,30,1": 47.351712465339126,
    "29,30,2": 9.34828753336351,
    "30,9,1": 124.07999999459057,
    "17,18,1": 234.59999999740543,
    "12,13,1": 203.8299999967887,
    "19,20,1": 248.04999999701167,
    "14,21,7": 65.18999999715001,
    "21,6,5": 128.3115594295052,
    "21,6,6": 81.7784405700317,
    "21,22,1": 147.56999999735288,
    "22,23,1": 103.79999999793307,
    "24,23,1": 210.94999999739144,
    "23,25,4": 69.52151764164942,
    "23,25,5": 5.558482357789315,
    "26,27,1": 180.28999999743377,
    "28,29,1": 149.04999999626233,
    "29,33,4": 215.0499999968247,
    "32,33,1": 144.43999999740376,
    "33,34,5": 34.73999999903939,
    "31,34,6": 59.92999999878595,
    "34,35,4": 165.6699999981513,
    "30,35,2": 119.96999999672508,
    "35,36,1": 83.16999999509797,
    "37,1,13": 0.9999999995799129
  },
  "D": {
    "1": 0.00049,
    "2": 0.00104,
    "3": 0.00102,
    "4": 0.00081,
    "5": 0.00063,
    "6": 0.00079,
    "7": 0.00026,
    "8": 0.00058,
    "9": 0.00054,
    "10": 0.00111,
    "11": 0.00175,
    "12": 0.00091,
    "13": 0.00116,
    "14": 0.00054,
    "15": 0.0011,
    "16": 0.00121,
    "17": 0.00127,
    "18": 0.00202,
    "19": 0.00188,
    "20": 0.00093,
    "21": 0.00096,
    "22": 0.00097,
    "23": 0.00086,
    "24": 0.00067,
    "25": 0.00077,
    "26": 0.00169,
    "27": 0.00142,
    "28": 0.0003,
    "29": 0.00062,
    "30": 0.00054,
    "31": 0.0009,
    "32": 0.00103,
    "33": 0.00077,
    "34": 0.00074,
    "35": 0.00116,
    "36": 0.00047,
    "37": 0
  },
  "Diameters": {
    "1": 0.016,
    "2": 0.0204,
    "3": 0.026,
    "4": 0.0326,
    "5": 0.0408,
    "6": 0.0514,
    "7": 0.0614,
    "8": 0.0736,
    "9": 0.09,
    "10": 0.1022,
    "11": 0.1146,
    "12": 0.1308,
    "13": 0.1472,
    "14": 0.1636,
    "15": 0.184,
    "16": 0.2046,
    "17": 0.2292,
    "18": 0.2578,
    "19": 0.2906,
    "20": 0.3274,
    "21": 0.3682,
    "22": 0.4092
  },
  "L": {
    "1,17": 132.76,
    "1,31": 75.41,
    "2,3": 119.74,
    "2,18": 162.97,
    "3,4": 312.72,
    "3,11": 197.32,
    "4,5": 289.09,
    "5,6": 336.33,
    "5,13": 77.39,
    "6,7": 135.81,
    "7,24": 201.26,
    "8,28": 144.66,
    "9,36": 112.17,
    "10,11": 146.96,
    "10,32": 49.82,
    "11,19": 162.69,
    "11,26": 83.3,
    "12,4": 52.98,
    "12,13": 203.83,
    "13,14": 112.37,
    "14,20": 37.34,
    "14,21": 65.19,
    "15,16": 182.82,
    "15,22": 80.82,
    "16,25": 82.29,
    "16,29": 136.02,
    "17,2": 374.68,
    "17,18": 234.6,
    "18,10": 83.96,
    "19,12": 99.64,
    "19,20": 248.05,
    "20,15": 108.85,
    "21,6": 210.09,
    "21,22": 147.57,
    "22,7": 340.97,
    "22,23": 103.8,
    "23,25": 75.08,
    "24,8": 132.53,
    "24,23": 210.95,
    "25,8": 147.49,
    "26,15": 113.8,
    "26,27": 180.29,
    "27,16": 99.27,
    "28,9": 175.72,
    "28,29": 149.05,
    "29,30": 56.7,
    "29,33": 215.05,
    "30,9": 124.08,
    "30,35": 119.97,
    "31,10": 181.42,
    "31,34": 59.93,
    "32,27": 78.5,
    "32,33": 144.44,
    "33,34": 34.74,
    "34,35": 165.67,
    "35,36": 83.17,
    "36,1": 210.74,
    "37,1": 1
  },
  "C": {
    "1": 0.38,
    "2": 0.56,
    "3": 0.88,
    "4": 1.35,
    "5": 2.02,