{
  "iteration": 5,
  "objective": 20187.611882432037,
  "solve_time": 29.415233373641968,
  "q": {
    "1,17": 0.001304849426312156,
    "1,31": 0.030597040934240143,
    "2,3": 5.5446690083426896e-05,
    "2,18": -0.001009666724033075,
    "3,4": 3.6140308284136015e-05,
    "3,11": -0.0010006936821754806,
    "4,5": 4.205751612831491e-05,
    "5,6": -7.386501421576889e-05,
    "5,13": -0.0005140775323614342,
    "6,7": -9.155431459076002e-05,
    "7,24": 2.752323482961209e-05,
    "8,28": 9.342893235984654e-05,
    "9,36": -0.0008328104055324451,
    "10,11": 0.015425636943571186,
    "10,32": 0.006614434065287058,
    "11,19": 0.0036409304676936114,
    "11,26": 0.009034012775777863,
    "12,4": 0.0008159174924932733,
    "12,13": 2.8933263949432148e-05,
    "13,14": -0.0016451443393802184,
    "14,20": -0.00383699234310129,
    "14,21": 0.0016518479557690532,
    "15,16": -2.8104907215001057e-05,
    "15,22": 0.0015251488733565705,
    "16,25": 0.0028502961654517543,
    "16,29": 0.00011655834243842903,
    "17,2": 8.577996379564616e-05,
    "17,18": -5.0930551633607014e-05,
    "18,10": -0.00308059728919273,
    "19,12": 0.0017548509110428033,
    "19,20": 6.079538622732939e-06,
    "20,15": -0.004760912850952996,
    "21,6": 0.0007723107394523197,
    "21,22": -8.046282735934979e-05,
    "22,7": 0.00037907671005812433,
    "22,23": 9.560932973743819e-05,
    "23,25": -0.0007749132842497678,
    "24,8": -0.0006319540262439943,
    "24,23": -1.0522645529600877e-05,
    "25,8": 0.0013053829064794062,
    "26,15": 0.0073579568418807965,
    "26,27": -1.3944086463146246e-05,
    "27,16": 0.004204959403898099,
    "28,9": -0.00014342118686784015,
    "28,29": -6.314986146586505e-05,
    "29,30": 0.0003027654911302853,
    "29,33": -0.0008693570178705287,
    "30,9": -0.00014938919869977063,
    "30,35": -8.784532463915662e-05,
    "31,10": 0.026230668312318586,
    "31,34": 0.0034663726076895234,
    "32,27": 0.005638903487354566,
    "32,33": -5.4469426455528534e-05,
    "33,34": -0.0016938264582850929,
    "34,35": 0.0010325461353844056,
    "35,36": -0.00021529920169995674,
    "36,1": -0.0015181096251663446,
    "37,1": 0.033909999999999996
  },
  "h": {
    "1": 120.97869412176196,
    "2": 104.40000000017669,
    "3": 103.52928504275559,
    "4": 102.5000000007228,
    "5": 101.24000000032794,
    "6": 105.40000000003151,
    "7": 107.90000000003373,
    "8": 108.4147704559162,
    "9": 109.75613844252211,
    "10": 115.50814248361407,
    "11": 113.04414820677304,
    "12": 104.2504692832911,
    "13": 103.80608853630706,
    "14": 108.36843872184323,
    "15": 110.56721257943303,
    "16": 110.94491289649275,
    "17": 110.51322265307043,
    "18": 111.9707981530743,
    "19": 108.80973632415206,
    "20": 108.77965847966321,
    "21": 107.5024453486386,
    "22": 109.64109499676698,
    "23": 107.57065355393134,
    "24": 107.5000000000297,
    "25": 109.68172847408778,
    "26": 112.1385123609059,
    "27": 112.24022177090478,
    "28": 105.65000000109184,
    "29": 107.02911588703985,
    "30": 104.10000000034938,
    "31": 119.65056709783087,
    "32": 114.00394575879395,
    "33": 115.02024490715388,
    "34": 116.50900066370463,
    "35": 106.14559048441781,
    "36": 113.60561671023012,
    "37": 121
  },
  "l": {
    "1,17,4": 132.75999996306268,
    "17,2,1": 374.67999993093514,
    "2,3,1": 119.73999995077206,
    "3,4,1": 312.719999943651,
    "4,5,1": 289.08999993953273,
    "5,6,1": 336.32999995854135,
    "6,7,1": 135.8099999563419,
    "7,24,1": 201.25999995117607,
    "24,8,5": 132.52999997810005,
    "8,28,1": 144.65999996235453,
    "28,9,1": 62.44400236624148,
    "28,9,2": 113.27599763375852,
    "9,36,4": 112.16999993767757,
    "36,1,5": 210.7399998267014,
    "1,31,13": 75.40999999267541,
    "31,10,12": 168.977233453793,
    "31,10,13": 12.442766544606581,
    "10,11,11": 146.95999998891062,
    "11,19,6": 9.15387262639797,
    "11,19,7": 153.53612737026953,
    "19,12,5": 99.63999998010826,
    "12,4,4": 52.97999994785704,
    "2,18,4": 150.12101489497985,
    "2,18,5": 12.848985099866935,
    "18,10,6": 83.95999996949752,
    "10,32,8": 49.819999765650024,
    "32,27,8": 78.49999998629072,
    "27,16,8": 99.26999998900057,
    "16,25,7": 82.28999997697197,
    "25,8,6": 147.48999997891804,
    "3,11,4": 197.31999990734806,
    "11,26,10": 83.29999994635556,
    "26,15,9": 113.79999998349845,
    "15,22,6": 80.81999996985618,
    "22,7,4": 155.8814006965868,
    "22,7,5": 185.0885992982618,
    "5,13,3": 52.42137477237373,
    "5,13,4": 24.968625217994553,
    "13,14,5": 112.36999993174102,
    "14,20,8": 37.33999997923657,
    "20,15,8": 108.84999998972,
    "15,16,1": 182.81999994510463,
    "16,29,1": 136.01999995599974,
    "29,30,2": 56.699999917806785,
    "30,9,1": 124.0799998692206,
    "17,18,1": 234.5999999482183,
    "12,13,1": 203.82999994181813,
    "19,20,1": 248.04999994445603,
    "14,21,6": 65.18999984418477,
    "21,6,5": 210.08999993225962,
    "21,22,1": 147.569999935611,
    "22,23,1": 103.79999991814421,
    "24,23,1": 210.9499999421065,
    "23,25,4": 67.88322076522618,
    "23,25,5": 7.196779229619219,
    "26,27,1": 180.2899999451257,
    "28,29,1": 149.0499999270071,
    "29,33,4": 215.0499999628204,
    "32,33,1": 144.43999993738706,
    "33,34,5": 34.73999997949421,
    "31,34,6": 59.92999997980601,
    "34,35,3": 18.480255873499473,
    "34,35,4": 147.1897441168748,
    "30,35,1": 119.97,
    "35,36,1": 83.16999991276215,
    "37,1,13": 0.9999999904817887
  },
  "D": {
    "1": 0.00049,
    "2": 0.00104,
    "3": 0.00102,
    "4": 0.00081,
    "5": 0.00063,
    "6": 0.00079,
    "7": 0.00026,
    "8": 0.00058,
    "9": 0.00054,
    "10": 0.00111,
    "11": 0.00175,
    "12": 0.00091,
    "13": 0.00116,
    "14": 0.00054,
    "15": 0.0011,
    "16": 0.00121,
    "17": 0.00127,
    "18": 0.00202,
    "19": 0.00188,
    "20": 0.00093,
    "21": 0.00096,
    "22": 0.00097,
    "23": 0.00086,
    "24": 0.00067,
    "25": 0.00077,
    "26": 0.00169,
    "27": 0.00142,
    "28": 0.0003,
    "29": 0.00062,
    "30": 0.00054,
    "31": 0.0009,
    "32": 0.00103,
    "33": 0.00077,
    "34": 0.00074,
    "35": 0.00116,
    "36": 0.00047,
    "37": 0
  },
  "Diameters": {
    "1": 0.016,
    "2": 0.0204,
    "3": 0.026,
    "4": 0.0326,
    "5": 0.0408,
    "6": 0.0514,
    "7": 0.0614,
    "8": 0.0736,
    "9": 0.09,
    "10": 0.1022,
    "11": 0.1146,
    "12": 0.1308,
    "13": 0.1472,
    "14": 0.1636,
    "15": 0.184,
    "16": 0.2046,
    "17": 0.2292,
    "18": 0.2578,
    "19": 0.2906,
    "20": 0.3274,
    "21": 0.3682,
    "22": 0.4092
  },
  "L": {
    "1,17": 132.76,
    "1,31": 75.41,
    "2,3": 119.74,
    "2,18": 162.97,
    "3,4": 312.72,
    "3,11": 197.32,
    "4,5": 289.09,
    "5,6": 336.33,
    "5,13": 77.39,
    "6,7": 135.81,
    "7,24": 201.26,
    "8,28": 144.66,
    "9,36": 112.17,
    "10,11": 146.96,
    "10,32": 49.82,
    "11,19": 162.69,
    "11,26": 83.3,
    "12,4": 52.98,
    "12,13": 203.83,
    "13,14": 112.37,
    "14,20": 37.34,
    "14,21": 65.19,
    "15,16": 182.82,
    "15,22": 80.82,
    "16,25": 82.29,
    "16,29": 136.02,
    "17,2": 374.68,
    "17,18": 234.6,
    "18,10": 83.96,
    "19,12": 99.64,
    "19,20": 248.05,
    "20,15": 108.85,
    "21,6": 210.09,
    "21,22": 147.57,
    "22,7": 340.97,
    "22,23": 103.8,
    "23,25": 75.08,
    "24,8": 132.53,
    "24,23": 210.95,
    "25,8": 147.49,
    "26,15": 113.8,
    "26,27": 180.29,
    "27,16": 99.27,
    "28,9": 175.72,
    "28,29": 149.05,
    "29,30": 56.7,
    "29,33": 215.05,
    "30,9": 124.08,
    "30,35": 119.97,
    "31,10": 181.42,
    "31,34": 59.93,
    "32,27": 78.5,
    "32,33": 144.44,
    "33,34": 34.74,
    "34,35": 165.67,
    "35,36": 83.17,
    "36,1": 210.74,
    "37,1": 1
  },
  "C": {
    "1": 0.38,
    "2": 0.56,
    "3": 0.88,
    "4": 1.35,
    "5": 2.02,
    "6": 3.21,
    "7": 4.44,
    "8": 6.45,
    "9": 9.59,
    "10": 11.98,
    "11": 14.93,
    "12": 19.61,