{
  "iteration": 5,
  "objective": 20255.821402499645,
  "solve_time": 99.94004845619202,
  "q": {
    "1,17": 0.0013592592602826895,
    "1,31": 0.030571884311982454,
    "2,3": 4.375791372494035e-05,
    "2,18": -0.0010044165393604733,
    "3,4": 4.1645464191953686e-05,
    "3,11": -0.0010178875504670132,
    "4,5": 4.205751609702234e-05,
    "5,6": -7.386501422070103e-05,
    "5,13": -0.0005140774696822766,
    "6,7": -9.155431467821216e-05,
    "7,24": -2.2260806895913703e-06,
    "8,28": 0.00010178573390730319,
    "9,36": -0.0008057651108228449,
    "10,11": 0.015412469438723715,
    "10,32": 0.006653659714166244,
    "11,19": 0.0035988101150611746,
    "11,26": 0.009045771773195528,
    "12,4": 0.0008104120519050686,
    "12,13": 2.8613903254296745e-05,
    "13,14": -0.0016454635664279798,
    "14,20": -0.003825813359443257,
    "14,21": 0.0016403497930152775,
    "15,16": -2.7411166523743504e-05,
    "15,22": 0.0015104960453353581,
    "16,25": 0.0028848049097773693,
    "16,29": 0.00010638661410323729,
    "17,2": 7.934137436446686e-05,
    "17,18": 9.91788591822242e-06,
    "18,10": -0.003014498653442251,
    "19,12": 0.0017490259551593654,
    "19,20": -3.0215840098192012e-05,
    "20,15": -0.004786029199541449,
    "21,6": 0.0007723106995424888,
    "21,22": -9.196090652721177e-05,
    "22,7": 0.0003493282339886207,
    "22,23": 9.920690481952541e-05,
    "23,25": -0.000774830149555851,
    "24,8": -0.000658189026314215,
    "24,23": -1.4037054375376368e-05,
    "25,8": 0.0013399747602215184,
    "26,15": 0.007369114078353062,
    "26,27": -1.3342305157532934e-05,
    "27,16": 0.00422860269040435,
    "28,9": -0.00011011467274355263,
    "28,29": -8.809959334914412e-05,
    "29,30": 0.000202737835197927,
    "29,33": -0.0008044508144438342,
    "30,9": -0.0001556504380792922,
    "30,35": -0.00018161172672278075,
    "31,10": 0.026190627806332203,
    "31,34": 0.0034812565056502533,
    "32,27": 0.0056619449955618815,
    "32,33": -3.828528139564081e-05,
    "33,34": -0.0016127360958394748,
    "34,35": 0.0011285204098107772,
    "35,36": -0.00021309131691200353,
    "36,1": -0.0014888564277348486,
    "37,1": 0.033909999999999996
  },
  "h": {
    "1": 120.9786941217764,
    "2": 104.40000000019656,
    "3": 103.83836368269186,
    "4": 102.50000000014997,
    "5": 101.24000000032991,
    "6": 105.40000000005578,
    "7": 107.90000000001353,
    "8": 108.89013954619477,
    "9": 110.20299929487511,
    "10": 116.11831368921808,
    "11": 113.65821329711886,
    "12": 104.22865733925758,
    "13": 103.79331791968488,
    "14": 108.35730778919134,
    "15": 111.15101518306186,
    "16": 111.51163082439534,
    "17": 109.69069935589025,
    "18": 109.62028271748501,
    "19": 108.75993625360063,
    "20": 109.34595692922143,
    "21": 107.50244514780721,
    "22": 110.2413085744091,
    "23": 108.02427615216968,
    "24": 107.90379649007652,
    "25": 110.21997690838398,
    "26": 112.72673046427462,
    "27": 112.82046039583011,
    "28": 105.65000000213165,
    "29": 108.20506964511227,
    "30": 104.10000000032431,
    "31": 119.65258872634851,
    "32": 114.5975547408185,
    "33": 115.12653753442356,
    "34": 116.48599452187099,
    "35": 106.50520241463435,
    "36": 113.82416569442172,
    "37": 121
  },
  "l": {
    "1,17,4": 132.75999993031476,
    "17,2,1": 374.67999992045594,
    "2,3,1": 119.73999993079323,
    "3,4,1": 312.71999992419126,
    "4,5,1": 289.0899999264596,
    "5,6,1": 336.32999993763116,
    "6,7,1": 135.80999996310896,
    "7,24,1": 201.25999992775846,
    "24,8,5": 132.52999995870354,
    "8,28,1": 144.65999995105958,
    "28,9,1": 175.71999987465924,
    "9,36,4": 112.16999984757511,
    "36,1,4": 0.6339926529299387,
    "36,1,5": 210.10600733159936,
    "1,31,13": 75.40999999111419,
    "31,10,12": 110.88971791066798,
    "31,10,13": 70.53028208523597,
    "10,11,11": 146.95999998414248,
    "11,19,6": 32.32337139454318,
    "11,19,7": 130.36662859638784,
    "19,12,5": 99.63999992355393,
    "12,4,4": 52.979991723297076,
    "2,18,4": 79.54187058867323,
    "2,18,5": 83.42812939585603,
    "18,10,5": 36.83372359627473,
    "18,10,6": 47.12627639095966,
    "10,32,8": 49.819999998224176,
    "32,27,8": 78.49999997031537,
    "27,16,8": 99.26999998696468,
    "16,25,7": 82.2899999151115,
    "25,8,6": 147.48999996480038,
    "3,11,4": 197.31999993130853,
    "11,26,9": 2.532867861836163,
    "11,26,10": 80.76713213175626,
    "26,15,9": 113.79999998320343,
    "15,22,6": 80.81999996553095,
    "22,7,4": 340.9699998749929,
    "5,13,3": 51.96881837818995,
    "5,13,4": 25.42118159907955,
    "13,14,5": 112.3699999650124,
    "14,20,7": 37.33999994765562,
    "20,15,8": 108.84999997968728,
    "15,16,1": 182.81999992990444,
    "16,29,1": 136.01999994228373,
    "29,30,1": 48.708194840776684,
    "29,30,2": 7.991805123461706,
    "30,9,1": 124.07999982564368,
    "17,18,1": 234.59999992824004,
    "12,13,1": 203.8299999270973,
    "19,20,1": 248.0499999305286,
    "14,21,6": 65.18999997164785,
    "21,6,5": 210.0899999710122,
    "21,22,1": 147.56999992192297,
    "22,23,1": 103.79999986645298,
    "24,23,1": 210.94999992319094,
    "23,25,4": 72.14460760113548,
    "23,25,5": 2.935392383393736,
    "26,27,1": 180.28999992916644,
    "28,29,1": 149.04999990376228,
    "29,33,4": 215.04999994363666,
    "32,33,1": 144.4399999239084,
    "33,34,5": 34.73999997144144,
    "31,34,6": 59.92999997367656,
    "34,35,4": 165.66999995262336,
    "30,35,2": 119.96999991371987,
    "35,36,1": 83.16999985502011,
    "37,1,13": 0.9999999887194788
  },
  "D": {
    "1": 0.00049,
    "2": 0.00104,
    "3": 0.00102,
    "4": 0.00081,
    "5": 0.00063,
    "6": 0.00079,
    "7": 0.00026,
    "8": 0.00058,
    "9": 0.00054,
    "10": 0.00111,
    "11": 0.00175,
    "12": 0.00091,
    "13": 0.00116,
    "14": 0.00054,
    "15": 0.0011,
    "16": 0.00121,
    "17": 0.00127,
    "18": 0.00202,
    "19": 0.00188,
    "20": 0.00093,
    "21": 0.00096,
    "22": 0.00097,
    "23": 0.00086,
    "24": 0.00067,
    "25": 0.00077,
    "26": 0.00169,
    "27": 0.00142,
    "28": 0.0003,
    "29": 0.00062,
    "30": 0.00054,
    "31": 0.0009,
    "32": 0.00103,
    "33": 0.00077,
    "34": 0.00074,
    "35": 0.00116,
    "36": 0.00047,
    "37": 0
  },
  "Diameters": {
    "1": 0.016,
    "2": 0.0204,
    "3": 0.026,
    "4": 0.0326,
    "5": 0.0408,
    "6": 0.0514,
    "7": 0.0614,
    "8": 0.0736,
    "9": 0.09,
    "10": 0.1022,
    "11": 0.1146,
    "12": 0.1308,
    "13": 0.1472,
    "14": 0.1636,
    "15": 0.184,
    "16": 0.2046,
    "17": 0.2292,
    "18": 0.2578,
    "19": 0.2906,
    "20": 0.3274,
    "21": 0.3682,
    "22": 0.4092
  },
  "L": {
    "1,17": 132.76,
    "1,31": 75.41,
    "2,3": 119.74,
    "2,18": 162.97,
    "3,4": 312.72,
    "3,11": 197.32,
    "4,5": 289.09,
    "5,6": 336.33,
    "5,13": 77.39,
    "6,7": 135.81,
    "7,24": 201.26,
    "8,28": 144.66,
    "9,36": 112.17,
    "10,11": 146.96,
    "10,32": 49.82,
    "11,19": 162.69,
    "11,26": 83.3,
    "12,4": 52.98,
    "12,13": 203.83,
    "13,14": 112.37,
    "14,20": 37.34,
    "14,21": 65.19,
    "15,16": 182.82,
    "15,22": 80.82,
    "16,25": 82.29,
    "16,29": 136.02,
    "17,2": 374.68,
    "17,18": 234.6,
    "18,10": 83.96,
    "19,12": 99.64,
    "19,20": 248.05,
    "20,15": 108.85,
    "21,6": 210.09,
    "21,22": 147.57,
    "22,7": 340.97,
    "22,23": 103.8,
    "23,25": 75.08,
    "24,8": 132.53,
    "24,23": 210.95,
    "25,8": 147.49,
    "26,15": 113.8,
    "26,27": 180.29,
    "27,16": 99.27,
    "28,9": 175.72,
    "28,29": 149.05,
    "29,30": 56.7,
    "29,33": 215.05,
    "30,9": 124.08,
    "30,35": 119.97,
    "31,10": 181.42,
    "31,34": 59.93,
    "32,27": 78.5,
    "32,33": 144.44,
    "33,34": 34.74,
    "34,35": 165.67,
    "35,36": 83.17,
    "36,1": 210.74,
    "37,1": 1
  },
  "C": {
    "1": 0.38,
    "2": 0.56,
    "3": 0.88,
    "4": 1.35,
    "5": 2.02,
    "6": 3.21,
    "7": 4.44,
    "8": 6.45,