{
  "iteration": 7,
  "objective": 20219.722618940235,
  "solve_time": 116.33802032470703,
  "q": {
    "1,17": 0.001363184286104969,
    "1,31": 0.030541337457731542,
    "2,3": 6.110969029816156e-05,
    "2,18": -0.0010222590244611427,
    "3,4": 3.2746171658189624e-05,
    "3,11": -0.0009916364813600282,
    "4,5": 4.205751609588286e-05,
    "5,6": -7.386501421751008e-05,
    "5,13": -0.0005140774696866071,
    "6,7": -9.155431466845527e-05,
    "7,24": 2.7523234901658082e-05,
    "8,28": 9.344553874638038e-05,
    "9,36": -0.0008366888314314514,
    "10,11": 0.015419380823239234,
    "10,32": 0.006720453412228369,
    "11,19": 0.003647618485516962,
    "11,26": 0.009030125856362241,
    "12,4": 0.0008193113444376932,
    "12,13": 2.9332207273482408e-05,
    "13,14": -0.0016447452624131246,
    "14,20": -0.0038366395538620658,
    "14,21": 0.0016518942914489413,
    "15,16": -2.825759325795523e-05,
    "15,22": 0.00152515008152069,
    "16,25": 0.0028502661799942597,
    "16,29": 0.00011910876537971174,
    "17,2": 7.88506658370187e-05,
    "17,18": 1.4333620267950358e-05,
    "18,10": -0.0030279254041931923,
    "19,12": 0.0017586435517111748,
    "19,20": 8.974933805786942e-06,
    "20,15": -0.004757664620056279,
    "21,6": 0.0007723106995490549,
    "21,22": -8.04164081001139e-05,
    "22,7": 0.00037907754957011345,
    "22,23": 9.565612385046247e-05,
    "23,25": -0.0007745271778332812,
    "24,8": -0.0006322934634145983,
    "24,23": -1.0183301683743707e-05,
    "25,8": 0.0013057390021609786,
    "26,15": 0.007354557108319014,
    "26,27": -1.4431251956770556e-05,
    "27,16": 0.004207632538631926,
    "28,9": -0.00014743682313058073,
    "28,29": -5.9117638123038876e-05,
    "29,30": 0.00020604420982781325,
    "29,33": -0.0007660530825711405,
    "30,9": -0.00014925200830087057,
    "30,35": -0.00018470378187131616,
    "31,10": 0.026277759639660794,
    "31,34": 0.0033635778180707465,
    "32,27": 0.005642063790588691,
    "32,33": 4.838962163967703e-05,
    "33,34": -0.0014876634609314635,
    "34,35": 0.0011359143571392845,
    "35,36": -0.00020878942473203147,
    "36,1": -0.0015154782561634821,
    "37,1": 0.033909999999999996
  },
  "h": {
    "1": 120.9786941218146,
    "2": 104.40000000000745,
    "3": 103.3574564209115,
    "4": 102.5000000000122,
    "5": 101.2400000000125,
    "6": 105.40000000000113,
    "7": 107.90000000000123,
    "8": 108.41568063392735,
    "9": 109.74652242055252,
    "10": 115.5019429836538,
    "11": 113.03979911555429,
    "12": 104.26397789498631,
    "13": 103.80818278162633,
    "14": 108.36848351091707,
    "15": 110.56492931316514,
    "16": 110.94643861457195,
    "17": 109.6302583275646,
    "18": 109.49098170828269,
    "19": 108.84151066760798,
    "20": 108.77963324827574,
    "21": 107.50244514771941,
    "22": 109.63881037183417,
    "23": 107.5664918364011,
    "24": 107.50000000000111,
    "25": 109.6832788030115,
    "26": 112.13488477603876,
    "27": 112.24327291406696,
    "28": 105.65000000004703,
    "29": 106.8704812024378,
    "30": 104.09999999963439,
    "31": 119.65504161836873,
    "32": 114.00882799054943,
    "33": 113.19256953132485,
    "34": 116.68382964606955,
    "35": 106.58159159871222,
    "36": 113.62926761666131,
    "37": 121
  },
  "l": {
    "1,17,4": 132.75999999773825,
    "17,2,1": 374.67999999710736,
    "2,3,1": 119.73999999752061,
    "3,4,1": 312.719999997338,
    "4,5,1": 289.089999997236,
    "5,6,1": 336.3299999979346,
    "6,7,1": 135.80999999777478,
    "7,24,1": 201.25999999765426,
    "24,8,5": 132.5299999989929,
    "8,28,1": 144.65999999810074,
    "28,9,1": 55.15076985768934,
    "28,9,2": 120.56923014101329,
    "9,36,4": 112.16999999687222,
    "36,1,5": 210.73999998779087,
    "1,31,13": 75.40999999967387,
    "31,10,12": 168.67626143392695,
    "31,10,13": 12.743738565924415,
    "10,11,11": 146.95999999953267,
    "11,19,6": 7.639391243715911,
    "11,19,7": 155.05060875595507,
    "19,12,5": 99.63999999897196,
    "12,4,4": 52.97999999834819,
    "2,18,4": 70.47406481429041,
    "2,18,5": 92.49593518514833,
    "18,10,5": 30.460936756578214,
    "18,10,6": 53.499063242958705,
    "10,32,8": 46.934543233675534,
    "10,32,9": 2.8854567660465666,
    "32,27,8": 78.49999999939521,
    "27,16,8": 99.2699999994588,
    "16,25,7": 82.2899999991009,
    "25,8,6": 147.48999999908318,
    "3,11,3": 3.4257164017435664,
    "3,11,4": 193.8942835974318,
    "11,26,10": 83.29999999839804,
    "26,15,9": 113.79999999926055,
    "15,22,6": 80.81999999876449,
    "22,7,4": 155.44980491007993,
    "22,7,5": 185.52019508935888,
    "5,13,3": 52.49561313375843,
    "5,13,4": 24.894386865416948,
    "13,14,5": 112.36999999781894,
    "14,20,8": 37.339999999179135,
    "20,15,8": 108.84999999951431,
    "15,16,1": 182.81999999741097,
    "16,29,1": 136.0199999978727,
    "29,30,1": 23.264043240361474,
    "29,30,2": 33.43595675834119,
    "30,9,1": 124.079999995311,
    "17,18,1": 234.59999999738352,
    "12,13,1": 203.8299999973015,
    "19,20,1": 248.0499999973828,
    "14,21,6": 65.18999999273638,
    "21,6,5": 210.0899999971069,
    "21,22,1": 147.5699999970383,
    "22,23,1": 103.79999999653255,
    "24,23,1": 210.94999999731397,
    "23,25,4": 68.26730441742482,
    "23,25,5": 6.812695582013892,
    "26,27,1": 180.28999999741745,
    "28,29,1": 149.04999999706445,
    "29,33,4": 215.04999999673643,
    "32,33,1": 144.43999999757193,
    "33,34,4": 34.73999999983567,
    "31,34,6": 59.92999999909862,
    "34,35,4": 165.66999999812944,
    "30,35,2": 119.96999999670946,
    "35,36,1": 83.1699999957057,
    "37,1,13": 0.999999999605543
  },
  "D": {
    "1": 0.00049,
    "2": 0.00104,
    "3": 0.00102,
    "4": 0.00081,
    "5": 0.00063,
    "6": 0.00079,
    "7": 0.00026,
    "8": 0.00058,
    "9": 0.00054,
    "10": 0.00111,
    "11": 0.00175,
    "12": 0.00091,
    "13": 0.00116,
    "14": 0.00054,
    "15": 0.0011,
    "16": 0.00121,
    "17": 0.00127,
    "18": 0.00202,
    "19": 0.00188,
    "20": 0.00093,
    "21": 0.00096,
    "22": 0.00097,
    "23": 0.00086,
    "24": 0.00067,
    "25": 0.00077,
    "26": 0.00169,
    "27": 0.00142,
    "28": 0.0003,
    "29": 0.00062,
    "30": 0.00054,
    "31": 0.0009,
    "32": 0.00103,
    "33": 0.00077,
    "34": 0.00074,
    "35": 0.00116,
    "36": 0.00047,
    "37": 0
  },
  "Diameters": {
    "1": 0.016,
    "2": 0.0204,
    "3": 0.026,
    "4": 0.0326,
    "5": 0.0408,
    "6": 0.0514,
    "7": 0.0614,
    "8": 0.0736,
    "9": 0.09,
    "10": 0.1022,
    "11": 0.1146,
    "12": 0.1308,
    "13": 0.1472,
    "14": 0.1636,
    "15": 0.184,
    "16": 0.2046,
    "17": 0.2292,
    "18": 0.2578,
    "19": 0.2906,
    "20": 0.3274,
    "21": 0.3682,
    "22": 0.4092
  },
  "L": {
    "1,17": 132.76,
    "1,31": 75.41,
    "2,3": 119.74,
    "2,18": 162.97,
    "3,4": 312.72,
    "3,11": 197.32,
    "4,5": 289.09,
    "5,6": 336.33,
    "5,13": 77.39,
    "6,7": 135.81,
    "7,24": 201.26,
    "8,28": 144.66,
    "9,36": 112.17,
    "10,11": 146.96,
    "10,32": 49.82,
    "11,19": 162.69,
    "11,26": 83.3,
    "12,4": 52.98,
    "12,13": 203.83,
    "13,14": 112.37,
    "14,20": 37.34,
    "14,21": 65.19,
    "15,16": 182.82,
    "15,22": 80.82,
    "16,25": 82.29,
    "16,29": 136.02,
    "17,2": 374.68,
    "17,18": 234.6,
    "18,10": 83.96,
    "19,12": 99.64,
    "19,20": 248.05,
    "20,15": 108.85,
    "21,6": 210.09,
    "21,22": 147.57,
    "22,7": 340.97,
    "22,23": 103.8,
    "23,25": 75.08,
    "24,8": 132.53,
    "24,23": 210.95,
    "25,8": 147.49,
    "26,15": 113.8,
    "26,27": 180.29,
    "27,16": 99.27,
    "28,9": 175.72,
    "28,29": 149.05,
    "29,30": 56.7,
    "29,33": 215.05,
    "30,9": 124.08,
    "30,35": 119.97,
    "31,10": 181.42,
    "31,34": 59.93,
    "32,27": 78.5,
    "32,33": 144.44,
    "33,34": 34.74,
    "34,35": 165.67,
    "35,36": 83.17,
    "36,1": 210.74,
    "37,1": 1
  },
  "C": {
    "1": 0.38,
    "2": 0.56,
    "3": 0.88,
    "4": 1.35,
    "5": 2.02,