{
  "iteration": 1,
  "objective": 20684.7454478684,
  "solve_time": 60.55129289627075,
  "q": {
    "1,17": 0.0013571584285674944,
    "1,31": 0.030579934647065734,
    "2,3": 3.4968748793422003e-05,
    "2,18": -0.0009953661481642189,
    "3,4": 4.475373297172788e-05,
    "3,11": -0.0010297849841783059,
    "4,5": 4.205751585633384e-05,
    "5,6": -9.524853541279862e-05,
    "5,13": -0.0004926939487308675,
    "6,7": 1.8287591154930905e-06,
    "7,24": -1.000872721449535e-05,
    "8,28": 0.00010306514713305272,
    "9,36": -0.0008022117983956983,
    "10,11": 0.015440431925637058,
    "10,32": 0.006654736880754758,
    "11,19": 0.003556154369546602,
    "11,26": 0.00910449257191215,
    "12,4": 0.0008073037828846059,
    "12,13": 0.0,
    "13,14": -0.0016526939487308677,
    "14,20": -0.003962888098255616,
    "14,21": 0.001770194149524748,
    "15,16": -1.0060764195492e-05,
    "15,22": 0.0014042249754232193,
    "16,25": 0.002883894557597884,
    "16,29": 0.00010751334187357544,
    "17,2": 7.960260062920321e-05,
    "17,18": 7.555827938291218e-06,
    "18,10": -0.0030078103202259275,
    "19,12": 0.0017173037828846058,
    "19,20": -4.114941333800391e-05,
    "20,15": -0.0049340375115936195,
    "21,6": 0.0008870772945282916,
    "21,22": -7.688314500354372e-05,
    "22,7": 0.00024816251367001154,
    "22,23": 0.00010917931674966414,
    "23,25": -0.0007661140655526474,
    "24,8": -0.0006647153449121837,
    "24,23": -1.529338230231163e-05,
    "25,8": 0.0013477804920452364,
    "26,15": 0.007428201722821347,
    "26,27": -1.3709150909197262e-05,
    "27,16": 0.004211468663666952,
    "28,9": -0.00010838364403971641,
    "28,29": -8.855120882723084e-05,
    "29,30": 0.00020494758783180057,
    "29,33": -0.000805985454785456,
    "30,9": -0.00015382815435598197,
    "30,35": -0.0001812242578122175,
    "31,10": 0.02621297912661774,
    "31,34": 0.003466955520447991,
    "32,27": 0.005645177814576149,
    "32,33": -2.0440933821391166e-05,
    "33,34": -0.0015964263886068472,
    "34,35": 0.001130529131841144,
    "35,36": -0.0002106951259710733,
    "36,1": -0.0014829069243667717,
    "37,1": 0.03391
  },
  "h": {
    "1": 120.9787093557453,
    "2": 104.39999895619329,
    "3": 104.02922102307545,
    "4": 102.4999989752476,
    "5": 101.23999898783227,
    "6": 107.90177893970176,
    "7": 107.89999892101096,
    "8": 108.96596944232584,
    "9": 110.07133116770497,
    "10": 116.53106641574419,
    "11": 114.06269714356048,
    "12": 104.21639756138758,
    "13": 104.21639756138758,
    "14": 109.19838494692209,
    "15": 111.54474059782115,
    "16": 111.60108818883135,
    "17": 109.7230040624487,
    "18": 109.6804554428939,
    "19": 108.59664864373542,
    "20": 109.63494134161421,
    "21": 108.78421454048751,
    "22": 110.75000146421229,
    "23": 108.10264504324063,
    "24": 107.96143708038302,
    "25": 110.31018920952106,
    "26": 113.1439340139531,
    "27": 113.2424925588538,
    "28": 105.64999894394141,
    "29": 108.22937863552825,
    "30": 104.09999895934504,
    "31": 119.6519697544547,
    "32": 115.00985221923007,
    "33": 115.17532018520617,
    "34": 116.50942506423394,
    "35": 106.49570647153644,
    "36": 113.66297883167228,
    "37": 121
  },
  "l": {
    "1,17,4": 132.76000015809396,
    "17,2,1": 374.6800001531638,
    "2,3,1": 119.74000015690167,
    "3,4,1": 312.7200001552536,
    "4,5,1": 289.09000015371424,
    "5,6,1": 336.33000016481776,
    "6,7,1": 135.81000015575628,
    "7,24,1": 201.26000015283162,
    "24,8,5": 132.53000018589387,
    "8,28,1": 144.66000015640859,
    "28,9,1": 175.72000011192088,
    "9,36,4": 112.17000010778742,
    "36,1,4": 3.8576133967642265,
    "36,1,5": 206.88238678776503,
    "1,31,13": 75.4100002030056,
    "31,10,12": 70.15284372400207,
    "31,10,13": 111.26715647190184,
    "10,11,11": 146.96000020126127,
    "11,19,6": 53.51669073904505,
    "11,19,7": 109.17330945188593,
    "19,12,5": 99.64000017434432,
    "12,4,4": 52.98000016195098,
    "2,18,4": 84.17235635006463,
    "2,18,5": 78.79764383446452,
    "18,10,5": 41.35860910462449,
    "18,10,6": 42.6013910826099,
    "10,32,8": 49.82000019868505,
    "32,27,8": 78.50000019911286,
    "27,16,7": 18.461778473068474,
    "27,16,8": 80.80822171960301,
    "16,25,7": 82.29000019488667,
    "25,8,6": 147.49000018235793,
    "3,11,4": 197.32000015380999,
    "11,26,10": 83.30000019673174,
    "26,15,9": 113.80000017134957,
    "15,22,6": 80.82000017422646,
    "22,7,3": 219.4288383706935,
    "22,7,4": 121.54116180657604,
    "5,13,3": 75.5971807018483,
    "5,13,4": 1.792819475421227,
    "13,14,4": 4.691379767214477,
    "13,14,5": 107.67862041731476,
    "14,20,8": 37.34000019824017,
    "20,15,8": 108.85000004663564,
    "15,16,1": 182.82000015680143,
    "16,29,1": 136.02000016071509,
    "29,30,1": 47.67042650545766,
    "29,30,2": 9.029573658780734,
    "30,9,1": 124.08000009859506,
    "17,18,1": 234.6000001575817,
    "12,13,1": 203.83000015755675,
    "19,20,1": 248.05000016108127,
    "14,21,7": 65.19000019578591,
    "21,6,6": 210.0900001904092,
    "21,22,1": 147.57000013617593,
    "22,23,1": 103.80000015730829,
    "24,23,1": 210.9500001559993,
    "23,25,4": 75.08000017428375,
    "26,27,1": 180.2900001569113,
    "28,29,1": 149.05000013175695,
    "29,33,4": 215.0500001607816,
    "32,33,1": 144.44000015549244,
    "33,34,5": 34.74000018619652,
    "31,34,6": 59.930000189956004,
    "34,35,4": 165.67000017128373,
    "30,35,2": 119.97000013958512,
    "35,36,1": 83.17000011501393,
    "37,1,13": 1.0000000053575457
  },
  "D": {
    "1": 0.00049,
    "2": 0.00104,
    "3": 0.00102,
    "4": 0.00081,
    "5": 0.00063,
    "6": 0.00079,
    "7": 0.00026,
    "8": 0.00058,
    "9": 0.00054,
    "10": 0.00111,
    "11": 0.00175,
    "12": 0.00091,
    "13": 0.00116,
    "14": 0.00054,
    "15": 0.0011,
    "16": 0.00121,
    "17": 0.00127,
    "18": 0.00202,
    "19": 0.00188,
    "20": 0.00093,
    "21": 0.00096,
    "22": 0.00097,
    "23": 0.00086,
    "24": 0.00067,
    "25": 0.00077,
    "26": 0.00169,
    "27": 0.00142,
    "28": 0.0003,
    "29": 0.00062,
    "30": 0.00054,
    "31": 0.0009,
    "32": 0.00103,
    "33": 0.00077,
    "34": 0.00074,
    "35": 0.00116,
    "36": 0.00047,
    "37": 0
  },
  "Diameters": {
    "1": 0.016,
    "2": 0.0204,
    "3": 0.026,
    "4": 0.0326,
    "5": 0.0408,
    "6": 0.0514,
    "7": 0.0614,
    "8": 0.0736,
    "9": 0.09,
    "10": 0.1022,
    "11": 0.1146,
    "12": 0.1308,
    "13": 0.1472,
    "14": 0.1636,
    "15": 0.184,
    "16": 0.2046,
    "17": 0.2292,
    "18": 0.2578,
    "19": 0.2906,
    "20": 0.3274,
    "21": 0.3682,
    "22": 0.4092
  },
  "L": {
    "1,17": 132.76,
    "1,31": 75.41,
    "2,3": 119.74,
    "2,18": 162.97,
    "3,4": 312.72,
    "3,11": 197.32,
    "4,5": 289.09,
    "5,6": 336.33,
    "5,13": 77.39,
    "6,7": 135.81,
    "7,24": 201.26,
    "8,28": 144.66,
    "9,36": 112.17,
    "10,11": 146.96,
    "10,32": 49.82,
    "11,19": 162.69,
    "11,26": 83.3,
    "12,4": 52.98,
    "12,13": 203.83,
    "13,14": 112.37,
    "14,20": 37.34,
    "14,21": 65.19,
    "15,16": 182.82,
    "15,22": 80.82,
    "16,25": 82.29,
    "16,29": 136.02,
    "17,2": 374.68,
    "17,18": 234.6,
    "18,10": 83.96,
    "19,12": 99.64,
    "19,20": 248.05,
    "20,15": 108.85,
    "21,6": 210.09,
    "21,22": 147.57,
    "22,7": 340.97,
    "22,23": 103.8,
    "23,25": 75.08,
    "24,8": 132.53,
    "24,23": 210.95,
    "25,8": 147.49,
    "26,15": 113.8,
    "26,27": 180.29,
    "27,16": 99.27,
    "28,9": 175.72,
    "28,29": 149.05,
    "29,30": 56.7,
    "29,33": 215.05,
    "30,9": 124.08,
    "30,35": 119.97,
    "31,10": 181.42,
    "31,34": 59.93,
    "32,27": 78.5,
    "32,33": 144.44,
    "33,34": 34.74,
    "34,35": 165.67,
    "35,36": 83.17,
    "36,1": 210.74,
    "37,1": 1
  },
  "C": {
    "1": 0.38,
    "2": 0.56,
    "3": 0.88,
    "4": 1.35,
    "5": 2.02,
    "6": 3.21,
    "7": 4.44,
    "8": 6.45,
    "9": 9.59,