{
  "iteration": 6,
  "objective": 20220.203203133762,
  "solve_time": 108.91373658180237,
  "q": {
    "1,17": 0.0013622218667120789,
    "1,31": 0.0305597393162807,
    "2,3": 5.3866615350645014e-05,
    "2,18": -0.0010148952753349363,
    "3,4": 3.699240100284722e-05,
    "3,11": -0.0010031257856573286,
    "4,5": 4.205751609558634e-05,
    "5,6": -7.386501421745225e-05,
    "5,13": -0.0005140774696857933,
    "6,7": -9.155431466848247e-05,
    "7,24": 2.7523234901586268e-05,
    "8,28": 9.378677493416572e-05,
    "9,36": -0.0008152103912876953,
    "10,11": 0.015424849101445424,
    "10,32": 0.006601898701263772,
    "11,19": 0.003492978537495138,
    "11,26": 0.009178744778293104,
    "12,4": 0.0008150651150989228,
    "12,13": -2.4617896317833592e-05,
    "13,14": -0.0016986953660033605,
    "14,20": -0.0038905308887725405,
    "14,21": 0.0016518355227711074,
    "15,16": -2.9290909869257373e-05,
    "15,22": 0.0015267301306442582,
    "16,25": 0.002849086135787522,
    "16,29": 9.975855480651096e-05,
    "17,2": 7.897134001659783e-05,
    "17,18": 1.3250526694299221e-05,
    "18,10": -0.0030216447486411486,
    "19,12": 0.0017004472187857839,
    "19,20": -8.746868129388396e-05,
    "20,15": -0.004907999570064254,
    "21,6": 0.0007723106995421198,
    "21,22": -8.047517677167121e-05,
    "22,7": 0.00037907754956877007,
    "22,23": 9.717740430921062e-05,
    "23,25": -0.0007660537368478467,
    "24,8": -0.0006392456239418805,
    "24,23": -3.2311412890038875e-06,
    "25,8": 0.0013130323989326911,
    "26,15": 0.007505438790837311,
    "26,27": -1.669401254370065e-05,
    "27,16": 0.004188135600468205,
    "28,9": -0.00012119280065366458,
    "28,29": -8.502042436922594e-05,
    "29,30": 0.000205282717727484,
    "29,33": -0.0008105445872829618,
    "30,9": -0.00015401759063755454,
    "30,35": -0.00018069969161819667,
    "31,10": 0.02615839255135081,
    "31,34": 0.003501346764928515,
    "32,27": 0.0056248296130142475,
    "32,33": -5.293091175167496e-05,
    "33,34": -0.0016334754990346618,
    "34,35": 0.0011278712658936085,
    "35,36": -0.0002128284257193471,
    "36,1": -0.0014980388170058115,
    "37,1": 0.033909999999999996
  },
  "h": {
    "1": 120.978694121815,
    "2": 104.40000000000796,
    "3": 103.57467992671071,
    "4": 102.50000000000216,
    "5": 101.24000000001841,
    "6": 105.40000000000107,
    "7": 107.90000000000111,
    "8": 108.4344139419357,
    "9": 110.08495816859404,
    "10": 115.59617630264462,
    "11": 113.13241508578534,
    "12": 103.08582583130574,
    "13": 103.41531711796416,
    "14": 108.25651354461615,
    "15": 110.56959937207108,
    "16": 110.97734757721344,
    "17": 109.64509225463289,
    "18": 109.52467662033882,
    "19": 104.48248263777296,
    "20": 108.67842293205837,
    "21": 107.50244514767468,
    "22": 109.6417027352397,
    "23": 107.50793388378099,
    "24": 107.50000000000263,
    "25": 109.71515612272862,
    "26": 112.19972532874891,
    "27": 112.34167461493799,
    "28": 105.65000000000865,
    "29": 108.04214866065614,
    "30": 104.10000000001178,
    "31": 119.65356421168721,
    "32": 114.0972547755316,
    "33": 115.06103127913855,
    "34": 116.45304273232394,
    "35": 106.48288057550788,
    "36": 113.785130167944,
    "37": 121
  },
  "l": {
    "1,17,4": 132.7599999976137,
    "17,2,1": 374.67999999710486,
    "2,3,1": 119.73999999740322,
    "3,4,1": 312.71999999717434,
    "4,5,1": 289.0899999974077,
    "5,6,1": 336.3299999979385,
    "6,7,1": 135.809999997669,
    "7,24,1": 201.25999999784761,
    "24,8,5": 132.52999999847464,
    "8,28,1": 144.6599999966837,
    "28,9,1": 129.01522761967178,
    "28,9,2": 46.70477237903082,
    "9,36,4": 112.16999999809309,
    "36,1,5": 210.7399999978949,
    "1,31,13": 75.40999999967822,
    "31,10,12": 162.73762057807525,
    "31,10,13": 18.682379421776126,
    "10,11,11": 146.95999999960358,
    "11,19,6": 162.689999999944,
    "19,12,6": 99.63999999910318,
    "12,4,5": 52.97999999904126,
    "2,18,4": 73.55635254713741,
    "2,18,5": 89.41364745230135,
    "18,10,5": 31.450031698652186,
    "18,10,6": 52.50996830088471,
    "10,32,8": 49.81999999948868,
    "32,27,8": 78.49999999952203,
    "27,16,7": 4.282080842132135,
    "27,16,8": 94.98791915760201,
    "16,25,7": 82.28999999933956,
    "25,8,6": 147.48999999709883,
    "3,11,4": 197.31999999804887,
    "11,26,10": 83.29999999909892,
    "26,15,9": 113.79999999894915,
    "15,22,6": 80.81999999882098,
    "22,7,4": 155.99450793468372,
    "22,7,5": 184.97549206475497,
    "5,13,3": 38.57287642483538,
    "5,13,4": 38.817123574339995,
    "13,14,5": 112.3699999990338,
    "14,20,8": 37.33999999938041,
    "20,15,8": 108.8499999995128,
    "15,16,1": 182.81999999733148,
    "16,29,1": 136.0199999975551,
    "29,30,1": 44.16406404587348,
    "29,30,2": 12.535935952829156,
    "30,9,1": 124.07999999478616,
    "17,18,1": 234.5999999973866,
    "12,13,1": 203.8299999974013,
    "19,20,1": 248.0499999973562,
    "14,21,6": 50.64624188920864,
    "14,21,7": 14.54375811046235,
    "21,6,5": 210.08999999571813,
    "21,22,1": 147.5699999969833,
    "22,23,1": 103.79999999740517,
    "24,23,1": 210.94999999740284,
    "23,25,4": 75.07999998908464,
    "26,27,1": 180.28999999738943,
    "28,29,1": 149.04999999494638,
    "29,33,4": 215.04999999829056,
    "32,33,1": 144.43999999719733,
    "33,34,5": 34.739999998978504,
    "31,34,6": 59.92999999901644,
    "34,35,4": 165.66999999835593,
    "30,35,2": 119.9699999969171,
    "35,36,1": 83.16999999541123,
    "37,1,13": 0.9999999995801928
  },
  "D": {
    "1": 0.00049,
    "2": 0.00104,
    "3": 0.00102,
    "4": 0.00081,
    "5": 0.00063,
    "6": 0.00079,
    "7": 0.00026,
    "8": 0.00058,
    "9": 0.00054,
    "10": 0.00111,
    "11": 0.00175,
    "12": 0.00091,
    "13": 0.00116,
    "14": 0.00054,
    "15": 0.0011,
    "16": 0.00121,
    "17": 0.00127,
    "18": 0.00202,
    "19": 0.00188,
    "20": 0.00093,
    "21": 0.00096,
    "22": 0.00097,
    "23": 0.00086,
    "24": 0.00067,
    "25": 0.00077,
    "26": 0.00169,
    "27": 0.00142,
    "28": 0.0003,
    "29": 0.00062,
    "30": 0.00054,
    "31": 0.0009,
    "32": 0.00103,
    "33": 0.00077,
    "34": 0.00074,
    "35": 0.00116,
    "36": 0.00047,
    "37": 0
  },
  "Diameters": {
    "1": 0.016,
    "2": 0.0204,
    "3": 0.026,
    "4": 0.0326,
    "5": 0.0408,
    "6": 0.0514,
    "7": 0.0614,
    "8": 0.0736,
    "9": 0.09,
    "10": 0.1022,
    "11": 0.1146,
    "12": 0.1308,
    "13": 0.1472,
    "14": 0.1636,
    "15": 0.184,
    "16": 0.2046,
    "17": 0.2292,
    "18": 0.2578,
    "19": 0.2906,
    "20": 0.3274,
    "21": 0.3682,
    "22": 0.4092
  },
  "L": {
    "1,17": 132.76,
    "1,31": 75.41,
    "2,3": 119.74,
    "2,18": 162.97,
    "3,4": 312.72,
    "3,11": 197.32,
    "4,5": 289.09,
    "5,6": 336.33,
    "5,13": 77.39,
    "6,7": 135.81,
    "7,24": 201.26,
    "8,28": 144.66,
    "9,36": 112.17,
    "10,11": 146.96,
    "10,32": 49.82,
    "11,19": 162.69,
    "11,26": 83.3,
    "12,4": 52.98,
    "12,13": 203.83,
    "13,14": 112.37,
    "14,20": 37.34,
    "14,21": 65.19,
    "15,16": 182.82,
    "15,22": 80.82,
    "16,25": 82.29,
    "16,29": 136.02,
    "17,2": 374.68,
    "17,18": 234.6,
    "18,10": 83.96,
    "19,12": 99.64,
    "19,20": 248.05,
    "20,15": 108.85,
    "21,6": 210.09,
    "21,22": 147.57,
    "22,7": 340.97,
    "22,23": 103.8,
    "23,25": 75.08,
    "24,8": 132.53,
    "24,23": 210.95,
    "25,8": 147.49,
    "26,15": 113.8,
    "26,27": 180.29,
    "27,16": 99.27,
    "28,9": 175.72,
    "28,29": 149.05,
    "29,30": 56.7,
    "29,33": 215.05,
    "30,9": 124.08,
    "30,35": 119.97,
    "31,10": 181.42,
    "31,34": 59.93,
    "32,27": 78.5,
    "32,33": 144.44,
    "33,34": 34.74,
    "34,35": 165.67,
    "35,36": 83.17,
    "36,1": 210.74,
    "37,1": 1
  },
  "C": {
    "1": 0.38,
    "2": 0.56,
    "3": 0.88,
    "4": 1.35,
    "5": 2.02,
    "6": 3.21,
    "7": 4.44,
    "8": 6.45,
    "9": 9.59,