{
  "iteration": 8,
  "objective": 20192.191352670096,
  "solve_time": 119.76756620407104,
  "q": {
    "1,17": 0.0013633866909468335,
    "1,31": 0.03053847618919433,
    "2,3": 6.054181641391205e-05,
    "2,18": -0.001021716558645094,
    "3,4": 3.3112942482758216e-05,
    "3,11": -0.0009925711260688462,
    "4,5": 4.205751609588652e-05,
    "5,6": -7.38650142175119e-05,
    "5,13": -0.0005140774696866015,
    "6,7": -9.155431466844656e-05,
    "7,24": 2.7523234901661616e-05,
    "8,28": 9.341222001099138e-05,
    "9,36": -0.0008327928866412225,
    "10,11": 0.015420219811424149,
    "10,32": 0.006614546352906638,
    "11,19": 0.003646936266256201,
    "11,26": 0.0090307124190991,
    "12,4": 0.0008189445736131282,
    "12,13": 2.9289318505236583e-05,
    "13,14": -0.001644788151181365,
    "14,20": -0.003836673755856666,
    "14,21": 0.001651885604675301,
    "15,16": -2.8129989847737252e-05,
    "15,22": 0.0015249581171377588,
    "16,25": 0.0028504335124154433,
    "16,29": 0.00011651372076678218,
    "17,2": 7.882525776881801e-05,
    "17,18": 1.4561433178015276e-05,
    "18,10": -0.0030271551254670787,
    "19,12": 0.0017582338921183647,
    "19,20": 8.702374137835663e-06,
    "20,15": -0.00475797138171883,
    "21,6": 0.0007723106995490654,
    "21,22": -8.042509487376428e-05,
    "22,7": 0.00037907754957010813,
    "22,23": 9.545547269388619e-05,
    "23,25": -0.0007754089746864556,
    "24,8": -0.0006316123177179962,
    "24,23": -1.0864447380342194e-05,
    "25,8": 0.0013050245377289875,
    "26,15": 0.007354799509008851,
    "26,27": -1.408708990975086e-05,
    "27,16": 0.004205077223029962,
    "28,9": -0.0001434050759586373,
    "28,29": -6.31827040303713e-05,
    "29,30": 0.00030283963680832315,
    "29,33": -0.0008695086200719122,
    "30,9": -0.00014938781068258523,
    "30,35": -8.777255250909158e-05,
    "31,10": 0.026171921289797864,
    "31,34": 0.0034665548993964637,
    "32,27": 0.005639164312939713,
    "32,33": -5.461796003307451e-05,
    "33,34": -0.0016941265801049866,
    "34,35": 0.001032428319291478,
    "35,36": -0.0002153442332176137,
    "36,1": -0.001518137119858836,
    "37,1": 0.033909999999999996
  },
  "h": {
    "1": 120.97869412181478,
    "2": 104.40000000000744,
    "3": 103.37532761196489,
    "4": 102.50000000001232,
    "5": 101.24000000001242,
    "6": 105.40000000000114,
    "7": 107.90000000000124,
    "8": 108.41385460784429,
    "9": 109.75604111872606,
    "10": 115.5026073397487,
    "11": 113.0402153564408,
    "12": 104.26251572757634,
    "13": 103.80795411333628,
    "14": 108.3684750765485,
    "15": 110.56514085857872,
    "16": 110.94346569277045,
    "17": 109.627137492748,
    "18": 109.48373353643548,
    "19": 108.83807392058492,
    "20": 108.77963160192748,
    "21": 107.50244514772142,
    "22": 109.63923778736968,
    "23": 107.57496262269028,
    "24": 107.50000000000105,
    "25": 109.68016853875223,
    "26": 112.13519215371456,
    "27": 112.23884178305266,
    "28": 105.65000000004176,
    "29": 107.03044451214043,
    "30": 104.10000000001268,
    "31": 119.65527126929584,
    "32": 114.0027168608731,
    "33": 115.02415453516495,
    "34": 116.51339885932968,
    "35": 106.14245320756456,
    "36": 113.6053694142382,
    "37": 121
  },
  "l": {
    "1,17,4": 132.7599999977219,
    "17,2,1": 374.6799999971054,
    "2,3,1": 119.73999999752128,
    "3,4,1": 312.7199999973376,
    "4,5,1": 289.08999999723693,
    "5,6,1": 336.3299999979269,
    "6,7,1": 135.80999999780724,
    "7,24,1": 201.25999999763368,
    "24,8,5": 132.5299999989659,
    "8,28,1": 144.65999999809267,
    "28,9,1": 62.46982059090063,
    "28,9,2": 113.25017940780202,
    "9,36,4": 112.16999999746245,
    "36,1,5": 210.73999999356656,
    "1,31,13": 75.40999999967637,
    "31,10,12": 171.6497080656457,
    "31,10,13": 9.770291934205671,
    "10,11,11": 146.95999999952963,
    "11,19,6": 7.798478725644563,
    "11,19,7": 154.89152127402642,
    "19,12,5": 99.63999999897764,
    "12,4,4": 52.97999999835263,
    "2,18,4": 70.40663570966377,
    "2,18,5": 92.56336428977498,
    "18,10,5": 30.58761219615812,
    "18,10,6": 53.37238780337879,
    "10,32,8": 49.5891392799009,
    "10,32,9": 0.230860719821199,
    "32,27,8": 78.49999999935375,
    "27,16,8": 99.26999999948053,
    "16,25,7": 82.28999999900908,
    "25,8,6": 147.4899999990607,
    "3,11,3": 3.0656421052355807,
    "3,11,4": 194.25435789393978,
    "11,26,10": 83.29999999833763,
    "26,15,9": 113.79999999927014,
    "15,22,6": 80.8199999987599,
    "22,7,4": 155.5302977463546,
    "22,7,5": 185.43970225308425,
    "5,13,3": 52.487509375429134,
    "5,13,4": 24.902490623746235,
    "13,14,5": 112.36999999786099,
    "14,20,8": 37.33999999913875,
    "20,15,8": 108.84999999950962,
    "15,16,1": 182.81999999741834,
    "16,29,1": 136.01999999784172,
    "29,30,2": 56.69999999653591,
    "30,9,1": 124.07999999462471,
    "17,18,1": 234.59999999738255,
    "12,13,1": 203.82999999730293,
    "19,20,1": 248.0499999973841,
    "14,21,6": 65.18999999452191,
    "21,6,5": 210.08999999737793,
    "21,22,1": 147.56999999705278,
    "22,23,1": 103.79999999641511,
    "24,23,1": 210.94999999729978,
    "23,25,4": 67.46437150315887,
    "23,25,5": 7.615628496279843,
    "26,27,1": 180.2899999974197,
    "28,29,1": 149.0499999970032,
    "29,33,4": 215.04999999835184,
    "32,33,1": 144.4399999971258,
    "33,34,5": 34.739999999017,
    "31,34,6": 59.92999999909639,
    "34,35,3": 18.57499769492901,
    "34,35,4": 147.09500230424638,
    "30,35,1": 119.97,
    "35,36,1": 83.16999999621603,
    "37,1,13": 0.999999999594449
  },
  "D": {
    "1": 0.00049,
    "2": 0.00104,
    "3": 0.00102,
    "4": 0.00081,
    "5": 0.00063,
    "6": 0.00079,
    "7": 0.00026,
    "8": 0.00058,
    "9": 0.00054,
    "10": 0.00111,
    "11": 0.00175,
    "12": 0.00091,
    "13": 0.00116,
    "14": 0.00054,
    "15": 0.0011,
    "16": 0.00121,
    "17": 0.00127,
    "18": 0.00202,
    "19": 0.00188,
    "20": 0.00093,
    "21": 0.00096,
    "22": 0.00097,
    "23": 0.00086,
    "24": 0.00067,
    "25": 0.00077,
    "26": 0.00169,
    "27": 0.00142,
    "28": 0.0003,
    "29": 0.00062,
    "30": 0.00054,
    "31": 0.0009,
    "32": 0.00103,
    "33": 0.00077,
    "34": 0.00074,
    "35": 0.00116,
    "36": 0.00047,
    "37": 0
  },
  "Diameters": {
    "1": 0.016,
    "2": 0.0204,
    "3": 0.026,
    "4": 0.0326,
    "5": 0.0408,
    "6": 0.0514,
    "7": 0.0614,
    "8": 0.0736,
    "9": 0.09,
    "10": 0.1022,
    "11": 0.1146,
    "12": 0.1308,
    "13": 0.1472,
    "14": 0.1636,
    "15": 0.184,
    "16": 0.2046,
    "17": 0.2292,
    "18": 0.2578,
    "19": 0.2906,
    "20": 0.3274,
    "21": 0.3682,
    "22": 0.4092
  },
  "L": {
    "1,17": 132.76,
    "1,31": 75.41,
    "2,3": 119.74,
    "2,18": 162.97,
    "3,4": 312.72,
    "3,11": 197.32,
    "4,5": 289.09,
    "5,6": 336.33,
    "5,13": 77.39,
    "6,7": 135.81,
    "7,24": 201.26,
    "8,28": 144.66,
    "9,36": 112.17,
    "10,11": 146.96,
    "10,32": 49.82,
    "11,19": 162.69,
    "11,26": 83.3,
    "12,4": 52.98,
    "12,13": 203.83,
    "13,14": 112.37,
    "14,20": 37.34,
    "14,21": 65.19,
    "15,16": 182.82,
    "15,22": 80.82,
    "16,25": 82.29,
    "16,29": 136.02,
    "17,2": 374.68,
    "17,18": 234.6,
    "18,10": 83.96,
    "19,12": 99.64,
    "19,20": 248.05,
    "20,15": 108.85,
    "21,6": 210.09,
    "21,22": 147.57,
    "22,7": 340.97,
    "22,23": 103.8,
    "23,25": 75.08,
    "24,8": 132.53,
    "24,23": 210.95,
    "25,8": 147.49,
    "26,15": 113.8,
    "26,27": 180.29,
    "27,16": 99.27,
    "28,9": 175.72,
    "28,29": 149.05,
    "29,30": 56.7,
    "29,33": 215.05,
    "30,9": 124.08,
    "30,35": 119.97,
    "31,10": 181.42,
    "31,34": 59.93,
    "32,27": 78.5,
    "32,33": 144.44,
    "33,34": 34.74,
    "34,35": 165.67,
    "35,36": 83.17,
    "36,1": 210.74,
    "37,1": 1
  },
  "C": {
    "1": 0.38,
    "2": 0.56,
    "3": 0.88,
    "4": 1.35,
    "5": 2.02,
    "6": 3.21,