{
  "iteration": 3,
  "objective": 20200.58182314124,
  "solve_time": 17.9745774269104,
  "q": {
    "1,17": 0.0013048516961813876,
    "1,31": 0.030529022447977942,
    "2,3": 5.5447945761797964e-05,
    "2,18": -0.0010096682374062197,
    "3,4": 3.613961593676335e-05,
    "3,11": -0.0010006916701749654,
    "4,5": 4.205751609600377e-05,
    "5,6": -7.386501421744102e-05,
    "5,13": -0.0005140774696865553,
    "6,7": -9.155431466819429e-05,
    "7,24": 2.7523234901611485e-05,
    "8,28": 9.34217065878454e-05,
    "9,36": -0.0009159199810102215,
    "10,11": 0.015425303764487744,
    "10,32": 0.00661321077558557,
    "11,19": 0.0036409312650909744,
    "11,26": 0.009033680829221805,
    "12,4": 0.0008159179001592403,
    "12,13": 2.8933326877980296e-05,
    "13,14": -0.0016451441428085752,
    "14,20": -0.0038369910787801405,
    "14,21": 0.0016518469359715652,
    "15,16": -2.807916011676149e-05,
    "15,22": 0.0015251056700729627,
    "16,25": 0.0028503341147607586,
    "16,29": 0.00012512157920951006,
    "17,2": 8.577970835557822e-05,
    "17,18": -5.092801217419077e-05,
    "18,10": -0.003080596249580411,
    "19,12": 0.0017548512270372206,
    "19,20": 6.08003805375366e-06,
    "20,15": -0.004760911040726387,
    "21,6": 0.0007723106995492468,
    "21,22": -8.046376357768154e-05,
    "22,7": 0.00037907754956980575,
    "22,23": 9.556435692547534e-05,
    "23,25": -0.0007751061106701263,
    "24,8": -0.0006318062975027868,
    "24,23": -1.0670467595601712e-05,
    "25,8": 0.0013052280040906322,
    "26,15": 0.007357937550682588,
    "26,27": -1.4256721460783812e-05,
    "27,16": 0.00421353485408703,
    "28,9": -0.00015860096482952856,
    "28,29": -4.797732858262601e-05,
    "29,30": 0.00014285113477226626,
    "29,33": -0.0006857068841453821,
    "30,9": -0.00021731901618069285,
    "30,35": -0.00017982984904704098,
    "31,10": 0.026229110789653728,
    "31,34": 0.003399911658324217,
    "32,27": 0.0056477915755478135,
    "32,33": -6.458079996224329e-05,
    "33,34": -0.0015202876841076253,
    "34,35": 0.0011396239742165924,
    "35,36": -0.00020020587483044865,
    "36,1": -0.0015861258558406701,
    "37,1": 0.033909999999999996
  },
  "h": {
    "1": 120.97869412181436,
    "2": 104.40000000000643,
    "3": 103.52924852313404,
    "4": 102.50000000002126,
    "5": 101.2400000000119,
    "6": 105.40000000000119,
    "7": 107.90000000000124,
    "8": 108.41437446112221,
    "9": 108.39114541308064,
    "10": 115.5079719627328,
    "11": 113.04407624850352,
    "12": 104.25047089929413,
    "13": 103.80608836189491,
    "14": 108.36843753182463,
    "15": 110.5672098789928,
    "16": 110.94426962847989,
    "17": 110.51318893954358,
    "18": 111.97062984576114,
    "19": 108.80973945936154,
    "20": 108.77965703827765,
    "21": 107.50244514773503,
    "22": 109.6411408818202,
    "23": 107.57250273231135,
    "24": 107.50000000000107,
    "25": 109.68105405851188,
    "26": 112.1385020308031,
    "27": 112.24447501149228,
    "28": 105.65000000001508,
    "29": 106.47906744132459,
    "30": 104.10000000001709,
    "31": 119.65602991443761,
    "32": 114.01335101043448,
    "33": 115.40643758318093,
    "34": 116.62510378613298,
    "35": 106.46168062778727,
    "36": 112.98218002546521,
    "37": 121
  },
  "l": {
    "1,17,4": 132.7599999986601,
    "17,2,1": 374.6799999974952,
    "2,3,1": 119.73999999821235,
    "3,4,1": 312.71999999795213,
    "4,5,1": 289.0899999978154,
    "5,6,1": 336.32999999848363,
    "6,7,1": 135.8099999984289,
    "7,24,1": 201.2599999982153,
    "24,8,5": 132.52999999920095,
    "8,28,1": 144.65999999856257,
    "28,9,2": 175.71999999713924,
    "9,36,4": 112.16999999864905,
    "36,1,5": 210.73999999883873,
    "1,31,13": 75.40999999973253,
    "31,10,12": 169.56861314355496,
    "31,10,13": 11.851386856386975,
    "10,11,11": 146.9599999995896,
    "11,19,6": 9.15156308587474,
    "11,19,7": 153.5384369140043,
    "19,12,5": 99.63999999928743,
    "12,4,4": 52.97999999840213,
    "2,18,4": 150.11520491191595,
    "2,18,5": 12.85479508789717,
    "18,10,6": 83.95999999889052,
    "10,32,8": 49.33935200549537,
    "10,32,9": 0.4806479944694921,
    "32,27,8": 78.49999999948231,
    "27,16,8": 99.26999999961114,
    "16,25,7": 82.28999999913441,
    "25,8,6": 147.4899999992267,
    "3,11,4": 197.31999999688503,
    "11,26,10": 83.29999999784951,
    "26,15,9": 113.7999999994145,
    "15,22,6": 80.81999999891129,
    "22,7,4": 155.8886971436203,
    "22,7,5": 185.08130285619282,
    "5,13,3": 52.421389150688356,
    "5,13,4": 24.96861084896232,
    "13,14,5": 112.36999999781344,
    "14,20,8": 37.339999999168676,
    "20,15,8": 108.84999999961808,
    "15,16,1": 182.81999999801207,
    "16,29,1": 136.01999999838856,
    "29,30,1": 56.699999997786556,
    "30,9,1": 12.99345514382248,
    "30,9,2": 111.08654485549903,
    "17,18,1": 234.5999999981217,
    "12,13,1": 203.82999999789365,
    "19,20,1": 248.04999999798486,
    "14,21,6": 65.18999999604465,
    "21,6,5": 210.09,
    "21,22,1": 147.5699999976818,
    "22,23,1": 103.79999999697583,
    "24,23,1": 210.94999999789715,
    "23,25,4": 67.70813245203216,
    "23,25,5": 7.371867547780948,
    "26,27,1": 180.2899999980107,
    "28,29,1": 149.04999999763405,
    "29,33,3": 78.5336622364048,
    "29,33,4": 136.51633776324587,
    "32,33,1": 144.4399999976457,
    "33,34,5": 34.739999998638574,
    "31,34,6": 59.92999999927623,
    "34,35,4": 165.66999999842503,
    "30,35,2": 119.96999999670525,
    "35,36,1": 83.1699999973228,
    "37,1,13": 0.9999999996518083
  },
  "D": {
    "1": 0.00049,
    "2": 0.00104,
    "3": 0.00102,
    "4": 0.00081,
    "5": 0.00063,
    "6": 0.00079,
    "7": 0.00026,
    "8": 0.00058,
    "9": 0.00054,
    "10": 0.00111,
    "11": 0.00175,
    "12": 0.00091,
    "13": 0.00116,
    "14": 0.00054,
    "15": 0.0011,
    "16": 0.00121,
    "17": 0.00127,
    "18": 0.00202,
    "19": 0.00188,
    "20": 0.00093,
    "21": 0.00096,
    "22": 0.00097,
    "23": 0.00086,
    "24": 0.00067,
    "25": 0.00077,
    "26": 0.00169,
    "27": 0.00142,
    "28": 0.0003,
    "29": 0.00062,
    "30": 0.00054,
    "31": 0.0009,
    "32": 0.00103,
    "33": 0.00077,
    "34": 0.00074,
    "35": 0.00116,
    "36": 0.00047,
    "37": 0
  },
  "Diameters": {
    "1": 0.016,
    "2": 0.0204,
    "3": 0.026,
    "4": 0.0326,
    "5": 0.0408,
    "6": 0.0514,
    "7": 0.0614,
    "8": 0.0736,
    "9": 0.09,
    "10": 0.1022,
    "11": 0.1146,
    "12": 0.1308,
    "13": 0.1472,
    "14": 0.1636,
    "15": 0.184,
    "16": 0.2046,
    "17": 0.2292,
    "18": 0.2578,
    "19": 0.2906,
    "20": 0.3274,
    "21": 0.3682,
    "22": 0.4092
  },
  "L": {
    "1,17": 132.76,
    "1,31": 75.41,
    "2,3": 119.74,
    "2,18": 162.97,
    "3,4": 312.72,
    "3,11": 197.32,
    "4,5": 289.09,
    "5,6": 336.33,
    "5,13": 77.39,
    "6,7": 135.81,
    "7,24": 201.26,
    "8,28": 144.66,
    "9,36": 112.17,
    "10,11": 146.96,
    "10,32": 49.82,
    "11,19": 162.69,
    "11,26": 83.3,
    "12,4": 52.98,
    "12,13": 203.83,
    "13,14": 112.37,
    "14,20": 37.34,
    "14,21": 65.19,
    "15,16": 182.82,
    "15,22": 80.82,
    "16,25": 82.29,
    "16,29": 136.02,
    "17,2": 374.68,
    "17,18": 234.6,
    "18,10": 83.96,
    "19,12": 99.64,
    "19,20": 248.05,
    "20,15": 108.85,
    "21,6": 210.09,
    "21,22": 147.57,
    "22,7": 340.97,
    "22,23": 103.8,
    "23,25": 75.08,
    "24,8": 132.53,
    "24,23": 210.95,
    "25,8": 147.49,
    "26,15": 113.8,
    "26,27": 180.29,
    "27,16": 99.27,
    "28,9": 175.72,
    "28,29": 149.05,
    "29,30": 56.7,
    "29,33": 215.05,
    "30,9": 124.08,
    "30,35": 119.97,
    "31,10": 181.42,
    "31,34": 59.93,
    "32,27": 78.5,
    "32,33": 144.44,
    "33,34": 34.74,
    "34,35": 165.67,
    "35,36": 83.17,
    "36,1": 210.74,
    "37,1": 1
  },
  "C": {
    "1": 0.38,
    "2": 0.56,
    "3": 0.88,
    "4": 1.35,
    "5": 2.02,
    "6": 3.21,
    "7": 4.44,
    "8": 6.45,
    "9": 9.59,
    "10": 11.98,