{
  "iteration": 6,
  "objective": 20187.612959471986,
  "solve_time": 34.39642262458801,
  "q": {
    "1,17": 0.0013048494121935179,
    "1,31": 0.030597040964376862,
    "2,3": 5.544666559501939e-05,
    "2,18": -0.0010096667001531071,
    "3,4": 3.614032181635288e-05,
    "3,11": -0.0010006936563723664,
    "4,5": 4.205751609611467e-05,
    "5,6": -7.38650142174662e-05,
    "5,13": -0.0005140774699579917,
    "6,7": -9.155431466814947e-05,
    "7,24": 2.7523234901714105e-05,
    "8,28": 9.34289263425754e-05,
    "9,36": -0.0008328104089032517,
    "10,11": 0.015425636829307589,
    "10,32": 0.00661443434203647,
    "11,19": 0.003640929591439888,
    "11,26": 0.009034013581498185,
    "12,4": 0.0008159171952776207,
    "12,13": 2.893321589365502e-05,
    "13,14": -0.0016451442543338327,
    "14,20": -0.0038369921445669366,
    "14,21": 0.0016518478900207048,
    "15,16": -2.8104906668587224e-05,
    "15,22": 0.0015251495970038378,
    "16,25": 0.0028502964519776888,
    "16,29": 0.00011655833743123412,
    "17,2": 8.577996540030705e-05,
    "17,18": -5.093055316670592e-05,
    "18,10": -0.003080597253280729,
    "19,12": 0.0017548504116949866,
    "19,20": 6.079179743114723e-06,
    "20,15": -0.004760912965021858,
    "21,6": 0.0007723107000925897,
    "21,22": -8.046281033895886e-05,
    "22,7": 0.0003790775495437383,
    "22,23": 9.56092370588972e-05,
    "23,25": -0.0007749136237615452,
    "24,8": -0.0006319539029864098,
    "24,23": -1.0522861055023578e-05,
    "25,8": 0.001305382828632627,
    "26,15": 0.007357957655431635,
    "26,27": -1.3944073951528793e-05,
    "27,16": 0.004204959695818459,
    "28,9": -0.0001434212102597393,
    "28,29": -6.31498633415528e-05,
    "29,30": 0.0003027654953119354,
    "29,33": -0.0008693570211504658,
    "30,9": -0.0001493891986869129,
    "30,35": -8.784530595551153e-05,
    "31,10": 0.026230668424585837,
    "31,34": 0.0034663725398317146,
    "32,27": 0.0056389037696036315,
    "32,33": -5.446942747526401e-05,
    "33,34": -0.0016938264485770295,
    "34,35": 0.001032546091299686,
    "35,36": -0.00021529921460965002,
    "36,1": -0.0015181096234706149,
    "37,1": 0.033909999999999996
  },
  "h": {
    "1": 120.97869412181429,
    "2": 104.40000000000643,
    "3": 103.52928575476108,
    "4": 102.50000000002345,
    "5": 101.24000000001197,
    "6": 105.40000000000114,
    "7": 107.90000000000124,
    "8": 108.41477012539039,
    "9": 109.75613844521804,
    "10": 115.50814269851665,
    "11": 113.04414845568196,
    "12": 104.25046809860896,
    "13": 103.8060887181085,
    "14": 108.36843846084943,
    "15": 110.5672123576351,
    "16": 110.9449126610776,
    "17": 110.51322286560878,
    "18": 111.97079844708814,
    "19": 108.80973273551987,
    "20": 108.77965817884191,
    "21": 107.50244515046347,
    "22": 109.64109396118681,
    "23": 107.57065623405266,
    "24": 107.50000000000108,
    "25": 109.68172800350355,
    "26": 112.13851246079737,
    "27": 112.24022170176862,
    "28": 105.65000000003963,
    "29": 107.0291159624316,
    "30": 104.10000000001267,
    "31": 119.65056709558144,
    "32": 114.0039458530994,
    "33": 115.02024503699091,
    "34": 116.50900077639776,
    "35": 106.1455896784419,
    "36": 113.60561673788095,
    "37": 121
  },
  "l": {
    "1,17,4": 132.75999999866005,
    "17,2,1": 374.67999999749526,
    "2,3,1": 119.73999999821271,
    "3,4,1": 312.7199999979538,
    "4,5,1": 289.08999999780985,
    "5,6,1": 336.32999999849585,
    "6,7,1": 135.80999999838386,
    "7,24,1": 201.2599999982221,
    "24,8,5": 132.52999999920706,
    "8,28,1": 144.65999999863368,
    "28,9,1": 62.44396019418168,
    "28,9,2": 113.27603980513983,
    "9,36,4": 112.16999999773886,
    "36,1,5": 210.739999993696,
    "1,31,13": 75.40999999973427,
    "31,10,12": 168.97720918520434,
    "31,10,13": 12.442790814737569,
    "10,11,11": 146.95999999959852,
    "11,19,6": 9.154044779741893,
    "11,19,7": 153.53595522013717,
    "19,12,5": 99.63999999928048,
    "12,4,4": 52.97999999829227,
    "2,18,4": 150.12103411713042,
    "2,18,5": 12.848965882682695,
    "18,10,6": 83.95999999889071,
    "10,32,8": 49.81999999228057,
    "32,27,8": 78.49999999950468,
    "27,16,8": 99.26999999959976,
    "16,25,7": 82.28999999916981,
    "25,8,6": 147.4899999992365,
    "3,11,4": 197.3199999967596,
    "11,26,10": 83.29999999806938,
    "26,15,9": 113.79999999940021,
    "15,22,6": 80.8199999989122,
    "22,7,4": 155.87986087844308,
    "22,7,5": 185.09013912137002,
    "5,13,3": 52.42140168558614,
    "5,13,4": 24.968598314064526,
    "13,14,5": 112.36999999761925,
    "14,20,8": 37.33999999924787,
    "20,15,8": 108.84999999962909,
    "15,16,1": 182.81999999800837,
    "16,29,1": 136.01999999840328,
    "29,30,2": 56.69999999701493,
    "30,9,1": 124.07999999526217,
    "17,18,1": 234.59999999812166,
    "12,13,1": 203.82999999789016,
    "19,20,1": 248.0499999979845,
    "14,21,6": 65.1899999943604,
    "21,6,5": 210.08999999754417,
    "21,22,1": 147.56999999766228,
    "22,23,1": 103.79999999703799,
    "24,23,1": 210.94999999790048,
    "23,25,4": 67.88297712640694,
    "23,25,5": 7.197022873406168,
    "26,27,1": 180.2899999980095,
    "28,29,1": 149.04999999760443,
    "29,33,4": 215.0499999986509,
    "32,33,1": 144.43999999772979,
    "33,34,5": 34.739999999255986,
    "31,34,6": 59.92999999926759,
    "34,35,3": 18.480272817178722,
    "34,35,4": 147.18972718247193,
    "30,35,1": 119.97,
    "35,36,1": 83.16999999684016,
    "37,1,13": 0.9999999996562968
  },
  "D": {
    "1": 0.00049,
    "2": 0.00104,
    "3": 0.00102,
    "4": 0.00081,
    "5": 0.00063,
    "6": 0.00079,
    "7": 0.00026,
    "8": 0.00058,
    "9": 0.00054,
    "10": 0.00111,
    "11": 0.00175,
    "12": 0.00091,
    "13": 0.00116,
    "14": 0.00054,
    "15": 0.0011,
    "16": 0.00121,
    "17": 0.00127,
    "18": 0.00202,
    "19": 0.00188,
    "20": 0.00093,
    "21": 0.00096,
    "22": 0.00097,
    "23": 0.00086,
    "24": 0.00067,
    "25": 0.00077,
    "26": 0.00169,
    "27": 0.00142,
    "28": 0.0003,
    "29": 0.00062,
    "30": 0.00054,
    "31": 0.0009,
    "32": 0.00103,
    "33": 0.00077,
    "34": 0.00074,
    "35": 0.00116,
    "36": 0.00047,
    "37": 0
  },
  "Diameters": {
    "1": 0.016,
    "2": 0.0204,
    "3": 0.026,
    "4": 0.0326,
    "5": 0.0408,
    "6": 0.0514,
    "7": 0.0614,
    "8": 0.0736,
    "9": 0.09,
    "10": 0.1022,
    "11": 0.1146,
    "12": 0.1308,
    "13": 0.1472,
    "14": 0.1636,
    "15": 0.184,
    "16": 0.2046,
    "17": 0.2292,
    "18": 0.2578,
    "19": 0.2906,
    "20": 0.3274,
    "21": 0.3682,
    "22": 0.4092
  },
  "L": {
    "1,17": 132.76,
    "1,31": 75.41,
    "2,3": 119.74,
    "2,18": 162.97,
    "3,4": 312.72,
    "3,11": 197.32,
    "4,5": 289.09,
    "5,6": 336.33,
    "5,13": 77.39,
    "6,7": 135.81,
    "7,24": 201.26,
    "8,28": 144.66,
    "9,36": 112.17,
    "10,11": 146.96,
    "10,32": 49.82,
    "11,19": 162.69,
    "11,26": 83.3,
    "12,4": 52.98,
    "12,13": 203.83,
    "13,14": 112.37,
    "14,20": 37.34,
    "14,21": 65.19,
    "15,16": 182.82,
    "15,22": 80.82,
    "16,25": 82.29,
    "16,29": 136.02,
    "17,2": 374.68,
    "17,18": 234.6,
    "18,10": 83.96,
    "19,12": 99.64,
    "19,20": 248.05,
    "20,15": 108.85,
    "21,6": 210.09,
    "21,22": 147.57,
    "22,7": 340.97,
    "22,23": 103.8,
    "23,25": 75.08,
    "24,8": 132.53,
    "24,23": 210.95,
    "25,8": 147.49,
    "26,15": 113.8,
    "26,27": 180.29,
    "27,16": 99.27,
    "28,9": 175.72,
    "28,29": 149.05,
    "29,30": 56.7,
    "29,33": 215.05,
    "30,9": 124.08,
    "30,35": 119.97,
    "31,10": 181.42,
    "31,34": 59.93,
    "32,27": 78.5,
    "32,33": 144.44,
    "33,34": 34.74,
    "34,35": 165.67,
    "35,36": 83.17,
    "36,1": 210.74,
    "37,1": 1
  },
  "C": {
    "1": 0.38,
    "2": 0.56,
    "3": 0.88,
    "4": 1.35,
    "5": 2.02,
    "6": 3.21,
    "7": 4.44,
    "8": 6.45,
    "9": 9.59,
    "10": 11.98,
    "11": 14.93,
    "12": 19.61,