{
  "iteration": 1,
  "objective": 20273.57730492588,
  "solve_time": 4.351699113845825,
  "q": {
    "1,17": 0.001363303097297993,
    "1,31": 0.03046897329400211,
    "2,3": 6.134529926878589e-05,
    "2,18": -0.0010225094138264063,
    "3,4": 3.259210450744804e-05,
    "3,11": -0.000991246805238662,
    "4,5": 4.2057515868280785e-05,
    "5,6": -7.386501381790178e-05,
    "5,13": -0.0005140774703138175,
    "6,7": -9.155431417153046e-05,
    "7,24": -3.4051484296253505e-06,
    "8,28": 0.00010206539048859277,
    "9,36": -0.0009199310075093696,
    "10,11": 0.015332917976934117,
    "10,32": 0.006854042402288182,
    "11,19": 0.003644862145267313,
    "11,26": 0.008946809026428141,
    "12,4": 0.0008194654113608327,
    "12,13": 2.9395035714640313e-05,
    "13,14": -0.001644682434599177,
    "14,20": -0.0038350127123634686,
    "14,21": 0.0016503302777642918,
    "15,16": -4.6194134064056025e-05,
    "15,22": 0.0014869656712625926,
    "16,25": 0.0028986344552796098,
    "16,29": 0.0002609341871532297,
    "17,2": 7.883588544237946e-05,
    "17,18": 1.446721185561356e-05,
    "18,10": -0.0030280422019707924,
    "19,12": 0.001758860447075473,
    "19,20": 6.001698191839641e-06,
    "20,15": -0.00475901101417163,
    "21,6": 0.0007723106996463713,
    "21,22": -8.198042188207955e-05,
    "22,7": 0.0003481491657419051,
    "22,23": 8.683608363860819e-05,
    "23,25": -0.0007840821966698735,
    "24,8": -0.0006624868681211437,
    "24,23": -1.0918280308481741e-05,
    "25,8": 0.0013445522586097364,
    "26,15": 0.007299782551370166,
    "26,27": -4.297352494202453e-05,
    "27,16": 0.004415762776496896,
    "28,9": -0.00015901600135099576,
    "28,29": -3.891860816041143e-05,
    "29,30": 0.00013397985109977987,
    "29,33": -0.0005319642721069616,
    "30,9": -0.00022091500615837377,
    "30,35": -0.00018510514274184642,
    "31,10": 0.02632500258119309,
    "31,34": 0.0032439707128090185,
    "32,27": 0.0058787363014389206,
    "32,33": -5.469389915073837e-05,
    "33,34": -0.0013566581712577,
    "34,35": 0.0011473125415513185,
    "35,36": -0.00019779260119052796,
    "36,1": -0.0015877236086998974,
    "37,1": 0.03391
  },
  "h": {
    "1": 120.97870935826687,
    "2": 104.39999895600741,
    "3": 103.34999896812124,
    "4": 102.49999897501291,
    "5": 101.23999898761112,
    "6": 105.39999894600169,
    "7": 107.89999892100053,
    "8": 108.90664482818863,
    "9": 108.4044439188521,
    "10": 115.47454451190363,
    "11": 113.03791224318569,
    "12": 104.26459122465383,
    "13": 103.80698636265473,
    "14": 108.36696442484444,
    "15": 110.60003248258917,
    "16": 111.54805271637667,
    "17": 109.6284417257568,
    "18": 109.48675152165339,
    "19": 108.84316954029754,
    "20": 108.8138010208443,
    "21": 107.50244408069352,
    "22": 109.71639691864874,
    "23": 107.98399255725593,
    "24": 107.90834058160742,
    "25": 110.24490778510076,
    "26": 112.14840116415311,
    "27": 112.96618579273436,
    "28": 105.6499989435038,
    "29": 106.21270604049201,
    "30": 104.09999895901406,
    "31": 119.66087180789171,
    "32": 114.87134776377978,
    "33": 115.89541716044023,
    "34": 116.88236330803804,
    "35": 106.59158669772215,
    "36": 112.96727080741232,
    "37": 121
  },
  "l": {
    "1,17,4": 132.76000001886865,
    "17,2,1": 374.68000000885354,
    "2,3,1": 119.74000000906074,
    "3,4,1": 312.7200000089689,
    "4,5,1": 289.0900000089247,
    "5,6,1": 336.33000000918594,
    "6,7,1": 135.81000000952335,
    "7,24,1": 201.26000000897346,
    "24,8,5": 132.5300000195016,
    "8,28,1": 144.6600000081916,
    "28,9,2": 175.7200000175855,
    "9,36,4": 109.78132307074661,
    "9,36,5": 2.3886769391378255,
    "36,1,5": 210.74000001952393,
    "1,31,13": 75.41000001982287,
    "31,10,12": 170.54774667861378,
    "31,10,13": 10.872253331328174,
    "10,11,11": 146.960000019709,
    "11,19,6": 7.70924986527001,
    "11,19,7": 154.98075014460903,
    "19,12,5": 99.64000001952787,
    "12,4,4": 52.980000019137286,
    "2,18,4": 70.27804395786842,
    "2,18,5": 92.6919560519447,
    "18,10,5": 30.182869470331923,
    "18,10,6": 53.77713053946803,
    "10,32,9": 49.820000019566784,
    "32,27,8": 78.50000001950643,
    "27,16,8": 99.2700000197734,
    "16,25,7": 82.29000001944863,
    "25,8,6": 147.49000001950358,
    "3,11,3": 3.5582406562385342,
    "3,11,4": 193.76175935341215,
    "11,26,10": 83.30000001493215,
    "26,15,9": 113.8000000196893,
    "15,22,6": 80.820000019236,
    "22,7,4": 228.46179343849323,
    "22,7,5": 112.50820657139123,
    "5,13,3": 52.453249210666755,
    "5,13,4": 24.936750798983912,
    "13,14,5": 112.3700000191303,
    "14,20,7": 2.309418446054374,
    "14,20,8": 35.030581563865894,
    "20,15,8": 108.85000001960888,
    "15,16,1": 182.82000000900334,
    "16,29,2": 136.02000001826767,
    "29,30,1": 56.70000000918948,
    "30,9,1": 11.167999030378851,
    "30,9,2": 112.91200097894266,
    "17,18,1": 234.60000000898765,
    "12,13,1": 203.83000000895748,
    "19,20,1": 248.05000000899415,
    "14,21,6": 65.1900000193648,
    "21,6,5": 210.09000001941186,
    "21,22,1": 147.57000000894084,
    "22,23,1": 103.80000000864038,
    "24,23,1": 210.9500000089483,
    "23,25,4": 72.94905558970588,
    "23,25,5": 2.1309444201785612,
    "26,27,1": 180.29000000900166,
    "28,29,1": 149.05000000858072,
    "29,33,3": 215.05000001421894,
    "32,33,1": 144.44000000891225,
    "33,34,5": 34.74000001924211,
    "31,34,6": 59.93000001949696,
    "34,35,4": 165.67000001897438,
    "30,35,2": 119.97000001834355,
    "35,36,1": 83.17000000879739,
    "37,1,13": 1.0000000097597157
  },
  "D": {
    "1": 0.00049,
    "2": 0.00104,
    "3": 0.00102,
    "4": 0.00081,
    "5": 0.00063,
    "6": 0.00079,
    "7": 0.00026,
    "8": 0.00058,
    "9": 0.00054,
    "10": 0.00111,
    "11": 0.00175,
    "12": 0.00091,
    "13": 0.00116,
    "14": 0.00054,
    "15": 0.0011,
    "16": 0.00121,
    "17": 0.00127,
    "18": 0.00202,
    "19": 0.00188,
    "20": 0.00093,
    "21": 0.00096,
    "22": 0.00097,
    "23": 0.00086,
    "24": 0.00067,
    "25": 0.00077,
    "26": 0.00169,
    "27": 0.00142,
    "28": 0.0003,
    "29": 0.00062,
    "30": 0.00054,
    "31": 0.0009,
    "32": 0.00103,
    "33": 0.00077,
    "34": 0.00074,
    "35": 0.00116,
    "36": 0.00047,
    "37": 0
  },
  "Diameters": {
    "1": 0.016,
    "2": 0.0204,
    "3": 0.026,
    "4": 0.0326,
    "5": 0.0408,
    "6": 0.0514,
    "7": 0.0614,
    "8": 0.0736,
    "9": 0.09,
    "10": 0.1022,
    "11": 0.1146,
    "12": 0.1308,
    "13": 0.1472,
    "14": 0.1636,
    "15": 0.184,
    "16": 0.2046,
    "17": 0.2292,
    "18": 0.2578,
    "19": 0.2906,
    "20": 0.3274,
    "21": 0.3682,
    "22": 0.4092
  },
  "L": {
    "1,17": 132.76,
    "1,31": 75.41,
    "2,3": 119.74,
    "2,18": 162.97,
    "3,4": 312.72,
    "3,11": 197.32,
    "4,5": 289.09,
    "5,6": 336.33,
    "5,13": 77.39,
    "6,7": 135.81,
    "7,24": 201.26,
    "8,28": 144.66,
    "9,36": 112.17,
    "10,11": 146.96,
    "10,32": 49.82,
    "11,19": 162.69,
    "11,26": 83.3,
    "12,4": 52.98,
    "12,13": 203.83,
    "13,14": 112.37,
    "14,20": 37.34,
    "14,21": 65.19,
    "15,16": 182.82,
    "15,22": 80.82,
    "16,25": 82.29,
    "16,29": 136.02,
    "17,2": 374.68,
    "17,18": 234.6,
    "18,10": 83.96,
    "19,12": 99.64,
    "19,20": 248.05,
    "20,15": 108.85,
    "21,6": 210.09,
    "21,22": 147.57,
    "22,7": 340.97,
    "22,23": 103.8,
    "23,25": 75.08,
    "24,8": 132.53,
    "24,23": 210.95,
    "25,8": 147.49,
    "26,15": 113.8,
    "26,27": 180.29,
    "27,16": 99.27,
    "28,9": 175.72,
    "28,29": 149.05,
    "29,30": 56.7,
    "29,33": 215.05,
    "30,9": 124.08,
    "30,35": 119.97,
    "31,10": 181.42,
    "31,34": 59.93,
    "32,27": 78.5,
    "32,33": 144.44,
    "33,34": 34.74,
    "34,35": 165.67,
    "35,36": 83.17,
    "36,1": 210.74,
    "37,1": 1
  },
  "C": {
    "1": 0.38,
    "2": 0.56,
    "3": 0.88,
    "4": 1.35,
    "5": 2.02,
    "6": 3.21,