{
  "iteration": 4,
  "objective": 20194.709228889853,
  "solve_time": 25.985164403915405,
  "q": {
    "1,17": 0.0013050235901833258,
    "1,31": 0.030624655476935204,
    "2,3": 5.5664025592048284e-05,
    "2,18": -0.0010099036637285493,
    "3,4": 3.602010189653307e-05,
    "3,11": -0.0010003561063951338,
    "4,5": 4.205751611608223e-05,
    "5,6": -7.386501421842848e-05,
    "5,13": -0.0005140775121606318,
    "6,7": -9.15543146829929e-05,
    "7,24": 2.7523234929204055e-05,
    "8,28": 9.352220177986002e-05,
    "9,36": -0.0008064104310227532,
    "10,11": 0.015424031546699017,
    "10,32": 0.006600850210486056,
    "11,19": 0.003642616799126846,
    "11,26": 0.009031058641685132,
    "12,4": 0.0008160375952866294,
    "12,13": 2.9242808364350344e-05,
    "13,14": -0.0016448347403732583,
    "14,20": -0.0038369057290660083,
    "14,21": 0.0016520709619523473,
    "15,16": -2.8878169913405943e-05,
    "15,22": 0.0015251978268607165,
    "16,25": 0.002850118227820053,
    "16,29": 0.00010193556471736656,
    "17,2": 8.57603600474772e-05,
    "17,18": -5.073676521823556e-05,
    "18,10": -0.0030806404228059196,
    "19,12": 0.0017552805005121154,
    "19,20": 7.3362945797585725e-06,
    "20,15": -0.004759569460713627,
    "21,6": 0.000772310749309941,
    "21,22": -8.023983108441903e-05,
    "22,7": 0.0003790776314094211,
    "22,23": 9.588035243144286e-05,
    "23,25": -0.0007727370646736871,
    "24,8": -0.0006338591253297597,
    "24,23": -8.617468176119008e-06,
    "25,8": 0.0013073812229663587,
    "26,15": 0.007355889128692637,
    "26,27": -1.4830489906246992e-05,
    "27,16": 0.0041909319229904195,
    "28,9": -0.00011042872651293298,
    "28,29": -9.604901406816242e-05,
    "29,30": 0.00020333582701465602,
    "29,33": -0.0008174492562662697,
    "30,9": -0.00015598171955520982,
    "30,35": -0.00018068243057933186,
    "31,10": 0.026215522173542182,
    "31,34": 0.003509133307072501,
    "32,27": 0.005625762386208234,
    "32,33": -5.491216077677449e-05,
    "33,34": -0.0016423614096748214,
    "34,35": 0.001126771903297966,
    "35,36": -0.0002139105150898755,
    "36,1": -0.001490320936459741,
    "37,1": 0.033909999999999996
  },
  "h": {
    "1": 120.97869412177437,
    "2": 104.40000000017824,
    "3": 103.52295369043901,
    "4": 102.50000000052239,
    "5": 101.24000000034161,
    "6": 105.40000000002948,
    "7": 107.9000000000335,
    "8": 108.41988424123689,
    "9": 110.2270775297111,
    "10": 115.49539260922121,
    "11": 113.03187323082007,
    "12": 104.25094651408232,
    "13": 103.7977208132118,
    "14": 108.35848102372194,
    "15": 110.55630366185137,
    "16": 110.95347492741698,
    "17": 110.51063549994578,
    "18": 111.95795655067374,
    "19": 108.81228081283716,
    "20": 108.7696835901951,
    "21": 107.50244539803936,
    "22": 109.63013102572187,
    "23": 107.54880696522079,
    "24": 107.50000000003482,
    "25": 109.69043654569262,
    "26": 112.12678576759276,
    "27": 112.24079255621525,
    "28": 105.65000000019752,
    "29": 107.8985459325036,
    "30": 104.10000000027767,
    "31": 119.64834631569225,
    "32": 113.99691192823063,
    "33": 115.02856267195246,
    "34": 116.43463065530973,
    "35": 106.48245903955923,
    "36": 113.85361676750242,
    "37": 121
  },
  "l": {
    "1,17,4": 132.75999996310972,
    "17,2,1": 374.6799999309517,
    "2,3,1": 119.73999995056032,
    "3,4,1": 312.7199999434194,
    "4,5,1": 289.08999993967063,
    "5,6,1": 336.3299999592527,
    "6,7,1": 135.80999995186932,
    "7,24,1": 201.25999995217603,
    "24,8,5": 132.529999979965,
    "8,28,1": 144.6599999303993,
    "28,9,1": 175.72,
    "9,36,4": 112.16999996126768,
    "36,1,5": 210.7399999654266,
    "1,31,13": 75.40999999278299,
    "31,10,12": 170.4314069495655,
    "31,10,13": 10.98859304883429,
    "10,11,11": 146.95999998960122,
    "11,19,6": 8.599521899257635,
    "11,19,7": 154.09047809740878,
    "19,12,5": 99.63999998084255,
    "12,4,4": 52.97999996013712,
    "2,18,4": 149.6261567813079,
    "2,18,5": 13.343843213540655,
    "18,10,6": 83.95999996923626,
    "10,32,8": 49.81999994823859,
    "32,27,8": 78.49999998796993,
    "27,16,8": 99.26999998755723,
    "16,25,7": 82.28999998088034,
    "25,8,6": 147.48999997989048,
    "3,11,4": 197.31999991572883,
    "11,26,10": 83.29999996076656,
    "26,15,9": 113.79999998204553,
    "15,22,6": 80.81999997018602,
    "22,7,4": 153.8151407012426,
    "22,7,5": 187.154859293606,
    "5,13,3": 52.12483832579503,
    "5,13,4": 25.265161664575643,
    "13,14,5": 112.36999993039868,
    "14,20,8": 37.33999998297451,
    "20,15,8": 108.84999999043606,
    "15,16,1": 182.8199999447292,
    "16,29,1": 136.01999994832994,
    "29,30,1": 42.83046183815052,
    "29,30,2": 13.869538161849478,
    "30,9,1": 124.07999980447407,
    "17,18,1": 234.5999999482315,
    "12,13,1": 203.82999994171706,
    "19,20,1": 248.04999994429323,
    "14,21,6": 63.86813936893164,
    "14,21,7": 1.3218606295323463,
    "21,6,5": 210.08999988931748,
    "21,22,1": 147.56999993426783,
    "22,23,1": 103.79999992385827,
    "24,23,1": 210.9499999430557,
    "23,25,4": 69.9741899971529,
    "23,25,5": 5.105809997695671,
    "26,27,1": 180.2899999450322,
    "28,29,1": 95.31580817499757,
    "28,29,2": 53.73419182500244,
    "29,33,4": 215.04999996140242,
    "32,33,1": 144.43999993863264,
    "33,34,5": 34.73999998012543,
    "31,34,6": 59.929999966233865,
    "34,35,4": 165.66999996180937,
    "30,35,2": 119.96999992956434,
    "35,36,1": 83.16999986254741,
    "37,1,13": 0.9999999896320405
  },
  "D": {
    "1": 0.00049,
    "2": 0.00104,
    "3": 0.00102,
    "4": 0.00081,
    "5": 0.00063,
    "6": 0.00079,
    "7": 0.00026,
    "8": 0.00058,
    "9": 0.00054,
    "10": 0.00111,
    "11": 0.00175,
    "12": 0.00091,
    "13": 0.00116,
    "14": 0.00054,
    "15": 0.0011,
    "16": 0.00121,
    "17": 0.00127,
    "18": 0.00202,
    "19": 0.00188,
    "20": 0.00093,
    "21": 0.00096,
    "22": 0.00097,
    "23": 0.00086,
    "24": 0.00067,
    "25": 0.00077,
    "26": 0.00169,
    "27": 0.00142,
    "28": 0.0003,
    "29": 0.00062,
    "30": 0.00054,
    "31": 0.0009,
    "32": 0.00103,
    "33": 0.00077,
    "34": 0.00074,
    "35": 0.00116,
    "36": 0.00047,
    "37": 0
  },
  "Diameters": {
    "1": 0.016,
    "2": 0.0204,
    "3": 0.026,
    "4": 0.0326,
    "5": 0.0408,
    "6": 0.0514,
    "7": 0.0614,
    "8": 0.0736,
    "9": 0.09,
    "10": 0.1022,
    "11": 0.1146,
    "12": 0.1308,
    "13": 0.1472,
    "14": 0.1636,
    "15": 0.184,
    "16": 0.2046,
    "17": 0.2292,
    "18": 0.2578,
    "19": 0.2906,
    "20": 0.3274,
    "21": 0.3682,
    "22": 0.4092
  },
  "L": {
    "1,17": 132.76,
    "1,31": 75.41,
    "2,3": 119.74,
    "2,18": 162.97,
    "3,4": 312.72,
    "3,11": 197.32,
    "4,5": 289.09,
    "5,6": 336.33,
    "5,13": 77.39,
    "6,7": 135.81,
    "7,24": 201.26,
    "8,28": 144.66,
    "9,36": 112.17,
    "10,11": 146.96,
    "10,32": 49.82,
    "11,19": 162.69,
    "11,26": 83.3,
    "12,4": 52.98,
    "12,13": 203.83,
    "13,14": 112.37,
    "14,20": 37.34,
    "14,21": 65.19,
    "15,16": 182.82,
    "15,22": 80.82,
    "16,25": 82.29,
    "16,29": 136.02,
    "17,2": 374.68,
    "17,18": 234.6,
    "18,10": 83.96,
    "19,12": 99.64,
    "19,20": 248.05,
    "20,15": 108.85,
    "21,6": 210.09,
    "21,22": 147.57,
    "22,7": 340.97,
    "22,23": 103.8,
    "23,25": 75.08,
    "24,8": 132.53,
    "24,23": 210.95,
    "25,8": 147.49,
    "26,15": 113.8,
    "26,27": 180.29,
    "27,16": 99.27,
    "28,9": 175.72,
    "28,29": 149.05,
    "29,30": 56.7,
    "29,33": 215.05,
    "30,9": 124.08,
    "30,35": 119.97,
    "31,10": 181.42,
    "31,34": 59.93,
    "32,27": 78.5,
    "32,33": 144.44,
    "33,34": 34.74,
    "34,35": 165.67,
    "35,36": 83.17,
    "36,1": 210.74,
    "37,1": 1
  },
  "C": {
    "1": 0.38,
    "2": 0.56,
    "3": 0.88,
    "4": 1.35,
    "5": 2.02,
    "6": 3.21,
    "7": 4.44,
    "8": 6.45,
    "9": 9.59,
    "10": 11.98,