{
  "iteration": 2,
  "objective": 12069710.544673545,
  "solve_time": 18.084681034088135,
  "q": {
    "1,2": 10.830579999999996,
    "2,3": 5.291680000000558,
    "2,33": 5.291679999999466,
    "3,4": 2.1417115161651625,
    "3,20": 2.1912043213408223,
    "4,5": 2.1056015161651658,
    "5,6": 1.9042115161651663,
    "6,7": 1.6250415161651637,
    "7,8": 1.25004151616516,
    "8,9": 1.0972615161651544,
    "9,10": 0.9514315161651468,
    "10,11": 0.55556,
    "10,14": 0.2500415161651353,
    "11,12": 0.41667,
    "12,13": 0.26111,
    "14,15": 0.07921151616510101,
    "15,16": 0.0014315161650483362,
    "16,17": -0.09209416249460449,
    "17,18": -0.33237416249457424,
    "18,19": -0.7059841624945793,
    "19,3": -0.722654162494578,
    "20,21": 0.39305,
    "20,23": 1.4439843213408174,
    "21,22": 0.13472,
    "23,24": 0.9794106129886218,
    "23,28": 0.17429370835218197,
    "24,25": 0.7516306129886001,
    "25,26": 0.3453643213404786,
    "26,27": 0.09536432134044863,
    "27,16": -0.00741567865960417,
    "28,29": 0.09373370835215629,
    "29,30": -0.006266291647961783,
    "30,31": -0.10626629164800847,
    "31,32": -0.13543629164805385,
    "32,25": -0.3590462916480926,
    "33,34": 2.2132342435719354,
    "33,49": 0.6669608689005113,
    "33,50": 2.175374887527041,
    "34,35": 2.1771242435719547,
    "35,36": 1.9757342435719714,
    "36,37": 1.696564243571985,
    "37,38": 1.321564243571997,
    "38,39": 1.1687842435720073,
    "39,40": 1.0229542435720154,
    "40,41": 0.55556,
    "40,44": 0.3215642435720276,
    "41,42": 0.41667,
    "42,43": 0.26111,
    "44,45": 0.150734243572036,
    "45,46": 0.07295424357203911,
    "46,57": 0.023245112472637094,
    "47,46": 0.03640086890059045,
    "48,47": 0.27668086890055693,
    "49,48": 0.6502908689005262,
    "50,51": 0.39305,
    "50,53": 1.4281548875270635,
    "51,52": 0.13472,
    "53,54": 0.9724316737020855,
    "53,58": 0.16544321382500096,
    "54,55": 0.744651673702108,
    "55,62": 0.3678967861747868,
    "56,55": -0.32953488752734295,
    "57,56": -0.07953488752735481,
    "58,59": 0.08488321382503457,
    "59,60": -0.015116786174889273,
    "60,61": -0.11511678617484744,
    "62,61": 0.14428678617481072
  },
  "h": {
    "1": 100,
    "2": 97.13818344616872,
    "3": 61.65700465901359,
    "4": 57.22723848327561,
    "5": 51.742454753849444,
    "6": 46.00169328113012,
    "7": 44.67337402573557,
    "8": 43.12992618965013,
    "9": 41.917536338217815,
    "10": 38.36068430058172,
    "11": 36.8011821397528,
    "12": 34.207242637050385,
    "13": 30.00000000000001,
    "14": 31.96708734415732,
    "15": 30.0372778130996,
    "16": 30.036022114081955,
    "17": 43.96467014403044,
    "18": 52.42131181623225,
    "19": 58.489103104207345,
    "20": 50.36070147674431,
    "21": 35.160201592313676,
    "22": 30.00000000000011,
    "23": 44.07542254339333,
    "24": 38.305200144981754,
    "25": 34.56991093869085,
    "26": 30.402235871620125,
    "27": 30.00000000000002,
    "28": 37.93098969973111,
    "29": 30.00000000000001,
    "30": 30.056256419056066,
    "31": 30.302017205155757,
    "32": 32.51006559399735,
    "33": 61.657004659027166,
    "34": 56.94937606105465,
    "35": 51.114568650749526,
    "36": 44.96809240223643,
    "37": 43.529473704536606,
    "38": 41.8184997710678,
    "39": 40.455700439530716,
    "40": 39.19449247147289,
    "41": 37.63499031064393,
    "42": 34.20724263705046,
    "43": 30.00000000000001,
    "44": 33.686750475425,
    "45": 32.121602850490454,
    "46": 30.298879374348836,
    "47": 32.795370759692155,
    "48": 49.66557011050535,
    "49": 58.92635344460115,
    "50": 50.511369387242226,
    "51": 35.160201592313676,
    "52": 30.00000000000011,
    "53": 44.353099440596914,
    "54": 38.65879374982193,
    "55": 34.987482174136,
    "56": 31.16665520951287,
    "57": 30.00000000000002,
    "58": 38.77397633276813,
    "59": 30.00000000000001,
    "60": 30.287387175450775,
    "61": 30.57239505455784,
    "62": 32.832614877922566
  },
  "l": {
    "1,2,6": 28.899999999999984,
    "2,3,6": 1349.9999999999998,
    "3,4,6": 899.9999999999984,
    "4,5,6": 1149.9999999999984,
    "5,6,6": 1449.999999999998,
    "6,7,6": 449.9999999999968,
    "7,8,6": 849.9999999999923,
    "8,9,6": 849.9999999999845,
    "9,10,5": 799.9999999999973,
    "10,11,5": 949.9999999999818,
    "11,12,4": 759.5082160406912,
    "11,12,5": 440.4917839593017,
    "12,13,4": 3499.999999999959,
    "10,14,2": 799.9999999999477,
    "14,15,1": 499.9999999999597,
    "15,16,1": 549.9999999999717,
    "16,17,1": 2729.999999999951,
    "17,18,2": 51.74403986867539,
    "17,18,3": 1698.255960131306,
    "18,19,4": 799.9999999998186,
    "19,3,4": 399.9999999998779,
    "3,20,6": 2199.999999999998,
    "20,21,2": 478.3945514095563,
    "20,21,3": 1021.6054485904249,
    "21,22,1": 499.999999999917,
    "20,23,6": 2649.9999999999945,
    "23,24,5": 1229.999999999974,
    "24,25,5": 1299.9999999999861,
    "25,26,3": 849.9999999999484,
    "26,27,2": 299.99999999976166,
    "27,16,1": 749.9999999999715,
    "23,28,2": 1499.999999999944,
    "28,29,1": 1342.515376033389,
    "28,29,2": 657.4846239665912,
    "29,30,1": 1599.9999999999711,
    "30,31,2": 149.99999999994535,
    "31,32,2": 859.999999999747,
    "32,25,4": 949.9999999999595,
    "2,33,6": 1349.9999999999998,
    "33,34,6": 899.9999999999982,
    "34,35,6": 1149.9999999999982,
    "35,36,6": 1449.9999999999977,
    "36,37,6": 449.99999999999636,
    "37,38,6": 849.999999999991,
    "38,39,6": 849.9999999999808,
    "39,40,5": 67.61284295771836,
    "39,40,6": 732.3871570422799,
    "40,41,5": 949.999999999971,
    "41,42,4": 1199.9999999999425,
    "42,43,4": 3499.999999999922,
    "40,44,2": 245.41585170258753,
    "40,44,3": 554.5841482973938,
    "44,45,2": 499.9999999999152,
    "45,46,1": 549.9999999999606,
    "47,46,1": 2729.999999999969,
    "48,47,2": 1749.9999999999156,
    "49,48,3": 434.7260482468664,
    "49,48,4": 365.27395175312097,
    "33,49,4": 399.9999999996527,
    "33,50,6": 2199.999999999998,
    "50,51,2": 490.70477348387925,
    "50,51,3": 1009.2952265161022,
    "51,52,1": 499.999999999917,
    "50,53,6": 2649.9999999999936,
    "53,54,5": 1229.9999999999818,
    "54,55,5": 1299.9999999999854,
    "56,55,3": 849.9999999999426,
    "57,56,1": 299.99999999994634,
    "46,57,1": 749.9999999999696,
    "53,58,2": 1499.99999999995,
    "58,59,1": 1999.9999999998781,
    "59,60,1": 1599.9999999999698,
    "60,61,2": 149.99999999993713,
    "62,61,2": 743.7077726197938,
    "62,61,3": 116.29222738018738,
    "55,62,4": 949.9999999999599
  },
  "D": {
    "1": 0,
    "2": 0.24722,
    "3": 0.23611,
    "4": 0.03611,
    "5": 0.20139,
    "6": 0.27917,
    "7": 0.375,
    "8": 0.15278,
    "9": 0.14583,
    "10": 0.14583,
    "11": 0.13889,
    "12": 0.15556,
    "13": 0.26111,
    "14": 0.17083,
    "15": 0.07778,
    "16": 0.08611,
    "17": 0.24028,
    "18": 0.37361,
    "19": 0.01667,
    "20": 0.35417,
    "21": 0.25833,
    "22": 0.13472,
    "23": 0.29028,
    "24": 0.22778,
    "25": 0.04722,
    "26": 0.25,
    "27": 0.10278,
    "28": 0.08056,
    "29": 0.1,
    "30": 0.1,
    "31": 0.02917,
    "32": 0.22361,
    "33": 0.23611,
    "34": 0.03611,
    "35": 0.20139,
    "36": 0.27917,
    "37": 0.375,
    "38": 0.15278,
    "39": 0.14583,
    "40": 0.14583,
    "41": 0.13889,
    "42": 0.15556,
    "43": 0.26111,
    "44": 0.17083,
    "45": 0.07778,
    "46": 0.08611,
    "47": 0.24028,
    "48": 0.37361,
    "49": 0.01667,
    "50": 0.35417,
    "51": 0.25833,
    "52": 0.13472,
    "53": 0.29028,
    "54": 0.22778,
    "55": 0.04722,
    "56": 0.25,
    "57": 0.10278,
    "58": 0.08056,
    "59": 0.1,
    "60": 0.1,
    "61": 0.02917,
    "62": 0.22361
  },
  "Diameters": {
    "1": 0.3048,
    "2": 0.4064,
    "3": 0.508,
    "4": 0.6096,
    "5": 0.762,
    "6": 1.016
  },
  "L": {
    "1,2": 28.9,
    "2,3": 1350,
    "2,33": 1350,
    "3,4": 900,
    "3,20": 2200,
    "4,5": 1150,