{
  "iteration": 6,
  "objective": 12065137.97176302,
  "solve_time": 44.169918060302734,
  "q": {
    "1,2": 10.830579999999996,
    "2,3": 5.291679999999997,
    "2,33": 5.291679999999999,
    "3,4": 2.226261274164183,
    "3,20": 2.1753748875271546,
    "4,5": 2.190151274164183,
    "5,6": 1.9887612741641831,
    "6,7": 1.7095912741641832,
    "7,8": 1.3345912741641834,
    "8,9": 1.1818112741641835,
    "9,10": 1.0359812741641836,
    "10,11": 0.55556,
    "10,14": 0.33459127416418366,
    "11,12": 0.41667,
    "12,13": 0.26111,
    "14,15": 0.16376127416418376,
    "15,16": 0.0859812741641839,
    "16,17": -0.023373838308660303,
    "17,18": -0.2636538383086602,
    "18,19": -0.6372638383086601,
    "19,3": -0.65393383830866,
    "20,21": 0.39305,
    "20,23": 1.4281548875271546,
    "21,22": 0.13472,
    "23,24": 0.9724316737021614,
    "23,28": 0.1654432138249932,
    "24,25": 0.7446516737021615,
    "25,26": 0.3295348875271554,
    "26,27": 0.07953488752715553,
    "27,16": -0.02324511247284433,
    "28,29": 0.08488321382499331,
    "29,30": -0.015116786175006561,
    "30,31": -0.11511678617500645,
    "31,32": -0.14428678617500634,
    "32,25": -0.3678967861750062,
    "33,34": 2.2132342435719385,
    "33,49": 0.6669608689009091,
    "33,50": 2.175374887527151,
    "34,35": 2.1771242435719387,
    "35,36": 1.9757342435719387,
    "36,37": 1.6965642435719388,
    "37,38": 1.321564243571939,
    "38,39": 1.1687842435719389,
    "39,40": 1.022954243571939,
    "40,41": 0.55556,
    "40,44": 0.321564243571939,
    "41,42": 0.41667,
    "42,43": 0.26111,
    "44,45": 0.15073424357193904,
    "45,46": 0.0729542435719391,
    "46,57": 0.023245112472848405,
    "47,46": 0.03640086890090927,
    "48,47": 0.2766808689009092,
    "49,48": 0.6502908689009091,
    "50,51": 0.39305,
    "50,53": 1.4281548875271513,
    "51,52": 0.13472,
    "53,54": 0.972431673702158,
    "53,58": 0.16544321382499325,
    "54,55": 0.744651673702158,
    "55,62": 0.36789678617500654,
    "56,55": -0.3295348875271515,
    "57,56": -0.07953488752715156,
    "58,59": 0.08488321382499328,
    "59,60": -0.01511678617500666,
    "60,61": -0.11511678617500662,
    "62,61": 0.14428678617500657
  },
  "h": {
    "1": 100,
    "2": 97.13818344616872,
    "3": 61.65700465902056,
    "4": 56.89793042879206,
    "5": 50.99829913951702,
    "6": 44.77655636809757,
    "7": 43.31741284158354,
    "8": 41.575072808316044,
    "9": 40.18400905849192,
    "10": 39.158142933995286,
    "11": 37.598640773166366,
    "12": 34.20724263705038,
    "13": 30.00000000000001,
    "14": 34.59469242045559,
    "15": 32.769847435269455,
    "16": 30.298879374353767,
    "17": 31.39798425255608,
    "18": 46.826708392861256,
    "19": 59.024306965887796,
    "20": 50.51136938723454,
    "21": 35.160201592313676,
    "22": 30.00000000000011,
    "23": 44.35309944058851,
    "24": 38.65879374981272,
    "25": 34.987482174126306,
    "26": 31.1666552095074,
    "27": 30.00000000000002,
    "28": 38.773976332760206,
    "29": 30.00000000000001,
    "30": 30.287387175454903,
    "31": 30.5723950545627,
    "32": 32.8326148779105,
    "33": 61.65700465902054,
    "34": 56.94937606104801,
    "35": 51.11456865074296,
    "36": 44.968092402230056,
    "37": 43.52947370453031,
    "38": 41.818499771061646,
    "39": 40.45570043952471,
    "40": 39.1944924714729,
    "41": 37.63499031064393,
    "42": 34.20724263705046,
    "43": 30.00000000000001,
    "44": 33.68675047542353,
    "45": 32.12160285049085,
    "46": 30.298879374353866,
    "47": 32.795370759737686,
    "48": 49.66557011059066,
    "49": 58.9263534445915,
    "50": 50.51136938723455,
    "51": 35.160201592313676,
    "52": 30.00000000000011,
    "53": 44.35309944058854,
    "54": 38.65879374981277,
    "55": 34.987482174126384,
    "56": 31.166655209507354,
    "57": 30.00000000000002,
    "58": 38.77397633276023,
    "59": 30.00000000000001,
    "60": 30.287387175454906,
    "61": 30.572395054562705,
    "62": 32.83261487791058
  },
  "l": {
    "1,2,6": 28.899999999999984,
    "2,3,6": 1349.9999999999998,
    "3,4,6": 899.9999999999985,
    "4,5,6": 1149.9999999999984,
    "5,6,6": 1449.9999999999982,
    "6,7,6": 449.99999999999727,
    "7,8,6": 849.9999999999941,
    "8,9,6": 849.9999999999901,
    "9,10,6": 799.9999999999753,
    "10,11,5": 949.9999999999818,
    "11,12,4": 1180.7969348723464,
    "11,12,5": 19.203065127646486,
    "12,13,4": 3499.9999999999586,
    "10,14,2": 95.17803931996814,
    "10,14,3": 704.8219606800133,
    "14,15,2": 499.999999999933,
    "15,16,1": 549.9999999999557,
    "16,17,1": 2729.9999999999704,
    "17,18,2": 1749.9999999998513,
    "18,19,3": 799.9999999999945,
    "19,3,4": 399.99999999993156,
    "3,20,6": 2199.999999999998,
    "20,21,2": 490.7047734832513,
    "20,21,3": 1009.2952265167298,
    "21,22,1": 499.99999999991707,
    "20,23,6": 2649.999999999994,
    "23,24,5": 1229.9999999999795,
    "24,25,5": 1299.999999999986,
    "25,26,3": 849.9999999999534,
    "26,27,1": 299.9999999999277,
    "27,16,1": 749.9999999999694,
    "23,28,2": 1499.9999999999493,
    "28,29,1": 1999.99999999987,
    "29,30,1": 1599.9999999999698,
    "30,31,2": 149.9999999999371,
    "31,32,2": 743.707772607976,
    "31,32,3": 116.29222739200522,
    "32,25,4": 949.99999999996,
    "2,33,6": 1349.9999999999998,
    "33,34,6": 899.9999999999982,
    "34,35,6": 1149.9999999999982,
    "35,36,6": 1449.9999999999975,
    "36,37,6": 449.99999999999636,
    "37,38,6": 849.999999999991,
    "38,39,6": 849.9999999999808,
    "39,40,5": 67.61284295619805,
    "39,40,6": 732.3871570438001,
    "40,41,5": 949.999999999971,
    "41,42,4": 1199.9999999999422,
    "42,43,4": 3499.9999999999213,
    "40,44,2": 245.4158517030945,
    "40,44,3": 554.5841482968868,
    "44,45,2": 499.99999999991496,
    "45,46,1": 549.9999999999604,
    "47,46,1": 2729.9999999999695,
    "48,47,2": 1749.9999999999156,
    "49,48,3": 434.7260482355884,
    "49,48,4": 365.27395176439904,
    "33,49,4": 399.9999999996528,
    "33,50,6": 2199.999999999998,
    "50,51,2": 490.7047734832525,
    "50,51,3": 1009.2952265167287,
    "51,52,1": 499.99999999991707,
    "50,53,6": 2649.9999999999936,
    "53,54,5": 1229.9999999999818,
    "54,55,5": 1299.9999999999854,
    "56,55,3": 849.9999999999436,
    "57,56,1": 299.9999999999473,
    "46,57,1": 749.9999999999696,
    "53,58,2": 1499.9999999999498,
    "58,59,1": 1999.9999999998781,
    "59,60,1": 1599.9999999999698,
    "60,61,2": 149.9999999999371,
    "62,61,2": 743.7077726080151,
    "62,61,3": 116.29222739196614,
    "55,62,4": 949.9999999999565
  },
  "D": {
    "1": 0,
    "2": 0.24722,
    "3": 0.23611,
    "4": 0.03611,
    "5": 0.20139,
    "6": 0.27917,
    "7": 0.375,
    "8": 0.15278,
    "9": 0.14583,
    "10": 0.14583,
    "11": 0.13889,
    "12": 0.15556,
    "13": 0.26111,
    "14": 0.17083,
    "15": 0.07778,
    "16": 0.08611,
    "17": 0.24028,
    "18": 0.37361,
    "19": 0.01667,
    "20": 0.35417,
    "21": 0.25833,
    "22": 0.13472,
    "23": 0.29028,
    "24": 0.22778,
    "25": 0.04722,
    "26": 0.25,
    "27": 0.10278,
    "28": 0.08056,
    "29": 0.1,
    "30": 0.1,
    "31": 0.02917,
    "32": 0.22361,
    "33": 0.23611,
    "34": 0.03611,
    "35": 0.20139,
    "36": 0.27917,
    "37": 0.375,
    "38": 0.15278,
    "39": 0.14583,
    "40": 0.14583,
    "41": 0.13889,
    "42": 0.15556,
    "43": 0.26111,
    "44": 0.17083,
    "45": 0.07778,
    "46": 0.08611,
    "47": 0.24028,
    "48": 0.37361,
    "49": 0.01667,
    "50": 0.35417,
    "51": 0.25833,
    "52": 0.13472,
    "53": 0.29028,
    "54": 0.22778,
    "55": 0.04722,
    "56": 0.25,
    "57": 0.10278,
    "58": 0.08056,
    "59": 0.1,
    "60": 0.1,
    "61": 0.02917,
    "62": 0.22361
  },
  "Diameters": {
    "1": 0.3048,
    "2": 0.4064,
    "3": 0.508,
    "4": 0.6096,
    "5": 0.762,
    "6": 1.016
  },
  "L": {
    "1,2": 28.9,
    "2,3": 1350,
    "2,33": 1350,
    "3,4": 900,
    "3,20": 2200,
    "4,5": 1150,