{
  "iteration": 3,
  "objective": 12069211.974827372,
  "solve_time": 35.935089111328125,
  "q": {
    "1,2": 10.83058,
    "2,3": 5.29168,
    "2,33": 5.2916799999999995,
    "3,4": 2.149740031390826,
    "3,20": 2.18830116340148,
    "4,5": 2.113630031390826,
    "5,6": 1.912240031390826,
    "6,7": 1.6330700313908262,
    "7,8": 1.2580700313908262,
    "8,9": 1.105290031390826,
    "9,10": 0.9594600313908261,
    "10,11": 0.55556,
    "10,14": 0.258070031390826,
    "11,12": 0.41667,
    "12,13": 0.26111,
    "14,15": 0.087240031390826,
    "15,16": 0.009460031390826016,
    "16,17": -0.08696880520769402,
    "17,18": -0.327248805207694,
    "18,19": -0.7008588052076941,
    "19,3": -0.717528805207694,
    "20,21": 0.39305,
    "20,23": 1.44108116340148,
    "21,22": 0.13472,
    "23,24": 0.9862539897039627,
    "23,28": 0.1645471736975173,
    "24,25": 0.7584739897039627,
    "25,26": 0.34246116340148,
    "26,27": 0.09246116340147997,
    "27,16": -0.010318836598520032,
    "28,29": 0.08398717369751729,
    "29,30": -0.016012826302482713,
    "30,31": -0.11601282630248272,
    "31,32": -0.14518282630248272,
    "32,25": -0.3687928263024827,
    "33,34": 2.1497400313908273,
    "33,49": 0.7175288052076804,
    "33,50": 2.1883011634014924,
    "34,35": 2.1136300313908274,
    "35,36": 1.9122400313908274,
    "36,37": 1.6330700313908275,
    "37,38": 1.2580700313908275,
    "38,39": 1.1052900313908274,
    "39,40": 0.9594600313908275,
    "40,41": 0.55556,
    "40,44": 0.25807003139082735,
    "41,42": 0.41667,
    "42,43": 0.26111,
    "44,45": 0.08724003139082734,
    "45,46": 0.009460031390827343,
    "46,57": 0.010318836598507686,
    "47,46": 0.08696880520768036,
    "48,47": 0.32724880520768035,
    "49,48": 0.7008588052076804,
    "50,51": 0.39305,
    "50,53": 1.4410811634014924,
    "51,52": 0.13472,
    "53,54": 0.9862539897039354,
    "53,58": 0.16454717369755698,
    "54,55": 0.7584739897039353,
    "55,62": 0.36879282630244303,
    "56,55": -0.3424611634014923,
    "57,56": -0.09246116340149231,
    "58,59": 0.08398717369755697,
    "59,60": -0.016012826302443044,
    "60,61": -0.11601282630244304,
    "62,61": 0.14518282630244306
  },
  "h": {
    "1": 100,
    "2": 97.1381834461684,
    "3": 61.65700465901952,
    "4": 57.1964357750588,
    "5": 51.67285807216661,
    "6": 45.88719004790067,
    "7": 44.54669135919754,
    "8": 42.984834532294,
    "9": 41.755964595367956,
    "10": 39.19449247147215,
    "11": 37.63499031064108,
    "12": 34.207242637052794,
    "13": 30.00000000000028,
    "14": 32.415505633149465,
    "15": 30.10788638346422,
    "16": 30.06641923175167,
    "17": 42.59357041346531,
    "18": 52.54412768177693,
    "19": 58.53058816070485,
    "20": 50.38840403666495,
    "21": 35.160201592298584,
    "22": 30.00000000000305,
    "23": 44.12650817507029,
    "24": 38.28139479583104,
    "25": 34.48287726848425,
    "26": 30.379852328727807,
    "27": 30.000000000000476,
    "28": 38.60321691368911,
    "29": 30.00000000000034,
    "30": 30.31972983821081,
    "31": 30.608859867270013,
    "32": 32.31827996209448,
    "33": 61.657004659019535,
    "34": 57.19643577505881,
    "35": 51.672858072166605,
    "36": 45.88719004790065,
    "37": 44.54669135919753,
    "38": 42.984834532293995,
    "39": 41.75596459536794,
    "40": 39.19449247147215,
    "41": 37.63499031064107,
    "42": 34.207242637052794,
    "43": 30.00000000000028,
    "44": 32.4155056331494,
    "45": 30.107886383464088,
    "46": 30.066419231751528,
    "47": 42.59357041346152,
    "48": 52.54412768177727,
    "49": 58.53058816070497,
    "50": 50.38840403666485,
    "51": 35.160201592298584,
    "52": 30.00000000000305,
    "53": 44.1265081750701,
    "54": 38.28139479583115,
    "55": 34.482877268484614,
    "56": 30.379852328727903,
    "57": 30.000000000000476,
    "58": 38.60321691368645,
    "59": 30.00000000000034,
    "60": 30.319729838209344,
    "61": 30.608859867268364,
    "62": 32.318279962095275
  },
  "l": {
    "1,2,6": 28.89999999999958,
    "2,3,6": 1349.9999999999968,
    "3,4,6": 899.9999999999542,
    "4,5,6": 1149.9999999999523,
    "5,6,6": 1449.999999999939,
    "6,7,6": 449.9999999999071,
    "7,8,6": 849.9999999997675,
    "8,9,6": 849.9999999995053,
    "9,10,5": 491.13719441721844,
    "9,10,6": 308.86280558273404,
    "10,11,5": 949.9999999994104,
    "11,12,4": 1199.9999999965999,
    "12,13,4": 3499.999999998603,
    "10,14,2": 799.9999999977539,
    "14,15,1": 499.99999999855845,
    "15,16,1": 549.9999999992126,
    "16,17,1": 2729.999999998728,
    "17,18,2": 250.63582465733867,
    "17,18,3": 1499.3641753421439,
    "18,19,4": 799.9999999957369,
    "19,3,4": 399.9999999969918,
    "3,20,6": 2199.9999999999595,
    "20,21,2": 480.65797076459745,
    "20,21,3": 1019.3420292348853,
    "21,22,1": 499.99999999771285,
    "20,23,6": 2649.999999999859,
    "23,24,5": 1229.999999999197,
    "24,25,5": 1299.9999999996191,
    "25,26,3": 849.9999999982386,
    "26,27,2": 299.99999999697167,
    "27,16,1": 749.9999999992062,
    "23,28,2": 1499.9999999986364,
    "28,29,1": 2000,
    "29,30,1": 1599.999999999158,
    "30,31,2": 149.99999999825863,
    "31,32,2": 445.60323978227706,
    "31,32,3": 414.39676021720555,
    "32,25,4": 949.9999999988808,
    "2,33,6": 1349.9999999999968,
    "33,34,6": 899.9999999999542,
    "34,35,6": 1149.9999999999523,
    "35,36,6": 1449.999999999939,
    "36,37,6": 449.99999999990706,
    "37,38,6": 849.9999999997674,
    "38,39,6": 849.9999999995053,
    "39,40,5": 491.1371944172136,
    "39,40,6": 308.8628055827389,
    "40,41,5": 949.9999999994104,
    "41,42,4": 1199.9999999965996,
    "42,43,4": 3499.999999998603,
    "40,44,2": 799.9999999977539,
    "44,45,1": 499.99999999855845,
    "45,46,1": 549.9999999992126,
    "47,46,1": 2729.9999999987276,
    "48,47,2": 250.6358246579005,
    "48,47,3": 1499.364175341582,
    "49,48,4": 799.999999995737,
    "33,49,4": 399.99999999699185,
    "33,50,6": 2199.9999999999595,
    "50,51,2": 480.65797076458904,
    "50,51,3": 1019.3420292348935,
    "51,52,1": 499.99999999771285,
    "50,53,6": 2649.999999999859,
    "53,54,5": 1229.999999999197,
    "54,55,5": 1299.9999999996191,
    "56,55,3": 849.9999999982386,
    "57,56,2": 299.9999999969716,
    "46,57,1": 749.9999999992061,
    "53,58,2": 1499.9999999986364,
    "58,59,1": 1999.999999996981,
    "59,60,1": 1599.999999999158,
    "60,61,2": 149.99999999825863,
    "62,61,2": 445.60323978398753,
    "62,61,3": 414.39676021549514,
    "55,62,4": 949.9999999988809
  },
  "D": {
    "1": 0,
    "2": 0.24722,
    "3": 0.23611,
    "4": 0.03611,
    "5": 0.20139,
    "6": 0.27917,
    "7": 0.375,
    "8": 0.15278,
    "9": 0.14583,
    "10": 0.14583,
    "11": 0.13889,
    "12": 0.15556,
    "13": 0.26111,
    "14": 0.17083,
    "15": 0.07778,
    "16": 0.08611,
    "17": 0.24028,
    "18": 0.37361,
    "19": 0.01667,
    "20": 0.35417,
    "21": 0.25833,
    "22": 0.13472,
    "23": 0.29028,
    "24": 0.22778,
    "25": 0.04722,
    "26": 0.25,
    "27": 0.10278,
    "28": 0.08056,
    "29": 0.1,
    "30": 0.1,
    "31": 0.02917,
    "32": 0.22361,
    "33": 0.23611,
    "34": 0.03611,
    "35": 0.20139,
    "36": 0.27917,
    "37": 0.375,
    "38": 0.15278,
    "39": 0.14583,
    "40": 0.14583,
    "41": 0.13889,
    "42": 0.15556,
    "43": 0.26111,
    "44": 0.17083,
    "45": 0.07778,
    "46": 0.08611,
    "47": 0.24028,
    "48": 0.37361,
    "49": 0.01667,
    "50": 0.35417,
    "51": 0.25833,
    "52": 0.13472,
    "53": 0.29028,
    "54": 0.22778,
    "55": 0.04722,
    "56": 0.25,
    "57": 0.10278,
    "58": 0.08056,
    "59": 0.1,
    "60": 0.1,
    "61": 0.02917,
    "62": 0.22361
  },
  "Diameters": {
    "1": 0.3048,
    "2": 0.4064,
    "3": 0.508,
    "4": 0.6096,
    "5": 0.762,
    "6": 1.016
  },
  "L": {
    "1,2": 28.9,
    "2,3": 1350,
    "2,33": 1350,
    "3,4": 900,
    "3,20": 2200,
    "4,5": 1150,
    "5,6": 1450,
    "6,7": 450,
    "7,8": 850,
    "8,9": 850,