{
  "iteration": 5,
  "objective": 12065137.971765734,
  "solve_time": 41.80236291885376,
  "q": {
    "1,2": 10.830579999999996,
    "2,3": 5.291679999999996,
    "2,33": 5.291680000000002,
    "3,4": 2.213234243571916,
    "3,20": 2.1753748875270342,
    "4,5": 2.1771242435719174,
    "5,6": 1.9757342435719192,
    "6,7": 1.6965642435719175,
    "7,8": 1.3215642435719166,
    "8,9": 1.168784243571918,
    "9,10": 1.0229542435719197,
    "10,11": 0.55556,
    "10,14": 0.3215642435719204,
    "11,12": 0.41667,
    "12,13": 0.26111,
    "14,15": 0.1507342435719207,
    "15,16": 0.07295424357192068,
    "16,17": -0.03640086890104451,
    "17,18": -0.2766808689010445,
    "18,19": -0.650290868901044,
    "19,3": -0.6669608689010441,
    "20,21": 0.39305,
    "20,23": 1.4281548875270345,
    "21,22": 0.13472,
    "23,24": 0.9724316737020052,
    "23,28": 0.16544321382502902,
    "24,25": 0.7446516737020057,
    "25,26": 0.32953488752703486,
    "26,27": 0.07953488752703479,
    "27,16": -0.023245112472965214,
    "28,29": 0.08488321382502904,
    "29,30": -0.015116786174970961,
    "30,31": -0.11511678617497093,
    "31,32": -0.14428678617497095,
    "32,25": -0.3678967861749709,
    "33,34": 2.2262612741642327,
    "33,49": 0.65393383830865,
    "33,50": 2.1753748875271226,
    "34,35": 2.1901512741642337,
    "35,36": 1.988761274164233,
    "36,37": 1.7095912741642314,
    "37,38": 1.3345912741642294,
    "38,39": 1.1818112741642304,
    "39,40": 1.035981274164226,
    "40,41": 0.55556,
    "40,44": 0.33459127416422635,
    "41,42": 0.41667,
    "42,43": 0.26111,
    "44,45": 0.16376127416422667,
    "45,46": 0.08598127416422666,
    "46,57": 0.023245112472876778,
    "47,46": 0.023373838308650113,
    "48,47": 0.26365383830865013,
    "49,48": 0.6372638383086506,
    "50,51": 0.39305,
    "50,53": 1.428154887527122,
    "51,52": 0.13472,
    "53,54": 0.9724316737020953,
    "53,58": 0.16544321382502744,
    "54,55": 0.7446516737020957,
    "55,62": 0.3678967861749725,
    "56,55": -0.3295348875271234,
    "57,56": -0.07953488752712325,
    "58,59": 0.0848832138250274,
    "59,60": -0.015116786174972599,
    "60,61": -0.11511678617497263,
    "62,61": 0.1442867861749725
  },
  "h": {
    "1": 100,
    "2": 97.1381834461684,
    "3": 61.65700465901949,
    "4": 56.94937606104528,
    "5": 51.114568650738576,
    "6": 44.96809240222398,
    "7": 43.529473704522296,
    "8": 41.818499771051144,
    "9": 40.45570043951067,
    "10": 39.194492471478256,
    "11": 37.6349903106463,
    "12": 34.20724263705434,
    "13": 30.000000000000316,
    "14": 33.68675047542515,
    "15": 32.121602850480556,
    "16": 30.29887937435573,
    "17": 32.79537075973509,
    "18": 49.665570110589,
    "19": 58.92635344449813,
    "20": 50.51136938723297,
    "21": 35.160201592298584,
    "22": 30.00000000000305,
    "23": 44.35309944058557,
    "24": 38.658793749811146,
    "25": 34.98748217412426,
    "26": 31.16665520949995,
    "27": 30.00000000000062,
    "28": 38.77397633275624,
    "29": 30.000000000000338,
    "30": 30.28738717545312,
    "31": 30.572395054559312,
    "32": 32.83261487790612,
    "33": 61.65700465901953,
    "34": 56.897930428789365,
    "35": 50.998299139512596,
    "36": 44.77655636809135,
    "37": 43.317412841575646,
    "38": 41.575072808306174,
    "39": 40.18400905847971,
    "40": 39.15814293397949,
    "41": 37.59864077314884,
    "42": 34.207242637052175,
    "43": 30.000000000000256,
    "44": 34.594692420464945,
    "45": 32.769847435267295,
    "46": 30.298879374354293,
    "47": 31.397984252555208,
    "48": 46.82670839283797,
    "49": 59.02430696587004,
    "50": 50.51136938723224,
    "51": 35.160201592298584,
    "52": 30.00000000000305,
    "53": 44.35309944058432,
    "54": 38.65879374980929,
    "55": 34.98748217412184,
    "56": 31.16665520950095,
    "57": 30.00000000000054,
    "58": 38.7739763327552,
    "59": 30.000000000000334,
    "60": 30.28738717545381,
    "61": 30.572395054560033,
    "62": 32.832614877903644
  },
  "l": {
    "1,2,6": 28.89999999999956,
    "2,3,6": 1349.9999999999966,
    "3,4,6": 899.9999999999502,
    "4,5,6": 1149.9999999999482,
    "5,6,6": 1449.999999999934,
    "6,7,6": 449.9999999998998,
    "7,8,6": 849.9999999997508,
    "8,9,6": 849.9999999994715,
    "9,10,5": 67.61284295025186,
    "9,10,6": 732.3871570497007,
    "10,11,5": 949.9999999991999,
    "11,12,4": 1199.9999999984113,
    "12,13,4": 3499.999999997837,
    "10,14,2": 245.4158517010238,
    "10,14,3": 554.5841482984589,
    "14,15,2": 499.99999999766914,
    "15,16,1": 549.9999999989108,
    "16,17,1": 2729.999999999155,
    "17,18,2": 1749.9999999976774,
    "18,19,3": 434.72604822364775,
    "18,19,4": 365.2739517760043,
    "19,3,4": 399.99999999043104,
    "3,20,6": 2199.999999999953,
    "20,21,2": 490.70477348414653,
    "20,21,3": 1009.2952265153364,
    "21,22,1": 499.99999999771285,
    "20,23,6": 2649.9999999998186,
    "23,24,5": 1229.9999999994986,
    "24,25,5": 1299.999999999599,
    "25,26,3": 849.9999999984159,
    "26,27,1": 299.9999999985197,
    "27,16,1": 749.9999999991635,
    "23,28,2": 1499.9999999986183,
    "28,29,1": 1999.9999999966456,
    "29,30,1": 1599.999999999164,
    "30,31,2": 149.99999999826653,
    "31,32,2": 743.7077726060271,
    "31,32,3": 116.29222739345568,
    "32,25,4": 949.9999999988947,
    "2,33,6": 1349.9999999999968,
    "33,34,6": 899.9999999999604,
    "34,35,6": 1149.9999999999588,
    "35,36,6": 1449.9999999999486,
    "36,37,6": 449.9999999999245,
    "37,38,6": 849.9999999998378,
    "38,39,6": 849.9999999997272,
    "39,40,6": 799.999999999321,
    "40,41,5": 949.9999999994982,
    "41,42,4": 1180.796934861602,
    "41,42,5": 19.203065138201257,
    "42,43,4": 3499.999999998861,
    "40,44,2": 95.17803931657232,
    "40,44,3": 704.8219606829103,
    "44,45,2": 499.9999999981513,
    "45,46,1": 549.9999999987783,
    "47,46,1": 2729.9999999991846,
    "48,47,2": 1749.9999999959027,
    "49,48,3": 799.99999999985,
    "33,49,4": 399.999999998114,
    "33,50,6": 2199.9999999999554,
    "50,51,2": 490.70477348408696,
    "50,51,3": 1009.2952265153957,
    "51,52,1": 499.9999999977128,
    "50,53,6": 2649.9999999998354,
    "53,54,5": 1229.999999999436,
    "54,55,5": 1299.9999999996116,
    "56,55,3": 849.9999999987141,
    "57,56,1": 299.9999999980065,
    "46,57,1": 749.9999999991583,
    "53,58,2": 1499.9999999986019,
    "58,59,1": 1999.9999999964175,
    "59,60,1": 1599.999999999164,
    "60,61,2": 149.99999999826653,
    "62,61,2": 743.707772605796,
    "62,61,3": 116.29222739368673,
    "55,62,4": 949.9999999988953
  },
  "D": {
    "1": 0,
    "2": 0.24722,
    "3": 0.23611,
    "4": 0.03611,
    "5": 0.20139,
    "6": 0.27917,
    "7": 0.375,
    "8": 0.15278,
    "9": 0.14583,
    "10": 0.14583,
    "11": 0.13889,
    "12": 0.15556,
    "13": 0.26111,
    "14": 0.17083,
    "15": 0.07778,
    "16": 0.08611,
    "17": 0.24028,
    "18": 0.37361,
    "19": 0.01667,
    "20": 0.35417,
    "21": 0.25833,
    "22": 0.13472,
    "23": 0.29028,
    "24": 0.22778,
    "25": 0.04722,
    "26": 0.25,
    "27": 0.10278,
    "28": 0.08056,
    "29": 0.1,
    "30": 0.1,
    "31": 0.02917,
    "32": 0.22361,
    "33": 0.23611,
    "34": 0.03611,
    "35": 0.20139,
    "36": 0.27917,
    "37": 0.375,
    "38": 0.15278,
    "39": 0.14583,
    "40": 0.14583,
    "41": 0.13889,
    "42": 0.15556,
    "43": 0.26111,
    "44": 0.17083,
    "45": 0.07778,
    "46": 0.08611,
    "47": 0.24028,
    "48": 0.37361,
    "49": 0.01667,
    "50": 0.35417,
    "51": 0.25833,
    "52": 0.13472,
    "53": 0.29028,
    "54": 0.22778,
    "55": 0.04722,
    "56": 0.25,
    "57": 0.10278,
    "58": 0.08056,
    "59": 0.1,
    "60": 0.1,
    "61": 0.02917,
    "62": 0.22361
  },
  "Diameters": {
    "1": 0.3048,
    "2": 0.4064,
    "3": 0.508,
    "4": 0.6096,
    "5": 0.762,
    "6": 1.016
  },
  "L": {
    "1,2": 28.9,
    "2,3": 1350,
    "2,33": 1350,
    "3,4": 900,
    "3,20": 2200,