{
  "iteration": 4,
  "objective": 12067944.496468017,
  "solve_time": 39.471335649490356,
  "q": {
    "1,2": 10.830579999999996,
    "2,3": 5.291679999999995,
    "2,33": 5.29168,
    "3,4": 2.213234243571327,
    "3,20": 2.17537488752703,
    "4,5": 2.177124243571328,
    "5,6": 1.9757342435713297,
    "6,7": 1.696564243571332,
    "7,8": 1.3215642435713293,
    "8,9": 1.1687842435713232,
    "9,10": 1.0229542435713261,
    "10,11": 0.55556,
    "10,14": 0.3215642435713277,
    "11,12": 0.41667,
    "12,13": 0.26111,
    "14,15": 0.15073424357132784,
    "15,16": 0.07295424357132783,
    "16,17": -0.03640086890164157,
    "17,18": -0.27668086890164156,
    "18,19": -0.6502908689016412,
    "19,3": -0.6669608689016385,
    "20,21": 0.39305,
    "20,23": 1.428154887527031,
    "21,22": 0.13472,
    "23,24": 0.9724316737020021,
    "23,28": 0.1654432138250292,
    "24,25": 0.7446516737020027,
    "25,26": 0.32953488752703164,
    "26,27": 0.07953488752703056,
    "27,16": -0.023245112472969415,
    "28,29": 0.08488321382502918,
    "29,30": -0.015116786174970826,
    "30,31": -0.11511678617497097,
    "31,32": -0.1442867861749709,
    "32,25": -0.3678967861749709,
    "33,34": 2.156964655330067,
    "33,49": 0.7232304571427883,
    "33,50": 2.175374887527139,
    "34,35": 2.1208546553300676,
    "35,36": 1.9194646553300667,
    "36,37": 1.6402946553300661,
    "37,38": 1.265294655330068,
    "38,39": 1.1125146553300698,
    "39,40": 0.96668465533007,
    "40,41": 0.55556,
    "40,44": 0.2652946553300707,
    "41,42": 0.41667,
    "42,43": 0.26111,
    "44,45": 0.09446465533007066,
    "45,46": 0.01668465533007065,
    "46,57": 0.023245112472860485,
    "47,46": 0.09267045714278983,
    "48,47": 0.3329504571427897,
    "49,48": 0.7065604571427881,
    "50,51": 0.39305,
    "50,53": 1.4281548875271404,
    "51,52": 0.13472,
    "53,54": 0.9724316737021006,
    "53,58": 0.1654432138250381,
    "54,55": 0.7446516737021016,
    "55,62": 0.3678967861749621,
    "56,55": -0.32953488752713944,
    "57,56": -0.07953488752713954,
    "58,59": 0.08488321382503805,
    "59,60": -0.015116786174961946,
    "60,61": -0.11511678617496174,
    "62,61": 0.14428678617496205
  },
  "h": {
    "1": 100,
    "2": 97.13818344616838,
    "3": 61.6570046590195,
    "4": 56.949376061047595,
    "5": 51.114568650743784,
    "6": 44.96809240223254,
    "7": 43.52947370453176,
    "8": 41.81849977106198,
    "9": 40.45570043952276,
    "10": 39.194492471478256,
    "11": 37.6349903106463,
    "12": 34.207242637054335,
    "13": 30.000000000000316,
    "14": 33.68675047539806,
    "15": 32.12160285046293,
    "16": 30.29887937435708,
    "17": 32.79537075983329,
    "18": 49.66557011075728,
    "19": 58.9263534444935,
    "20": 50.51136938723302,
    "21": 35.160201592298584,
    "22": 30.00000000000305,
    "23": 44.353099440585645,
    "24": 38.65879374981125,
    "25": 34.9874821741244,
    "26": 31.16665520950018,
    "27": 30.00000000000062,
    "28": 38.77397633275631,
    "29": 30.000000000000338,
    "30": 30.28738717545385,
    "31": 30.572395054560072,
    "32": 32.832614877906224,
    "33": 61.657004659019535,
    "34": 57.168633409581325,
    "35": 51.610038657865296,
    "36": 45.78382298961664,
    "37": 44.43232068716694,
    "38": 42.853812355960414,
    "39": 41.61002501945505,
    "40": 39.19449247147562,
    "41": 37.63499031064418,
    "42": 34.20724263705339,
    "43": 30.000000000000295,
    "44": 33.091453519045935,
    "45": 30.417478825646498,
    "46": 30.29887937435428,
    "47": 44.389379475580675,
    "48": 52.40745511235714,
    "49": 58.48442279822025,
    "50": 50.511369387232264,
    "51": 35.160201592298584,
    "52": 30.00000000000305,
    "53": 44.35309944058453,
    "54": 38.65879374981077,
    "55": 34.98748217412375,
    "56": 31.166655209507578,
    "57": 30.00000000000042,
    "58": 38.77397633275499,
    "59": 30.00000000000033,
    "60": 30.28738717545353,
    "61": 30.57239505455971,
    "62": 32.83261487790566
  },
  "l": {
    "1,2,6": 28.89999999999956,
    "2,3,6": 1349.9999999999964,
    "3,4,6": 899.9999999999502,
    "4,5,6": 1149.9999999999482,
    "5,6,6": 1449.999999999934,
    "6,7,6": 449.9999999998998,
    "7,8,6": 849.9999999997509,
    "8,9,6": 849.9999999994716,
    "9,10,5": 67.61284295430342,
    "9,10,6": 732.3871570456491,
    "10,11,5": 949.9999999992004,
    "11,12,4": 1199.9999999984102,
    "12,13,4": 3499.999999997839,
    "10,14,2": 245.4158517088362,
    "10,14,3": 554.5841482906463,
    "14,15,2": 499.9999999976624,
    "15,16,1": 549.9999999989119,
    "16,17,1": 2729.9999999991546,
    "17,18,2": 1749.9999999976753,
    "18,19,3": 434.7260482045874,
    "18,19,4": 365.2739517950647,
    "19,3,4": 399.99999999042984,
    "3,20,6": 2199.999999999953,
    "20,21,2": 490.704773484151,
    "20,21,3": 1009.2952265153316,
    "21,22,1": 499.99999999771285,
    "20,23,6": 2649.9999999998186,
    "23,24,5": 1229.9999999994984,
    "24,25,5": 1299.999999999599,
    "25,26,3": 849.9999999984192,
    "26,27,1": 299.9999999985202,
    "27,16,1": 749.9999999991636,
    "23,28,2": 1499.9999999986178,
    "28,29,1": 1999.9999999966378,
    "29,30,1": 1599.9999999991642,
    "30,31,2": 149.9999999982665,
    "31,32,2": 743.7077726074434,
    "31,32,3": 116.29222739203914,
    "32,25,4": 949.9999999988952,
    "2,33,6": 1349.9999999999968,
    "33,34,6": 899.9999999999537,
    "34,35,6": 1149.9999999999518,
    "35,36,6": 1449.9999999999386,
    "36,37,6": 449.99999999990627,
    "37,38,6": 849.9999999997656,
    "38,39,6": 849.9999999995015,
    "39,40,5": 438.46343428378964,
    "39,40,6": 361.53656571616295,
    "40,41,5": 949.9999999993255,
    "41,42,4": 1199.9999999978597,
    "42,43,4": 3499.999999998321,
    "40,44,2": 625.4465260061457,
    "40,44,3": 174.553473993337,
    "44,45,1": 499.9999999972375,
    "45,46,1": 549.9999999991979,
    "47,46,1": 2729.9999999985016,
    "48,47,3": 1749.9999999953975,
    "49,48,4": 799.9999999977356,
    "33,49,4": 399.99999999813633,
    "33,50,6": 2199.999999999961,
    "50,51,2": 490.70477348408895,
    "50,51,3": 1009.2952265153937,
    "51,52,1": 499.99999999771285,
    "50,53,6": 2649.999999999866,
    "53,54,5": 1229.9999999991442,
    "54,55,5": 1299.9999999996187,
    "56,55,3": 849.9999999981535,
    "57,56,1": 300,
    "46,57,1": 749.9999999991494,
    "53,58,2": 1499.99999999856,
    "58,59,1": 1999.9999999957301,
    "59,60,1": 1599.9999999991642,
    "60,61,2": 149.99999999826653,
    "62,61,2": 743.7077726074735,
    "62,61,3": 116.29222739200895,
    "55,62,4": 949.9999999988952
  },
  "D": {
    "1": 0,
    "2": 0.24722,
    "3": 0.23611,
    "4": 0.03611,
    "5": 0.20139,
    "6": 0.27917,
    "7": 0.375,
    "8": 0.15278,
    "9": 0.14583,
    "10": 0.14583,
    "11": 0.13889,
    "12": 0.15556,
    "13": 0.26111,
    "14": 0.17083,
    "15": 0.07778,
    "16": 0.08611,
    "17": 0.24028,
    "18": 0.37361,
    "19": 0.01667,
    "20": 0.35417,
    "21": 0.25833,
    "22": 0.13472,
    "23": 0.29028,
    "24": 0.22778,
    "25": 0.04722,
    "26": 0.25,
    "27": 0.10278,
    "28": 0.08056,
    "29": 0.1,
    "30": 0.1,
    "31": 0.02917,
    "32": 0.22361,
    "33": 0.23611,
    "34": 0.03611,
    "35": 0.20139,
    "36": 0.27917,
    "37": 0.375,
    "38": 0.15278,
    "39": 0.14583,
    "40": 0.14583,
    "41": 0.13889,
    "42": 0.15556,
    "43": 0.26111,
    "44": 0.17083,
    "45": 0.07778,
    "46": 0.08611,
    "47": 0.24028,
    "48": 0.37361,
    "49": 0.01667,
    "50": 0.35417,
    "51": 0.25833,
    "52": 0.13472,
    "53": 0.29028,
    "54": 0.22778,
    "55": 0.04722,
    "56": 0.25,
    "57": 0.10278,
    "58": 0.08056,
    "59": 0.1,
    "60": 0.1,
    "61": 0.02917,
    "62": 0.22361
  },
  "Diameters": {
    "1": 0.3048,
    "2": 0.4064,
    "3": 0.508,
    "4": 0.6096,
    "5": 0.762,
    "6": 1.016
  },
  "L": {
    "1,2": 28.9,
    "2,3": 1350,
    "2,33": 1350,
    "3,4": 900,
    "3,20": 2200,
    "4,5": 1150,
    "5,6": 1450,