{
  "iteration": 2,
  "objective": 58097241.4411004,
  "solve_time": 6.503977060317993,
  "q": {
    "1,2": 24.911244437980123,
    "1,15": 32.21800046201989,
    "2,3": 22.29476749798012,
    "3,4": 19.67829055798012,
    "4,5": 17.18074438798012,
    "5,6": 14.68319821798012,
    "6,7": 12.18565204798012,
    "7,8": 9.688105877980119,
    "8,9": 7.190559707980119,
    "9,10": 1.6565357299999997,
    "9,16": 3.7664399829186896,
    "10,17": 1.62821888,
    "11,9": 3.046280504938571,
    "11,20": 5.861289017081312,
    "12,11": 13.721434022019881,
    "12,18": 6.631806280000001,
    "13,12": 23.66914344201988,
    "14,13": 26.985046582019883,
    "15,14": 29.601523522019885,
    "18,19": 3.31590314,
    "20,16": 1.0474245170813117
  },
  "h": {
    "1": 91.44,
    "2": 89.7321481411417,
    "3": 87.35856119973525,
    "4": 86.66408706641849,
    "5": 86.04997984407743,
    "6": 85.57429575094415,
    "7": 84.82630979740973,
    "8": 84.34193782493418,
    "9": 83.53473896045799,
    "10": 83.52540428402922,
    "11": 83.5531627723047,
    "12": 83.9404660911257,
    "13": 84.83493535574273,
    "14": 87.08749705882963,
    "15": 89.42835904144681,
    "16": 79.25000000000004,
    "17": 83.15,
    "18": 79.68225780339895,
    "19": 77.72000000000008,
    "20": 81.49969034059875
  },
  "l": {
    "1,2,1": 3535.6899999978814,
    "2,3,1": 6035.059999997991,
    "3,4,1": 2225.049999998055,
    "4,5,1": 2529.8499999981004,
    "5,6,1": 2621.289999998131,
    "6,7,1": 5821.699999998158,
    "7,8,7": 2926.0899999955436,
    "8,9,1": 3810.0099999979193,
    "9,10,1": 2926.0899999982103,
    "11,9,1": 3413.7699999982106,
    "12,11,1": 4419.60999999817,
    "13,12,1": 3718.569999998066,
    "14,13,1": 7345.699999998003,
    "15,14,1": 6431.299999997927,
    "1,15,1": 4724.419999997823,
    "10,17,5": 6035.841727802632,
    "10,17,6": 2010.9082721952627,
    "12,18,6": 9509.789999995464,
    "18,19,4": 463.67329982723356,
    "18,19,5": 6851.546700170819,
    "11,20,5": 203.91052847247482,
    "11,20,6": 4185.219471525421,
    "20,16,1": 11704.35999999807,
    "9,16,3": 8046.7499999995325
  },
  "D": {
    "1": 0,
    "2": 2.61647694,
    "3": 2.61647694,
    "4": 2.49754617,
    "5": 2.49754617,
    "6": 2.49754617,
    "7": 2.49754617,
    "8": 2.49754617,
    "9": 4.8138645,
    "10": 0.02831685,
    "11": 4.8138645,
    "12": 3.31590314,
    "13": 3.31590314,
    "14": 2.61647694,
    "15": 2.61647694,
    "16": 4.8138645,
    "17": 1.62821888,
    "18": 3.31590314,
    "19": 3.31590314,
    "20": 4.8138645
  },
  "Diameters": {
    "1": 0.9144,
    "2": 1.2192,
    "3": 1.524,
    "4": 1.8288,
    "5": 2.1336,
    "6": 2.4384,
    "7": 2.7432,
    "8": 3.048,
    "9": 3.3528,
    "10": 3.6576,
    "11": 3.9624,
    "12": 4.2672,
    "13": 4.572,
    "14": 4.8768,
    "15": 5.1816
  },
  "L": {
    "1,2": 3535.69,
    "1,15": 4724.42,
    "2,3": 6035.06,
    "3,4": 2225.05,
    "4,5": 2529.85,
    "5,6": 2621.29,
    "6,7": 5821.7,
    "7,8": 2926.09,
    "8,9": 3810.01,
    "9,10": 2926.09,
    "9,16": 8046.75,
    "10,17": 8046.75,
    "11,9": 3413.77,
    "11,20": 4389.13,
    "12,11": 4419.61,
    "12,18": 9509.79,
    "13,12": 3718.57,
    "14,13": 7345.7,
    "15,14": 6431.3,
    "18,19": 7315.22,
    "20,16": 11704.36
  },
  "C": {
    "1": 306.75,
    "2": 439.63,
    "3": 577.43,
    "4": 725.07,
    "5": 875.98,
    "6": 1036.75,
    "7": 1197.51,
    "8": 1368.11,
    "9": 1538.71,
    "10": 1712.6,
    "11": 1893.04,
    "12": 2073.49,
    "13": 2260.5,
    "14": 2447.51,
    "15": 2637.8
  },
  "hmin": {
    "2": 77.72,
    "3": 77.72,
    "4": 77.72,
    "5": 77.72,
    "6": 77.72,
    "7": 77.72,
    "8": 77.72,
    "9": 77.72,
    "10": 77.72,
    "11": 77.72,
    "12": 77.72,
    "13": 77.72,
    "14": 77.72,
    "15": 77.72,
    "16": 79.25,
    "17": 83.15,
    "18": 77.72,
    "19": 77.72,
    "20": 77.72,
    "1": 91.44
  },
  "nodes": [
    2,
    3,
    4,
    5,
    6,
    7,
    8,
    9,
    10,
    11,
    12,
    13,
    14,
    15,
    16,
    17,
    18,
    19,
    20,
    1
  ],
  "arcs": [
    [
      1,
      2
    ],
    [
      2,
      3
    ],
    [
      3,
      4
    ],
    [
      4,
      5
    ],
    [
      5,
      6
    ],
    [
      6,
      7
    ],
    [
      7,
      8
    ],
    [
      8,
      9
    ],
    [
      9,
      10
    ],
    [
      11,
      9
    ],
    [
      12,
      11
    ],
    [
      13,
      12
    ],
    [
      14,
      13
    ],
    [
      15,
      14
    ],
    [
      1,
      15
    ],
    [
      10,
      17
    ],
    [
      12,
      18
    ],
    [
      18,
      19
    ],
    [
      11,
      20
    ],
    [
      20,
      16
    ],
    [
      9,
      16
    ]
  ],
  "source": [
    1
  ]
}