{
  "iteration": 2,
  "objective": 1817318.5831150752,
  "solve_time": 14.242990493774414,
  "q": {
    "1,2": -0.004842023357554691,
    "2,4": 0.003377874539874872,
    "3,1": 0.005167976642445309,
    "3,4": -0.016166451185833517,
    "3,5": 0.002498474543388206,
    "4,59": -0.021288576645958644,
    "5,86": 0.0008628388619078596,
    "6,7": 0.0,
    "6,8": -0.0008466328525880577,
    "8,29": 0.00924424768133396,
    "9,6": -0.005735289770032111,
    "9,40": 0.0005642690106743632,
    "10,11": -0.0164,
    "12,39": 0.022247293171479866,
    "13,17": -0.03377748103351581,
    "14,24": 0.2001014962578825,
    "15,14": 0.2061614962578825,
    "18,13": -0.02628748103351581,
    "18,19": 0.030800652070087416,
    "19,20": -0.008045381639161143,
    "19,38": 0.03403603370924856,
    "20,18": 0.009543171036571606,
    "20,27": -0.04720203410503402,
    "21,20": -0.00857348142930127,
    "21,22": -0.003345944543207233,
    "22,23": -0.005512796378842833,
    "22,85": -0.008243148164364401,
    "23,21": 0.005020574027491496,
    "24,17": 0.11317103370924857,
    "24,25": 0.08038046254863394,
    "25,12": 0.022737293171479867,
    "26,17": -0.07662355267573275,
    "26,27": 0.06522540451136835,
    "26,83": 0.008618148164364401,
    "27,23": 0.01270337040633433,
    "28,29": -0.013007417058488025,
    "28,30": 0.004699372965525248,
    "29,35": -0.03676316937715407,
    "30,28": -0.0046780440929627765,
    "30,33": 0.0021148877752438632,
    "31,11": -0.007857871773778365,
    "31,32": 0.010213905483026926,
    "32,49": -8.999998934876753e-09,
    "33,9": -0.0007910207593577472,
    "34,30": -0.0012625292832441602,
    "34,41": 0.003265922557045661,
    "35,25": -0.04723316937715407,
    "35,36": 0.00168,
    "37,31": 0.008756033709248563,
    "37,38": -0.021396033709248564,
    "39,34": 0.0050933932738015004,
    "40,39": -0.004513899897678365,
    "40,41": -0.00048183109164727164,
    "41,33": 0.0001840914653983896,
    "42,11": 0.054027871773778366,
    "43,42": 0.21690396629075143,
    "43,87": 0.025,
    "44,42": -0.15830609451697306,
    "44,57": 0.14178949693629692,
    "45,46": -0.0026632540841349858,
    "45,52": -0.00266031719094658,
    "46,32": -0.0072539144830258626,
    "47,48": 0.06164254063863276,
    "48,49": 0.008447505659023165,
    "49,50": 0.005037496659024231,
    "50,46": -0.0015006603988908767,
    "50,51": -0.008161092849685591,
    "51,48": -0.040565034979609595,
    "51,53": 0.018673143842427745,
    "52,50": -0.001489249907600698,
    "52,53": -0.007601067283345881,
    "54,55": 0.003543351963813304,
    "54,84": -0.003543351963813304,
    "55,61": -0.003840715016432456,
    "55,86": 0.006483589863010575,
    "55,88": -0.004322356086489506,
    "55,89": -0.006077166796275309,
    "56,44": -0.00895659758067614,
    "56,47": 0.06223254063863276,
    "57,56": 0.05726594305795662,
    "58,57": -0.07677355387834031,
    "58,60": 0.01135121551411106,
    "59,60": 0.013253863820841047,
    "59,62": -0.03542244046679969,
    "60,61": 0.019465079334952107,
    "61,5": 0.010484364318519653,
    "62,2": 0.020649897897429565,
    "62,58": -0.06351233836422926,
    "65,6": 0.006518656917444053,
    "65,76": 0.04369088053392201,
    "76,8": 0.04369088053392201,
    "82,83": -0.004287312083552291,
    "82,85": 0.004282312083552291,
    "83,85": 0.00433083608081211,
    "84,88": -0.004083351963813304,
    "86,45": 0.0008864287249184346,
    "88,51": -0.009860798287496255,
    "88,89": -0.0006949097628065557,
    "89,53": -0.008522076559081864
  },
  "h": {
    "1": 22.899999771000108,
    "2": 27.751384019990113,
    "3": 24.409895551861684,
    "4": 27.25764429283508,
    "5": 22.353571690667856,
    "6": 39.98325214504695,
    "7": 39.98325214504695,
    "8": 40.02314150511433,
    "9": 24.299999757000176,
    "10": 25.199999748001137,
    "11": 47.99999952000025,
    "12": 40.228713407809494,
    "13": 39.918221025903314,
    "14": 56.491139487589564,
    "15": 57,
    "17": 52.71616832481753,
    "18": 30.13880853549732,
    "19": 28.357168652512417,
    "20": 36.10169760737219,
    "21": 29.891887602666774,
    "22": 31.768872234094236,
    "23": 33.28745951381534,
    "24": 54.61811589303965,
    "25": 44.64975429255856,
    "26": 52.614763503061745,
    "27": 45.81564795155147,
    "28": 27.401480546309564,
    "29": 28.17062660958694,
    "30": 24.720341761860478,
    "31": 24.833736020451138,
    "32": 23.195090987869314,
    "33": 24.24707740378757,
    "34": 24.40643915706356,
    "35": 28.411651376737574,
    "36": 27.62546043168467,
    "37": 26.699999733000286,
    "38": 28.009505753411204,
    "39": 26.100557706224123,
    "40": 24.24865852959581,
    "41": 24.253693465030874,
    "42": 50.8704300963328,
    "43": 53.08,
    "44": 49.23946724182865,
    "45": 21.678185196174738,
    "46": 22.499999775000166,
    "47": 36.55211604576609,
    "48": 32.17081600537535,
    "49": 23.195090987869314,
    "50": 22.368371967263325,
    "51": 30.79765299758727,
    "52": 22.25281483436417,
    "53": 29.482188436077347,
    "54": 23.86350452211224,
    "55": 23.43809385248626,
    "56": 37.226833621782355,
    "57": 44.40175830883386,
    "58": 36.84818859421064,
    "59": 35.098562945304245,
    "60": 28.73822546778467,
    "61": 27.045500266246815,
    "62": 35.68315440668615,
    "65": 55,
    "76": 52.33462876403868,
    "82": 43.90892111938517,
    "83": 43.928732655113244,
    "84": 24.36460995057929,
    "85": 42.9598226355384,
    "86": 22.02803262470749,
    "87": 52.04216997381864,
    "88": 24.774970873704984,
    "89": 24.795522759987527
  },
  "l": {
    "1,2,1": 977.3600001198622,
    "3,4,3": 443.170000119872,
    "3,5,1": 1410.7700001199005,
    "3,1,1": 269.61000011956736,
    "6,7,1": 116.52000011989651,
    "6,8,1": 203.0600001198963,
    "9,6,1": 2309.140000119884,
    "10,11,1": 318.3785948547913,
    "10,11,3": 1161.6014052543576,
    "15,14,7": 43.970000119592804,
    "13,17,3": 482.53046700160417,
    "13,17,4": 106.62953310832596,
    "18,13,3": 618.5300001198636,
    "18,19,4": 341.1000001198749,
    "20,18,1": 341.92000011979366,
    "21,20,1": 434.24000011990364,
    "22,23,1": 240.59000011989644,
    "24,25,5": 957.4400001198908,
    "14,24,7": 171.04000011974404,
    "24,17,6": 235.57000011981174,
    "26,17,4": 3.5900000357207134,
    "26,27,4": 324.36000011989955,
    "21,22,1": 749.7400001198957,
    "23,21,1": 639.700000119895,
    "27,23,1": 422.9500001198879,
    "20,27,4": 843.5200001199079,
    "19,20,1": 609.2300001198585,
    "28,29,3": 179.0400001198118,
    "28,30,1": 570.900000119883,
    "30,28,1": 575.7300001198831,
    "31,32,1": 55.868053945705675,
    "31,32,3": 194.41194616344322,
    "30,33,1": 442.11000011989313,
    "34,30,1": 762.3500001198956,
    "35,36,1": 1124.9000001198965,
    "31,11,1": 1903.7500001198775,
    "37,31,1": 125.51000011983326,
    "37,38,3": 121.27000011951105,
    "19,38,4": 55.32000011991166,
    "40,39,1": 424.86000011988773,
    "40,41,1": 72.80000011989637,
    "9,40,1": 554.0800001198968,
    "33,9,1": 305.5300001198973,
    "41,33,1": 568.3500001198963,
    "34,41,1": 63.81000011988703,
    "39,34,1": 310.7600001198861,
    "12,39,3": 1217.1700001198722,
    "25,12,3": 365.82000011987316,
    "35,25,4": 1408.330000119904,
    "29,35,4": 33.25000011975221,
    "8,29,1": 720.9000001198699,
    "42,11,4": 68.05996164427684,
    "42,11,5": 373.63003846565834,
    "43,42,8": 332.9900001199073,
    "44,42,7": 229.8500001197894,
    "45,46,1": 500.9200001198994,
    "47,48,4": 232.07000011889934,
    "32,49,1": 5.430000054265464,
    "46,32,1": 66.24000011986612,
    "50,46,1": 232.13000011990002,
    "49,50,1": 154.78000011987524,
    "48,49,1": 645.1000001198662,
    "51,48,4": 157.87000011991108,
    "50,51,1": 645.7900001198598,
    "52,50,1": 206.69000011989726,
    "51,53,3": 156.7500001198284,
    "54,55,1": 152.81000011989488,
    "56,47,4": 26.32960731038755,
    "56,47,5": 26.040392799547604,
    "44,57,6": 394.6700001197681,