{
  "iteration": 2,
  "objective": 1785319.428539481,
  "solve_time": 110.87907814979553,
  "q": {
    "1,2": -0.003594527890352367,
    "2,4": 0.002633918894989257,
    "3,1": 0.006415472109647632,
    "3,4": -0.012740329898788838,
    "3,5": -0.002175142210858795,
    "4,59": -0.018606411003799582,
    "5,86": 0.002255786938065553,
    "6,7": 0.0,
    "6,8": -0.0009330650795499301,
    "8,29": 0.05240064172007965,
    "9,6": -0.0057746813661670405,
    "9,40": 0.0008586897020056747,
    "10,11": -0.0164,
    "12,39": 0.020150854228316546,
    "13,17": -0.06379334939435106,
    "14,24": 0.15426651685979006,
    "15,14": 0.16032651685979007,
    "18,13": -0.05630334939435106,
    "18,19": 0.04133219405202502,
    "19,20": 0.0051253541059882645,
    "19,38": 0.03139683994603675,
    "20,18": -0.009941155342326041,
    "20,27": -0.011282646388639735,
    "21,20": -0.00530915583695404,
    "21,22": -0.004969587910865514,
    "22,23": -0.006092204608389598,
    "22,85": -0.009287383302475919,
    "23,21": 0.0066612562521804475,
    "24,17": 0.11053183994603676,
    "24,25": 0.03718467691375331,
    "25,12": 0.020640854228316546,
    "26,17": -0.0439684905516857,
    "26,27": 0.03152610724920978,
    "26,83": 0.009662383302475918,
    "27,23": 0.014923460860570047,
    "28,29": -0.015064464405516413,
    "28,30": 0.0057302360092783295,
    "29,35": 0.0043361773145632375,
    "30,28": -0.0057042283962380836,
    "30,33": 0.0031709205662650225,
    "31,11": -0.007690447599328778,
    "31,32": 0.007407287545365525,
    "32,49": -0.0016864331632006767,
    "33,9": -0.0005359916641613665,
    "34,30": -0.0022635438392513917,
    "34,41": 0.003099517463141073,
    "35,25": -0.006133822685436763,
    "35,36": 0.00168,
    "37,31": 0.006116839946036748,
    "37,38": -0.01875683994603675,
    "39,34": 0.003925973623889681,
    "40,39": -0.003584880604426863,
    "40,41": -0.001116429693567462,
    "41,33": -0.0006169122304263892,
    "42,11": 0.05386044759932878,
    "43,42": 0.21954316005396324,
    "43,87": 0.025,
    "44,42": -0.16111271245463446,
    "44,57": 0.14467927861397603,
    "45,46": -0.0021066196368441166,
    "45,52": -0.0023451594091167633,
    "46,32": -0.006133720708566201,
    "47,48": 0.06392770410688485,
    "48,49": 0.009211098003106597,
    "49,50": 0.0041146648399059205,
    "50,46": -0.0009371010717220841,
    "50,51": -0.008771608654596736,
    "51,48": -0.04208660610377824,
    "51,53": 0.01937559688666349,
    "52,50": -0.0006133745662247404,
    "52,53": -0.008161784842892022,
    "54,55": 0.003636013664999865,
    "54,84": -0.003636013664999865,
    "55,61": -0.0029692214096840802,
    "55,86": 0.005962434015973568,
    "55,88": -0.004430805619357081,
    "55,89": -0.006226393321932541,
    "56,44": -0.008873433840658447,
    "56,47": 0.06451770410688484,
    "57,56": 0.0596342702662264,
    "58,57": -0.07729500834774963,
    "58,60": 0.008042703420703791,
    "59,60": 0.02175744713790464,
    "59,62": -0.04124385814170422,
    "60,61": 0.02466015055860843,
    "61,5": 0.016550929148924347,
    "62,2": 0.018658446785341624,
    "62,58": -0.06734230492704583,
    "65,6": 0.006471616286617111,
    "65,76": 0.08693370679962957,
    "76,8": 0.08693370679962957,
    "82,83": -0.004806494417679292,
    "82,85": 0.004801494417679291,
    "83,85": 0.004855888884796627,
    "84,88": -0.004176013664999865,
    "86,45": 0.0017582209540391214,
    "88,51": -0.010069400562518017,
    "88,89": -0.0006874187218389283,
    "89,53": -0.008663812043771469
  },
  "h": {
    "1": 22.900000000000155,
    "2": 25.694117158336287,
    "3": 23.550585399190673,
    "4": 25.382654544983637,
    "5": 25.141418747526927,
    "6": 40.18332780897798,
    "7": 40.18332780897798,
    "8": 40.23108542266895,
    "9": 24.3000000000002,
    "10": 25.200000000001136,
    "11": 48.00000000000025,
    "12": 37.158802851799315,
    "13": 40.97082616412918,
    "14": 56.323313973913095,
    "15": 57,
    "17": 52.05172527556805,
    "18": 31.0972287185224,
    "19": 28.02556831820008,
    "20": 24.665630579235806,
    "21": 22.10929224169456,
    "22": 26.014438932217725,
    "23": 27.841786845247086,
    "24": 53.87234593363876,
    "25": 40.85470090780082,
    "26": 51.904572143432496,
    "27": 44.724287239331,
    "28": 29.147381023177907,
    "29": 30.15685984640005,
    "30": 25.27625899641784,
    "31": 25.73956521502167,
    "32": 23.00947924579024,
    "33": 24.27426075093131,
    "34": 24.35078377148721,
    "35": 30.022318674648634,
    "36": 29.236127729675896,
    "37": 26.700000000000276,
    "38": 27.726176324276164,
    "39": 25.39684471413576,
    "40": 24.188267748923828,
    "41": 24.212137969019796,
    "42": 50.86951930870529,
    "43": 53.08,
    "44": 47.30000000000012,
    "45": 21.967657411295843,
    "46": 22.500000000000124,
    "47": 35.13022495932914,
    "48": 33.54923643326793,
    "49": 23.013301221939308,
    "50": 22.44496726724203,
    "51": 32.079161833968186,
    "52": 22.422614622779907,
    "53": 30.670583914865098,
    "54": 24.864977523553154,
    "55": 24.41873439147431,
    "56": 35.49312030117935,
    "57": 42.27810685150864,
    "58": 33.566200263504804,
    "59": 31.49284224366635,
    "60": 29.28184953780015,
    "61": 26.658476210695362,
    "62": 32.26772165333284,
    "65": 55,
    "76": 53.14399956838485,
    "82": 41.1448738870815,
    "83": 41.169356491186946,
    "84": 25.390622205015404,
    "85": 39.97172755679398,
    "86": 23.211365222105737,
    "87": 52.04216998435208,
    "88": 25.818395742155605,
    "89": 25.838539208997513
  },
  "l": {
    "1,2,1": 977.3599999998623,
    "3,4,3": 443.1699999997984,
    "3,5,1": 1410.7699999998695,
    "3,1,1": 46.92285915990816,
    "3,1,3": 222.68714083924078,
    "6,7,1": 116.51999999987328,
    "6,8,1": 203.059999999873,
    "9,6,1": 2309.139999999859,
    "10,11,1": 318.3786004373345,
    "10,11,3": 1161.601399561814,
    "15,14,6": 43.9699999998918,
    "13,17,4": 531.2959450370699,
    "13,17,5": 57.86405496286519,
    "18,13,4": 618.5299999997904,
    "18,19,4": 341.0999999998901,
    "20,18,1": 341.9199999998866,
    "21,20,1": 434.2399999998813,
    "22,23,1": 240.58999999987202,
    "24,25,3": 261.7784999436159,
    "24,25,4": 695.6615000563143,
    "14,24,6": 171.03999999990074,
    "24,17,6": 235.56999999977026,
    "26,17,3": 3.5899999995731906,
    "26,27,3": 324.35999999983807,
    "21,22,1": 749.7399999998694,
    "23,21,1": 639.6999999998662,
    "27,23,1": 422.9499999998187,
    "20,27,1": 843.5199999998282,
    "19,20,1": 609.2299999998833,
    "28,29,3": 179.03999999978726,
    "28,30,1": 570.8999999998483,
    "30,28,1": 575.7299999998486,
    "31,32,1": 250.27999999972036,
    "30,33,1": 442.10999999986353,
    "34,30,1": 762.3499999998706,
    "35,36,1": 1124.8999999998732,
    "31,11,1": 1903.7499999998495,
    "37,31,1": 125.50999999983036,
    "37,38,3": 121.26999999970751,
    "19,38,4": 55.31999999989248,
    "40,39,1": 424.8599999998668,
    "40,41,1": 72.79999999987275,
    "9,40,1": 554.079999999874,
    "33,9,1": 305.5299999998738,
    "41,33,1": 568.3499999998736,
    "34,41,1": 63.809999999863905,
    "39,34,1": 310.7599999998663,
    "12,39,3": 1217.1699999998173,
    "25,12,3": 365.8199999998228,
    "35,25,1": 1408.3299999998712,
    "29,35,1": 33.24999999987424,
    "8,29,4": 720.8999999998945,
    "42,11,4": 69.65484518700255,
    "42,11,5": 372.0351548129326,
    "43,42,8": 316.40084495414214,
    "43,42,9": 16.589155045788875,
    "44,42,6": 229.84999999999462,
    "45,46,1": 500.919999999876,
    "47,48,5": 232.0699999998289,
    "32,49,1": 5.429999999871692,
    "46,32,1": 66.23999999972594,
    "50,46,1": 232.12999999987525,
    "49,50,1": 154.77999999986852,
    "48,49,1": 645.0999999997472,
    "51,48,4": 157.86999999989354,
    "50,51,1": 645.7899999997687,
    "52,50,1": 206.68999999987366,
    "51,53,3": 156.74999999981358,
    "54,55,1": 152.80999999987142,
    "56,47,5": 52.36999999983507,
    "44,57,6": 394.66999999975167,