{
  "iteration": 3,
  "objective": 1816802.645641647,
  "solve_time": 17.487663507461548,
  "q": {
    "1,2": -0.004812998660850611,
    "2,4": 0.003316654387414467,
    "3,1": 0.005197001339149389,
    "3,4": -0.01600323298671174,
    "3,5": 0.0023062316475623516,
    "4,59": -0.021186578599297276,
    "5,86": 0.0005475610000270355,
    "6,7": 0.0,
    "6,8": -0.0008000845708197094,
    "8,29": 0.009195332309449746,
    "9,6": -0.005713968674376581,
    "9,40": 0.0005535349320904871,
    "10,11": -0.0164,
    "12,39": 0.022266073660670405,
    "13,17": -0.03190808617581634,
    "14,24": 0.19763931078711497,
    "15,14": 0.20369931078711498,
    "18,13": -0.02441808617581634,
    "18,19": 0.02860854538816178,
    "19,20": -0.007705066382779521,
    "19,38": 0.0315036117709413,
    "20,18": 0.009220459212345438,
    "20,27": -0.046618321901909864,
    "21,20": -0.008652796306784904,
    "21,22": -0.003302910120482461,
    "22,23": -0.00551115076838917,
    "22,85": -0.008201759352093291,
    "23,21": 0.004984293572732635,
    "24,17": 0.1106386117709413,
    "24,25": 0.08045069901617367,
    "25,12": 0.022756073660670402,
    "26,17": -0.07596052559512495,
    "26,27": 0.06460376624303166,
    "26,83": 0.00857675935209329,
    "27,23": 0.012665444341121804,
    "28,29": -0.013009957664953012,
    "28,30": 0.004700646158053975,
    "29,35": -0.03681462535550327,
    "30,28": -0.004679311506899038,
    "30,33": 0.002117756198496454,
    "31,11": -0.007696280530654984,
    "31,32": 0.007519892301596282,
    "32,49": -0.0008288162147478793,
    "33,9": -0.0007804337422860934,
    "34,30": -0.0012622014664565601,
    "34,41": 0.003275349002679323,
    "35,25": -0.04728462535550327,
    "35,36": 0.00168,
    "37,31": 0.006223611770941298,
    "37,38": -0.0188636117709413,
    "39,34": 0.005103147536222763,
    "40,39": -0.0045229261244476415,
    "40,41": -0.00048353894346187047,
    "41,33": 0.00019181005921745255,
    "42,11": 0.05386628053065499,
    "43,42": 0.2194363882290587,
    "43,87": 0.025,
    "44,42": -0.16100010769840373,
    "44,57": 0.14414196420901434,
    "45,46": -0.0022986995163446597,
    "45,52": -0.0026849677605358707,
    "46,32": -0.005388708516344161,
    "47,48": 0.06498744324796661,
    "48,49": 0.009420195049604913,
    "49,50": 0.005181378834857035,
    "50,46": -8.999999501278455e-09,
    "50,51": -0.008881757919796063,
    "51,48": -0.0429372481983617,
    "51,53": 0.019786942245627923,
    "52,50": -0.0008531457546525985,
    "52,53": -0.008261822005883272,
    "54,55": 0.0038037263712886443,
    "54,84": -0.0038037263712886443,
    "55,61": -0.003505103450410069,
    "55,86": 0.0071387717230924335,
    "55,88": -0.004627115174125922,
    "55,89": -0.006502826727267797,
    "56,44": -0.00929814348938939,
    "56,47": 0.06557744324796662,
    "57,56": 0.06026929975857723,
    "58,57": -0.07612266445043711,
    "58,60": 0.011154981956595884,
    "59,60": 0.012991450846278868,
    "59,62": -0.03505802944557614,
    "60,61": 0.019006432802874753,
    "61,5": 0.010361329352464685,
    "62,2": 0.02055965304826508,
    "62,58": -0.06305768249384122,
    "65,6": 0.006543884103556872,
    "65,76": 0.04359541688026946,
    "76,8": 0.04359541688026946,
    "82,83": -0.004266734017006842,
    "82,85": 0.004261734017006842,
    "83,85": 0.004310025335086449,
    "84,88": -0.004343726371288645,
    "86,45": 0.0012263327231194694,
    "88,51": -0.010398548032937714,
    "88,89": -0.000722293512476853,
    "89,53": -0.008975120239744649
  },
  "h": {
    "1": 22.899999771000097,
    "2": 27.697663932604534,
    "3": 24.42563801319357,
    "4": 27.22036871068824,
    "5": 22.652699114849113,
    "6": 39.87544617343029,
    "7": 39.87544617343029,
    "8": 39.91136923900591,
    "9": 24.299999757000176,
    "10": 25.199999748001137,
    "11": 47.99999952000024,
    "12": 40.25946752906671,
    "13": 38.12285160032956,
    "14": 56.50233738334587,
    "15": 57,
    "17": 51.45912080499229,
    "18": 29.59225132900093,
    "19": 28.038300941272446,
    "20": 35.18708990224,
    "21": 28.870466886366472,
    "22": 30.702987229453484,
    "23": 32.22073508669576,
    "24": 54.671772889811685,
    "25": 44.68727370405313,
    "26": 51.35933504728721,
    "27": 44.67974117535243,
    "28": 27.40531976204794,
    "29": 28.174744073466403,
    "30": 24.722835536885455,
    "31": 25.708285927703947,
    "32": 22.900840008188798,
    "33": 24.248381714195304,
    "34": 24.40908386279016,
    "35": 28.416393990860186,
    "36": 27.630203045807285,
    "37": 26.6999997330002,
    "38": 27.737020607760343,
    "39": 26.109215895609534,
    "40": 24.250452638009985,
    "41": 24.25552067477466,
    "42": 50.82241577912136,
    "43": 53.08,
    "44": 49.139677745624965,
    "45": 21.874287398134463,
    "46": 22.49999977500036,
    "47": 35.890906418286725,
    "48": 33.88502519099466,
    "49": 22.901865483985766,
    "50": 22.499999775000322,
    "51": 32.35944931522688,
    "52": 22.45881697927273,
    "53": 30.894988432696678,
    "54": 24.682838127773728,
    "55": 24.197727632633093,
    "56": 36.264918257762275,
    "57": 44.152270637162154,
    "58": 36.714992450953275,
    "59": 34.99185441203211,
    "60": 28.862766955126933,
    "61": 27.243166253291722,
    "62": 35.56535672950119,
    "65": 55,
    "76": 52.29319164699615,
    "82": 42.73076616491125,
    "83": 42.75040195301051,
    "84": 25.254265973565648,
    "85": 41.790096919806665,
    "86": 22.512469959406676,
    "87": 52.04216997381988,
    "88": 25.714399767713612,
    "89": 25.73647666645662
  },
  "l": {
    "1,2,1": 977.3600001198581,
    "3,4,3": 443.1700001198713,
    "3,5,1": 1410.770000119901,
    "3,1,1": 269.61000011892617,
    "6,7,1": 116.52000011989652,
    "6,8,1": 203.06000011989633,
    "9,6,1": 2309.1400001198836,
    "10,11,1": 318.37859485479106,
    "10,11,3": 1161.6014052543574,
    "15,14,7": 43.970000119759206,
    "13,17,3": 589.1600001198113,
    "18,13,3": 618.5300001198736,
    "18,19,4": 341.1000001197114,
    "20,18,1": 341.92000011982054,
    "21,20,1": 434.24000011990324,
    "22,23,1": 240.59000011989647,
    "24,25,5": 957.440000119891,
    "14,24,7": 171.0400001197901,
    "24,17,5": 125.43198789737045,
    "24,17,6": 110.13801221258024,
    "26,17,4": 3.590000035805968,
    "26,27,4": 324.3600001199057,
    "21,22,1": 749.7400001198959,
    "23,21,1": 639.7000001198951,
    "27,23,1": 422.95000011988867,
    "20,27,4": 843.5200001199028,
    "19,20,1": 609.230000119866,
    "28,29,3": 179.04000011981313,
    "28,30,1": 570.9000001198829,
    "30,28,1": 575.7300001198831,
    "31,32,1": 250.2800001198958,
    "30,33,1": 442.11000011989313,
    "34,30,1": 762.3500001198958,
    "35,36,1": 1124.900000119897,
    "31,11,1": 1903.7500001198832,
    "37,31,1": 125.51000011990318,
    "37,38,3": 121.27000011985494,
    "19,38,4": 55.32000011990215,
    "40,39,1": 424.86000011988756,
    "40,41,1": 72.80000011989638,
    "9,40,1": 554.0800001198968,
    "33,9,1": 305.53000011989724,
    "41,33,1": 568.3500001198964,
    "34,41,1": 63.81000011988689,
    "39,34,1": 310.76000011988594,
    "12,39,3": 1217.1700001198724,
    "25,12,3": 365.82000011987327,
    "35,25,4": 1408.3300001199038,
    "29,35,4": 33.250000119766824,
    "8,29,1": 720.90000011987,
    "42,11,4": 64.76271015725011,
    "42,11,5": 376.92728995268504,
    "43,42,8": 332.9900001199061,
    "44,42,7": 229.85000011978406,
    "45,46,1": 500.920000119892,
    "47,48,4": 27.253113682313977,
    "47,48,5": 204.81688642762117,
    "32,49,1": 5.430000054266442,
    "46,32,1": 66.24000011993525,
    "50,46,1": 232.13000011989652,
    "49,50,1": 57.97687109679797,
    "49,50,3": 96.80312901235087,
    "48,49,1": 645.1000001198689,
    "51,48,4": 157.8700001199124,
    "50,51,1": 645.7900001198475,
    "52,50,1": 206.69000011989746,
    "51,53,3": 156.75000011983596,
    "54,55,1": 152.81000011989482,
    "56,47,5": 52.37000011885589,
    "44,57,6": 394.6700001197191,