{
  "iteration": 3,
  "objective": 1784316.6603644078,
  "solve_time": 112.60739922523499,
  "q": {
    "1,2": -0.004240334381715996,
    "2,4": 0.0021836364744383095,
    "3,1": 0.005769665618284004,
    "3,4": -0.012324101515569227,
    "3,5": -0.001945564102714778,
    "4,59": -0.018640465041130917,
    "5,86": 0.002597248180106008,
    "6,7": 0.0,
    "6,8": -0.0009330650795499277,
    "8,29": 0.05240064172007965,
    "9,6": -0.0057746813661670405,
    "9,40": 0.0008586897020056697,
    "10,11": -0.0164,
    "12,39": 0.020150854228316546,
    "13,17": -0.06380297676857705,
    "14,24": 0.15427525250496918,
    "15,14": 0.16033525250496916,
    "18,13": -0.05631297676857705,
    "18,19": 0.04134087717397815,
    "19,20": 0.005125301582762292,
    "19,38": 0.03140557559121585,
    "20,18": -0.009942099594598902,
    "20,27": -0.011282223999833044,
    "21,20": -0.005309625177194238,
    "21,22": -0.004969352184266228,
    "22,23": -0.006092151911942244,
    "22,85": -0.009287200272323985,
    "23,21": 0.006661022638539533,
    "24,17": 0.11054057559121586,
    "24,25": 0.03718467691375331,
    "25,12": 0.020640854228316546,
    "26,17": -0.04396759882263881,
    "26,27": 0.031525398550314825,
    "26,83": 0.009662200272323986,
    "27,23": 0.014923174550481777,
    "28,29": -0.015064464405516415,
    "28,30": 0.005730236009278331,
    "29,35": 0.004336177314563238,
    "30,28": -0.005704228396238083,
    "30,33": 0.0031709205662650225,
    "31,11": -0.007690921739155941,
    "31,32": 0.007416497330371795,
    "32,49": -0.0016195813566501093,
    "33,9": -0.0005359916641613702,
    "34,30": -0.0022635438392513913,
    "34,41": 0.003099517463141071,
    "35,25": -0.006133822685436762,
    "35,36": 0.00168,
    "37,31": 0.006125575591215854,
    "37,38": -0.018765575591215854,
    "39,34": 0.00392597362388968,
    "40,39": -0.0035848806044268653,
    "40,41": -0.0011164296935674645,
    "41,33": -0.000616912230426393,
    "42,11": 0.05386092173915595,
    "43,42": 0.21953442440878415,
    "43,87": 0.025,
    "44,42": -0.1611035026696282,
    "44,57": 0.14439802594324344,
    "45,46": -0.002015940865341393,
    "45,52": -0.0022274804524263165,
    "46,32": -0.006076078687021905,
    "47,48": 0.06314277115914019,
    "48,49": 0.00912285270992999,
    "49,50": 0.004093271353279882,
    "50,46": -0.0009701378216805123,
    "50,51": -0.008699143950160405,
    "51,48": -0.041389918449210195,
    "51,53": 0.019041000421976036,
    "52,50": -0.0005525531251207986,
    "52,53": -0.008104927327305519,
    "54,55": 0.00348748688106763,
    "54,84": -0.00348748688106763,
    "55,61": -0.0034034833303820135,
    "55,86": 0.005829330502126283,
    "55,88": -0.004256977114692285,
    "55,89": -0.005981383175984354,
    "56,44": -0.009145476726384773,
    "56,47": 0.06373277115914018,
    "57,56": 0.05857729443275542,
    "58,57": -0.07807073151048803,
    "58,60": 0.008163758760168015,
    "59,60": 0.02218253685303478,
    "59,62": -0.0417030018941657,
    "60,61": 0.025206295613202798,
    "61,5": 0.016662812282820787,
    "62,2": 0.018853970856154305,
    "62,58": -0.06799697275032,
    "65,6": 0.006471616286617112,
    "65,76": 0.08693370679962958,
    "76,8": 0.08693370679962958,
    "82,83": -0.004806403417081902,
    "82,85": 0.004801403417081902,
    "83,85": 0.004855796855242084,
    "84,88": -0.00402748688106763,
    "86,45": 0.001966578682232291,
    "88,51": -0.00977977407707375,
    "88,89": -0.0006546899186861654,
    "89,53": -0.008386073094670519
  },
  "h": {
    "1": 22.90000000000016,
    "2": 26.694380561646316,
    "3": 24.75151962892182,
    "4": 26.474284499670215,
    "5": 26.045446986647935,
    "6": 40.18332780897797,
    "7": 40.18332780897797,
    "8": 40.23108542266895,
    "9": 24.3000000000002,
    "10": 25.200000000001136,
    "11": 48.00000000000024,
    "12": 37.158802851799315,
    "13": 40.976187898139585,
    "14": 56.323245688506596,
    "15": 57,
    "17": 52.0511334521656,
    "18": 31.099463497361512,
    "19": 28.026607897307315,
    "20": 24.666733925614313,
    "21": 22.109977047091487,
    "22": 26.014780687339552,
    "23": 27.84209932735224,
    "24": 53.87202060130371,
    "25": 40.85470090780082,
    "26": 51.903985847139865,
    "27": 44.72399987331711,
    "28": 29.147381023177903,
    "29": 30.156859846400042,
    "30": 25.276258996417837,
    "31": 25.73702341809126,
    "32": 23.00064763854438,
    "33": 24.27426075093131,
    "34": 24.35078377148721,
    "35": 30.022318674648627,
    "36": 29.236127729675893,
    "37": 26.70000000000019,
    "38": 27.727061611996213,
    "39": 25.39684471413576,
    "40": 24.188267748923828,
    "41": 24.212137969019796,
    "42": 50.82054739670574,
    "43": 53.08,
    "44": 48.59643380858243,
    "45": 22.009315242600405,
    "46": 22.500000000000203,
    "47": 35.0587407113748,
    "48": 33.35395572454211,
    "49": 23.00419377187294,
    "50": 22.44132026738159,
    "51": 31.928631698227264,
    "52": 22.422898236049384,
    "53": 30.56477139378099,
    "54": 25.110682837375712,
    "55": 24.69761021702411,
    "56": 36.11043069100707,
    "57": 43.59260570034932,
    "58": 34.7180838271939,
    "59": 32.605199366914604,
    "60": 30.31353941885698,
    "61": 27.58155176180474,
    "62": 33.39613036847705,
    "65": 55,
    "76": 53.14399956838485,
    "82": 41.14466505470568,
    "83": 41.16914680036926,
    "84": 25.597254865798895,
    "85": 39.971559901681275,
    "86": 23.539682648051183,
    "87": 52.042169984352086,
    "88": 25.99727888807968,
    "89": 26.015682297873177
  },
  "l": {
    "1,2,1": 977.3599999998505,
    "3,4,3": 443.1699999997214,
    "3,5,1": 1410.7699999998706,
    "3,1,1": 269.6099999996641,
    "6,7,1": 116.51999999987328,
    "6,8,1": 203.059999999873,
    "9,6,1": 2309.139999999859,
    "10,11,1": 318.37860043733446,
    "10,11,3": 1161.601399561814,
    "15,14,6": 43.96999999989181,
    "13,17,4": 530.6172167595801,
    "13,17,5": 58.54278324035499,
    "18,13,4": 618.5299999997904,
    "18,19,4": 341.0999999998901,
    "20,18,1": 341.9199999998866,
    "21,20,1": 434.2399999998813,
    "22,23,1": 240.58999999987205,
    "24,25,3": 261.7641362841894,
    "24,25,4": 695.6758637157408,
    "14,24,6": 171.03999999990074,
    "24,17,6": 235.56999999977003,
    "26,17,3": 3.5899999995746623,
    "26,27,3": 324.3599999998379,
    "21,22,1": 749.7399999998694,
    "23,21,1": 639.6999999998661,
    "27,23,1": 422.9499999998188,
    "20,27,1": 843.5199999998284,
    "19,20,1": 609.2299999998833,
    "28,29,3": 179.03999999978723,
    "28,30,1": 570.8999999998483,
    "30,28,1": 575.7299999998486,
    "31,32,1": 250.27999999985033,
    "30,33,1": 442.1099999998636,
    "34,30,1": 762.3499999998706,
    "35,36,1": 1124.8999999998732,
    "31,11,1": 1903.749999999852,
    "37,31,1": 125.50999999987188,
    "37,38,3": 121.26999999970695,
    "19,38,4": 55.319999999892474,
    "40,39,1": 424.8599999998668,
    "40,41,1": 72.79999999987275,
    "9,40,1": 554.079999999874,
    "33,9,1": 305.5299999998738,
    "41,33,1": 568.3499999998736,
    "34,41,1": 63.809999999863905,
    "39,34,1": 310.75999999986624,
    "12,39,3": 1217.1699999998173,
    "25,12,3": 365.8199999998228,
    "35,25,1": 1408.3299999998712,
    "29,35,1": 33.249999999874234,
    "8,29,4": 720.8999999998944,
    "42,11,4": 64.6242807708559,
    "42,11,5": 377.0657192290792,
    "43,42,8": 332.98999999989013,
    "44,42,6": 65.79013108148814,
    "44,42,7": 164.05986891841414,
    "45,46,1": 500.91999999987513,
    "47,48,4": 12.198242041028012,
    "47,48,5": 219.87175795890715,
    "32,49,1": 5.4299999998715895,
    "46,32,1": 66.2399999998263,
    "50,46,1": 232.12999999987468,
    "49,50,1": 154.77999999987256,
    "48,49,1": 645.0999999997968,
    "51,48,4": 157.86999999989067,
    "50,51,1": 645.7899999998109,
    "52,50,1": 206.68999999987352,
    "51,53,3": 156.74999999975267,
    "54,55,1": 152.80999999987188,
    "56,47,4": 52.36999999998961,
    "44,57,6": 394.6699999998607,